{"directed": false, "graph": {"style": "filled", "data_type": "ChiA-PET", "tissue_type": "Adipose_Visceral_Omentum", "genome_version": "GRCh37.p13", "species": "Homo_Sapiens", "target_gene": "HIF1A,HIF1A-AS2"}, "nodes": [{"style": "filled", "gen_chrom": "chr14", "all_ref": "C", "name": "chr14:g.61937430C>G", "color": "orange", "all_alt": "G", "mid": 61885962.0, "gen_start": 61937430, "rsid": "rs138499308", "gen_end": 61937430, "cadd_score": 0.651933, "y": "0.57299", "x": "0.77848", "z": "0.94703", "id": "chr14:g.61937430C>G", "size": 10}, {"style": "filled", "gen_chrom": "chr14", "all_ref": "A", "name": "chr14:g.61788876A>T", "color": "orange", "all_alt": "T", "mid": 61737408.0, "gen_start": 61788876, "gen_end": 61788876, "cadd_score": -1.179458, "y": "0.88879", "x": "0.81281", "z": "0.32932", "id": "chr14:g.61788876A>T", "size": 10}, {"style": "filled", "gen_chrom": "chr14", "all_ref": "A", "name": "chr14:g.62217753A>C", "color": "orange", "all_alt": "C", "mid": 62166285.0, "gen_start": 62217753, "gen_end": 62217753, "cadd_score": 0.009145, "y": "0.71288", "x": "0.0", "z": "0.58342", "deep_score": "RBFOX1:7.05, ", "id": "chr14:g.62217753A>C", "size": 10}, {"style": "filled", "gen_chrom": "chr14", "all_ref": "A", "name": "chr14:g.61937372A>G", "color": "orange", "all_alt": "G", "mid": 61885904.0, "gen_start": 61937372, "rsid": "rs187763817", "gen_end": 61937372, "cadd_score": 0.458672, "y": "0.6112", "x": "0.7058", "z": "0.97033", "deep_score": "HNRNPC:3.04, ", "id": "chr14:g.61937372A>G", "size": 10}, {"style": "filled", "gen_chrom": "chr14", "all_ref": "A", "name": "chr14:g.61788876A>G", "color": "orange", "all_alt": "G", "mid": 61737408.0, "gen_start": 61788876, "gen_end": 61788876, "cadd_score": -0.673832, "y": "0.86531", "x": "0.78015", "z": "0.24561", "id": "chr14:g.61788876A>G", "size": 10}, {"style": "filled", "name": "chr14:62304376-62304625", "color": "grey", "mid": 62253032.5, "dist2anchor": 0, "y": "0.24614", "x": "0.53459", "z": "0.83085", "id": "chr14:62304376-62304625", "size": 20}, {"style": "filled", "gen_chrom": "chr14", "all_ref": "C", "name": "chr14:g.61937133C>T", "color": "orange", "all_alt": "T", "mid": 61885665.0, "gen_start": 61937133, "rsid": "rs11623371", "gen_end": 61937133, "cadd_score": 0.445292, "gtex_eqtl_pval": 0.549883, "y": "0.3369", "x": "0.73665", "z": "0.94241", "id": "chr14:g.61937133C>T", "size": 10}, {"style": "filled", "gen_chrom": "chr14", "all_ref": "G", "name": "chr14:g.62304486G>T", "color": "orange", "all_alt": "T", "mid": 62253018.0, "gen_start": 62304486, "rsid": "rs193100045", "gen_end": 62304486, "cadd_score": 0.06411, "y": "0.14262", "x": "0.53406", "z": "0.87411", "id": "chr14:g.62304486G>T", "size": 10}, {"style": "filled", "gen_chrom": "chr14", "all_ref": "C", "name": "chr14:g.62229191C>T", "color": "orange", "all_alt": "T", "mid": 62177723.0, "gen_start": 62229191, "gen_end": 62229191, "cadd_score": -0.68814, "y": "0.02298", "x": "0.25871", "z": "0.5891", "id": "chr14:g.62229191C>T", "size": 10}, {"style": "filled", "gen_chrom": "chr14", "all_ref": "C", "name": "chr14:g.61937025C>T", "color": "orange", "all_alt": "T", "mid": 61885557.0, "gen_start": 61937025, "rsid": "rs186788786", "gen_end": 61937025, "cadd_score": 0.246333, "y": "0.37795", "x": "0.90349", "z": "0.813", "id": "chr14:g.61937025C>T", "size": 10}, {"style": "filled", "gen_chrom": "chr14", "all_ref": "C", "name": "chr14:g.61933499C>T", "color": "orange", "all_alt": "T", "mid": 61882031.0, "gen_start": 61933499, "rsid": "rs147806512", "gen_end": 61933499, "cadd_score": 0.129008, "y": "0.66513", "x": "0.10697", "z": "0.15278", "id": "chr14:g.61933499C>T", "size": 10}, {"style": "filled", "gen_chrom": "chr14", "all_ref": "A", "name": "chr14:g.61933299A>G", "color": "orange", "all_alt": "G", "grasp_pmid": "20081858,20081858,20383146,", "mid": 61881831.0, "gen_start": 61933299, "rsid": "rs12147749", "gen_end": 61933299, "cadd_score": 1.560593, "grasp_pheno": "Glucose_homeostasis_traits_(fasting_glucose,_,_fasting_insulin,_,_HOMA-B,_,_HOMA-IR),_,_Glucose_homeostasis_traits_(fasting_glucose,_,_fasting_insulin,_,_HOMA-B,_,_HOMA-IR),_,_Chronic_kidney_disease_(CKD)_and_renal_traits,", "y": "0.7157", "x": "0.07544", "z": "0.25717", "id": "chr14:g.61933299A>G", "size": 10}, {"style": "filled", "gen_chrom": "chr14", "all_ref": "C", "name": "chr14:g.62229191C>G", "color": "orange", "all_alt": "G", "mid": 62177723.0, "gen_start": 62229191, "gen_end": 62229191, "cadd_score": -1.511218, "y": "0.11585", "x": "0.29881", "z": "0.80419", "id": "chr14:g.62229191C>G", "size": 10}, {"style": "filled", "gen_chrom": "chr14", "all_ref": "A", "name": "chr14:g.62218267A>G", "color": "orange", "all_alt": "G", "mid": 62166799.0, "gen_start": 62218267, "rsid": "rs149905118", "gen_end": 62218267, "cadd_score": -0.18118, "y": "0.74074", "x": "0.02667", "z": "0.66569", "deep_score": "PABPC4:3.07, ", "id": "chr14:g.62218267A>G", "size": 10}, {"style": "filled", "gen_chrom": "chr14", "all_ref": "G", "name": "chr14:g.61969063G>A", "color": "orange", "all_alt": "A", "mid": 61917595.0, "gen_start": 61969063, "rsid": "rs146891033", "gen_end": 61969063, "cadd_score": 0.04655, "y": "0.13055", "x": "0.46391", "z": "0.12244", "deep_score": "RPC155:3.16, ", "id": "chr14:g.61969063G>A", "size": 10}, {"style": "filled", "gen_chrom": "chr14", "all_ref": "A", "name": "chr14:g.62217781A>C", "color": "orange", "all_alt": "C", "mid": 62166313.0, "gen_start": 62217781, "gen_end": 62217781, "cadd_score": -0.09191, "y": "0.69381", "x": "0.11096", "z": "0.8459", "id": "chr14:g.62217781A>C", "size": 10}, {"style": "filled", "name": "chr14:62303629-62305299", "color": "green", "mid": 88658.0, "tfbs": "CTCF,CTCF_(C-20),CTCF_(SC-5916),GTF2F1_(RAP-74),JunD,PU.1,RFX5_(N-494),Rad21,SMC3_(ab9263),YY1_(C-20),Znf143_(16618-1-AP),c-Myc", "y": "0.46952", "x": "0.47319", "z": "0.60036", "id": "chr14:62303629-62305299", "size": 25}, {"style": "filled", "gen_chrom": "chr14", "all_ref": "A", "name": "chr14:g.62217756A>C", "color": "orange", "all_alt": "C", "mid": 62166288.0, "gen_start": 62217756, "rsid": "rs866794570", "gen_end": 62217756, "cadd_score": 0.042021, "y": "0.80103", "x": "0.14973", "z": "0.80938", "deep_score": "RBFOX1:9.47, ", "id": "chr14:g.62217756A>C", "size": 10}, {"style": "filled", "gen_chrom": "chr14", "all_ref": "T", "name": "chr14:g.62229187T>C", "color": "orange", "all_alt": "C", "mid": 62177719.0, "gen_start": 62229187, "gen_end": 62229187, "cadd_score": -0.079984, "y": "0.09346", "x": "0.13678", "z": "0.53457", "id": "chr14:g.62229187T>C", "size": 10}, {"style": "filled", "gen_chrom": "chr14", "all_ref": "G", "name": "chr14:g.62217804G>C", "color": "orange", "all_alt": "C", "mid": 62166336.0, "gen_start": 62217804, "gen_end": 62217804, "cadd_score": 0.061925, "y": "0.75237", "x": "0.20312", "z": "0.88317", "id": "chr14:g.62217804G>C", "size": 10}, {"style": "filled", "gen_chrom": "chr14", "all_ref": "A", "name": "chr14:g.61937485A>G", "color": "orange", "all_alt": "G", "mid": 61886017.0, "gen_start": 61937485, "rsid": "rs141425104", "gen_end": 61937485, "cadd_score": 0.214978, "y": "0.49651", "x": "0.68282", "z": "1.0", "deep_score": "HSFY2:5.46, ", "id": "chr14:g.61937485A>G", "size": 10}, {"style": "filled", "gen_chrom": "chr14", "all_ref": "A", "name": "chr14:g.62217781A>T", "color": "orange", "all_alt": "T", "mid": 62166313.0, "gen_start": 62217781, "gen_end": 62217781, "cadd_score": 0.017088, "y": "0.851", "x": "0.2471", "z": "0.84226", "id": "chr14:g.62217781A>T", "size": 10}, {"style": "filled", "gen_chrom": "chr14", "all_ref": "A", "name": "chr14:g.62229435A>C", "color": "orange", "all_alt": "C", "mid": 62177967.0, "gen_start": 62229435, "rsid": "rs183763930", "gen_end": 62229435, "cadd_score": -0.12766, "y": "0.02513", "x": "0.2519", "z": "0.49425", "id": "chr14:g.62229435A>C", "size": 10}, {"style": "filled", "name": "chr14:61932673-61933991", "color": "grey", "mid": -282474.0, "tfbs": "CEBPB,FOXA2_(SC-6554),GR,JunD,Rad21,SMC3_(ab9263),SP1,STAT3,TAF1,TBP,USF-1,c-Fos,p300,p300_(N-15)", "y": "0.58508", "x": "0.44541", "z": "0.46704", "id": "chr14:61932673-61933991", "size": 20}, {"style": "filled", "gen_chrom": "chr14", "all_ref": "A", "name": "chr14:g.61933545A>T", "color": "orange", "all_alt": "T", "mid": 61882077.0, "gen_start": 61933545, "rsid": "rs150256957", "gen_end": 61933545, "cadd_score": 0.226211, "y": "0.53422", "x": "0.09616", "z": "0.14268", "id": "chr14:g.61933545A>T", "size": 10}, {"style": "filled", "name": "chr14:62217602-62218307", "color": "grey", "mid": 62166486.5, "dist2anchor": 0, "y": "0.78306", "x": "0.14798", "z": "0.70071", "id": "chr14:62217602-62218307", "size": 20}, {"style": "filled", "gen_chrom": "chr14", "all_ref": "G", "name": "chr14:g.61969549G>C", "color": "orange", "all_alt": "C", "grasp_pmid": "20383146,20686565,20881960,21637794,", "mid": 61918081.0, "gen_start": 61969549, "id": "chr14:g.61969549G>C", "rsid": "rs10143237", "gen_end": 61969549, "cadd_score": 0.016625, "grasp_pheno": "Chronic_kidney_disease_(CKD)_and_renal_traits,Lipid_level_measurements,Height,Gene_expression_in_liver,", "y": "0.16575", "x": "0.7041", "z": "0.15122", "gtex_eqtl_pval": 0.294113, "size": 10}, {"style": "filled", "gen_chrom": "chr14", "all_ref": "G", "name": "chr14:g.61936979G>A", "color": "orange", "all_alt": "A", "grasp_pmid": "20339536", "mid": 61885511.0, "gen_start": 61936979, "id": "chr14:g.61936979G>A", "rsid": "rs11623383", "gen_end": 61936979, "cadd_score": 0.140909, "grasp_pheno": "Response_to_statin_treatment_(simvastatin,__pravastatin,__atorvastatin),__change_in_cholesterol_levels,_,_", "y": "0.43537", "x": "0.74572", "z": "0.96709", "gtex_eqtl_pval": 0.527994, "size": 10}, {"style": "filled", "gen_chrom": "chr14", "all_ref": "A", "name": "chr14:g.61788876A>C", "color": "orange", "all_alt": "C", "mid": 61737408.0, "gen_start": 61788876, "gen_end": 61788876, "cadd_score": -1.256933, "y": "0.78955", "x": "0.82801", "z": "0.21382", "id": "chr14:g.61788876A>C", "size": 10}, {"style": "filled", "gen_chrom": "chr14", "all_ref": "G", "name": "chr14:g.61933516G>A", "color": "orange", "all_alt": "A", "mid": 61882048.0, "gen_start": 61933516, "rsid": "rs140185001", "gen_end": 61933516, "cadd_score": 0.177033, "y": "0.73019", "x": "0.34381", "z": "0.04012", "id": "chr14:g.61933516G>A", "size": 10}, {"style": "filled", "gen_chrom": "chr14", "all_ref": "C", "name": "chr14:g.61937119C>T", "color": "orange", "all_alt": "T", "mid": 61885651.0, "gen_start": 61937119, "rsid": "rs114591496", "gen_end": 61937119, "cadd_score": 0.048567, "y": "0.52395", "x": "0.94191", "z": "0.77565", "id": "chr14:g.61937119C>T", "size": 10}, {"style": "filled", "name": "chr14:62278602-62279992", "color": "grey", "mid": 63491.0, "tfbs": "CtBP2", "y": "0.77633", "x": "0.56437", "z": "0.62283", "id": "chr14:62278602-62279992", "size": 20}, {"style": "filled", "gen_chrom": "chr14", "all_ref": "G", "name": "chr14:g.61788885G>C", "color": "orange", "all_alt": "C", "mid": 61737417.0, "gen_start": 61788885, "gen_end": 61788885, "cadd_score": -0.539099, "y": "0.59384", "x": "0.98867", "z": "0.38976", "id": "chr14:g.61788885G>C", "size": 10}, {"style": "filled", "gen_chrom": "chr14", "all_ref": "G", "name": "chr14:g.61788885G>A", "color": "orange", "all_alt": "A", "mid": 61737417.0, "gen_start": 61788885, "gen_end": 61788885, "cadd_score": -0.204629, "y": "0.85655", "x": "0.87494", "z": "0.53018", "id": "chr14:g.61788885G>A", "size": 10}, {"style": "filled", "gen_chrom": "chr14", "all_ref": "G", "name": "chr14:g.61788885G>T", "color": "orange", "all_alt": "T", "mid": 61737417.0, "gen_start": 61788885, "gen_end": 61788885, "cadd_score": -0.530671, "y": "0.76248", "x": "0.95189", "z": "0.51242", "id": "chr14:g.61788885G>T", "size": 10}, {"style": "filled", "gen_chrom": "chr14", "all_ref": "G", "name": "chr14:g.61969639G>A", "color": "orange", "all_alt": "A", "mid": 61918171.0, "gen_start": 61969639, "rsid": "rs192158885", "gen_end": 61969639, "cadd_score": 0.309055, "y": "0.35993", "x": "0.55875", "z": "0.0", "id": "chr14:g.61969639G>A", "size": 10}, {"style": "filled", "gen_chrom": "chr14", "all_ref": "C", "name": "chr14:g.61969569C>T", "color": "orange", "all_alt": "T", "mid": 61918101.0, "gen_start": 61969569, "rsid": "rs189053504", "gen_end": 61969569, "cadd_score": 2.206636, "y": "0.09813", "x": "0.69745", "z": "0.23369", "id": "chr14:g.61969569C>T", "size": 10}, {"style": "filled", "gen_chrom": "chr14", "all_ref": "G", "name": "chr14:g.62229434G>C", "color": "orange", "all_alt": "C", "mid": 62177966.0, "gen_start": 62229434, "rsid": "rs7151978", "gen_end": 62229434, "cadd_score": -0.024419, "gtex_eqtl_pval": 0.680181, "y": "0.20877", "x": "0.19149", "z": "0.8341", "id": "chr14:g.62229434G>C", "size": 10}, {"style": "filled", "gen_chrom": "chr14", "all_ref": "C", "name": "chr14:g.62229200C>A", "color": "orange", "all_alt": "A", "mid": 62177732.0, "gen_start": 62229200, "gen_end": 62229200, "cadd_score": -0.115496, "y": "0.23963", "x": "0.10051", "z": "0.76258", "deep_score": "CNOT4:-4.79, ", "id": "chr14:g.62229200C>A", "size": 10}, {"style": "filled", "gen_chrom": "chr14", "all_ref": "T", "name": "chr14:g.61788846T>C", "color": "orange", "all_alt": "C", "mid": 61737378.0, "gen_start": 61788846, "gen_end": 61788846, "cadd_score": -0.3109, "y": "0.66826", "x": "0.98801", "z": "0.45678", "id": "chr14:g.61788846T>C", "size": 10}, {"style": "filled", "gen_chrom": "chr14", "all_ref": "C", "name": "chr14:g.61969021C>T", "color": "orange", "all_alt": "T", "mid": 61917553.0, "gen_start": 61969021, "rsid": "rs184684073", "gen_end": 61969021, "cadd_score": -0.139899, "y": "0.35091", "x": "0.69406", "z": "0.0365", "id": "chr14:g.61969021C>T", "size": 10}, {"style": "filled", "gen_chrom": "chr14", "all_ref": "A", "name": "chr14:g.61937384A>G", "color": "orange", "all_alt": "G", "mid": 61885916.0, "gen_start": 61937384, "rsid": "rs10136473", "gen_end": 61937384, "cadd_score": 0.896494, "gtex_eqtl_pval": 0.110364, "y": "0.30616", "x": "0.91117", "z": "0.74656", "id": "chr14:g.61937384A>G", "size": 10}, {"style": "filled", "name": "chr14:61941509-61942904", "color": "grey", "mid": -273599.5, "tfbs": "CEBPB,CTCF,CTCF_(C-20),CTCF_(SC-5916),Rad21,SMC3_(ab9263),STAT3", "y": "0.42746", "x": "0.45616", "z": "0.445", "id": "chr14:61941509-61942904", "size": 20}, {"style": "filled", "gen_chrom": "chr14", "all_ref": "C", "name": "chr14:g.62218049C>G", "color": "orange", "all_alt": "G", "mid": 62166581.0, "gen_start": 62218049, "rsid": "rs61547613", "gen_end": 62218049, "cadd_score": -0.037401, "y": "0.64715", "x": "0.00237", "z": "0.6923", "id": "chr14:g.62218049C>G", "size": 10}, {"style": "filled", "gen_chrom": "chr14", "all_ref": "T", "name": "chr14:g.62218261T>C", "color": "orange", "all_alt": "C", "mid": 62166793.0, "gen_start": 62218261, "rsid": "rs138995866", "gen_end": 62218261, "cadd_score": -0.140979, "y": "0.87934", "x": "0.13086", "z": "0.67364", "id": "chr14:g.62218261T>C", "size": 10}, {"style": "filled", "gen_chrom": "chr14", "all_ref": "A", "name": "chr14:g.61969279A>C", "color": "orange", "all_alt": "C", "mid": 61917811.0, "gen_start": 61969279, "rsid": "rs145640522", "gen_end": 61969279, "cadd_score": 0.044452, "y": "0.27883", "x": "0.76227", "z": "0.10196", "id": "chr14:g.61969279A>C", "size": 10}, {"style": "filled", "gen_chrom": "chr14", "all_ref": "T", "name": "chr14:g.62217788T>C", "color": "orange", "all_alt": "C", "mid": 62166320.0, "gen_start": 62217788, "gen_end": 62217788, "cadd_score": -0.181839, "y": "0.66849", "x": "0.05005", "z": "0.77659", "id": "chr14:g.62217788T>C", "size": 10}, {"style": "filled", "gen_chrom": "chr14", "all_ref": "T", "name": "chr14:g.62217788T>G", "color": "orange", "all_alt": "G", "mid": 62166320.0, "gen_start": 62217788, "gen_end": 62217788, "cadd_score": 0.018128, "y": "0.81693", "x": "0.05164", "z": "0.56511", "id": "chr14:g.62217788T>G", "size": 10}, {"style": "filled", "gen_chrom": "chr14", "all_ref": "A", "name": "chr14:g.61933271A>G", "color": "orange", "all_alt": "G", "mid": 61881803.0, "gen_start": 61933271, "rsid": "rs80356401", "gen_end": 61933271, "cadd_score": 1.56899, "y": "0.8183", "x": "0.36185", "z": "0.09056", "deep_score": "FOXD3:22.22, FOXD2:21.42, FOXC1:10.49, FOXA2:6.13, FOXA1:5.72, ", "id": "chr14:g.61933271A>G", "size": 10}, {"style": "filled", "gen_chrom": "chr14", "all_ref": "T", "name": "chr14:g.61788828T>C", "color": "orange", "all_alt": "C", "mid": 61737360.0, "gen_start": 61788828, "rsid": "rs866830738", "gen_end": 61788828, "cadd_score": -0.217821, "y": "0.71103", "x": "0.85089", "z": "0.18268", "id": "chr14:g.61788828T>C", "size": 10}, {"style": "filled", "gen_chrom": "chr14", "all_ref": "G", "name": "chr14:g.61937081G>A", "color": "orange", "all_alt": "A", "mid": 61885613.0, "gen_start": 61937081, "rsid": "rs192004698", "gen_end": 61937081, "cadd_score": 0.162762, "y": "0.51377", "x": "0.87277", "z": "0.8736", "id": "chr14:g.61937081G>A", "size": 10}, {"style": "filled", "gen_chrom": "chr14", "all_ref": "C", "name": "chr14:g.61969437C>T", "color": "orange", "all_alt": "T", "mid": 61917969.0, "gen_start": 61969437, "rsid": "rs73307031", "gen_end": 61969437, "cadd_score": 0.179751, "y": "0.06869", "x": "0.5756", "z": "0.22236", "deep_score": "KHDRBS1:3.06, ", "id": "chr14:g.61969437C>T", "size": 10}, {"style": "filled", "name": "chr14:62221451-62222721", "color": "red", "mid": 6280.0, "tfbs": "CtBP2,Pol2,Pol2(b),Pol2-4H8,SP1,TCF12,USF-1,USF2,p300", "y": "0.34576", "x": "0.27203", "z": "0.86535", "id": "chr14:62221451-62222721", "size": 25}, {"style": "filled", "gen_chrom": "chr14", "all_ref": "C", "name": "chr14:g.61933068C>T", "color": "orange", "all_alt": "T", "mid": 61881600.0, "gen_start": 61933068, "rsid": "rs144176238", "gen_end": 61933068, "cadd_score": 0.481895, "y": "0.79446", "x": "0.12729", "z": "0.22634", "id": "chr14:g.61933068C>T", "size": 10}, {"style": "filled", "gen_chrom": "chr14", "all_ref": "A", "name": "chr14:g.61937224A>G", "color": "orange", "all_alt": "G", "grasp_pmid": "20081858", "mid": 61885756.0, "gen_start": 61937224, "id": "chr14:g.61937224A>G", "rsid": "rs3783786", "gen_end": 61937224, "cadd_score": 0.181661, "grasp_pheno": "Glucose_homeostasis_traits_(fasting_glucose,__fasting_insulin,__HOMA-B,__HOMA-IR),_,_", "y": "0.2623", "x": "0.8354", "z": "0.80505", "gtex_eqtl_pval": 0.280575, "size": 10}, {"style": "filled", "gen_chrom": "chr14", "all_ref": "C", "name": "chr14:g.62229188C>T", "color": "orange", "all_alt": "T", "mid": 62177720.0, "gen_start": 62229188, "rsid": "rs137940550", "gen_end": 62229188, "cadd_score": -0.305374, "y": "0.02165", "x": "0.34919", "z": "0.69761", "id": "chr14:g.62229188C>T", "size": 10}, {"style": "filled", "gen_chrom": "chr14", "all_ref": "G", "name": "chr14:g.62217771G>C", "color": "orange", "all_alt": "C", "mid": 62166303.0, "gen_start": 62217771, "gen_end": 62217771, "cadd_score": 0.062711, "y": "0.93134", "x": "0.225", "z": "0.71173", "deep_score": "RBFOX1:6.61, ", "id": "chr14:g.62217771G>C", "size": 10}, {"style": "filled", "gen_chrom": "chr14", "all_ref": "A", "name": "chr14:g.62229203A>G", "color": "orange", "all_alt": "G", "mid": 62177735.0, "gen_start": 62229203, "gen_end": 62229203, "cadd_score": -1.727427, "y": "0.08925", "x": "0.15407", "z": "0.45849", "id": "chr14:g.62229203A>G", "size": 10}, {"style": "filled", "gen_chrom": "chr14", "all_ref": "C", "name": "chr14:g.61933294C>T", "color": "orange", "all_alt": "T", "mid": 61881826.0, "gen_start": 61933294, "rsid": "rs12101078", "gen_end": 61933294, "cadd_score": 1.481162, "y": "0.86075", "x": "0.19625", "z": "0.22075", "id": "chr14:g.61933294C>T", "size": 10}, {"style": "filled", "gen_chrom": "chr14", "all_ref": "A", "name": "chr14:g.61788856A>C", "color": "orange", "all_alt": "C", "mid": 61737388.0, "gen_start": 61788856, "gen_end": 61788856, "cadd_score": -0.247696, "y": "0.67015", "x": "0.95633", "z": "0.31741", "id": "chr14:g.61788856A>C", "size": 10}, {"style": "filled", "gen_chrom": "chr14", "all_ref": "C", "name": "chr14:g.62229188C>A", "color": "orange", "all_alt": "A", "mid": 62177720.0, "gen_start": 62229188, "gen_end": 62229188, "cadd_score": -0.976452, "y": "0.0", "x": "0.34846", "z": "0.58466", "id": "chr14:g.62229188C>A", "size": 10}, {"style": "filled", "name": "chr14:61787402-61788945", "color": "grey", "mid": 61736705.5, "dist2anchor": 0, "y": "0.76221", "x": "0.88424", "z": "0.35492", "id": "chr14:61787402-61788945", "size": 20}, {"style": "filled", "gen_chrom": "chr14", "all_ref": "C", "name": "chr14:g.62229188C>G", "color": "orange", "all_alt": "G", "mid": 62177720.0, "gen_start": 62229188, "gen_end": 62229188, "cadd_score": -0.318367, "y": "0.15501", "x": "0.08887", "z": "0.61357", "id": "chr14:g.62229188C>G", "size": 10}, {"style": "filled", "gene": true, "name": "SNAPC1: chr14:62228463-62229700", "color": "blue", "mid": 13268, "fpkm": 72.68771, "tfbs": "CCNT2,CTCF,E2F6,E2F6_(H-50),ELF1_(SC-631),ETS1,FOXA1_(C-20),FOXA1_(SC-101058),FOXA2_(SC-6554),GABP,GTF2F1_(RAP-74),HEY1,Max,Mxi1_(bHLH),NRSF,Nrf1,Oct-2,POU2F2,Pbx3,Pol2,Pol2(b),Pol2(phosphoS2),Pol2-4H8,RFX5_(N-494),Sin3Ak-20,TAF1,TAF7_(SQ-8),TBP,USF1_(SC-8983),YY1,YY1_(C-20),ZNF263,c-Myc", "y": "0.34631", "x": "0.3413", "z": "0.71122", "id": "chr14:62228463-62229700", "size": 25}, {"style": "filled", "name": "chr14:62228518-62229621", "color": "grey", "mid": 62177601.5, "dist2anchor": 0, "y": "0.12517", "x": "0.20118", "z": "0.65437", "id": "chr14:62228518-62229621", "size": 20}, {"style": "filled", "gen_chrom": "chr14", "all_ref": "A", "name": "chr14:g.61936906A>T", "color": "orange", "all_alt": "T", "mid": 61885438.0, "gen_start": 61936906, "rsid": "rs183534826", "gen_end": 61936906, "cadd_score": -0.158144, "y": "0.31791", "x": "0.81733", "z": "0.87986", "id": "chr14:g.61936906A>T", "size": 10}, {"style": "filled", "gen_chrom": "chr14", "all_ref": "C", "name": "chr14:g.61933495C>A", "color": "orange", "all_alt": "A", "mid": 61882027.0, "gen_start": 61933495, "rsid": "rs111972386", "gen_end": 61933495, "cadd_score": 0.390261, "y": "0.83145", "x": "0.27322", "z": "0.13389", "id": "chr14:g.61933495C>A", "size": 10}, {"style": "filled", "gen_chrom": "chr14", "all_ref": "T", "name": "chr14:g.61937164T>C", "color": "orange", "all_alt": "C", "grasp_pmid": "19875103,20935629,", "mid": 61885696.0, "gen_start": 61937164, "id": "chr14:g.61937164T>C", "rsid": "rs3783787", "gen_end": 61937164, "cadd_score": 0.227796, "grasp_pheno": "Response_to_antipsychotics,Waist:hip_ratio,", "y": "0.65842", "x": "0.80732", "z": "0.89882", "deep_score": "PAX2:7.84, ", "gtex_eqtl_pval": 0.531308, "size": 10}, {"style": "filled", "gen_chrom": "chr14", "all_ref": "C", "name": "chr14:g.61933477C>T", "color": "orange", "all_alt": "T", "grasp_pmid": "20081858,20081858,20383146,", "mid": 61882009.0, "gen_start": 61933477, "id": "chr14:g.61933477C>T", "rsid": "rs912616", "gen_end": 61933477, "cadd_score": 0.293285, "grasp_pheno": "Glucose_homeostasis_traits_(fasting_glucose,_,_fasting_insulin,_,_HOMA-B,_,_HOMA-IR),_,_Glucose_homeostasis_traits_(fasting_glucose,_,_fasting_insulin,_,_HOMA-B,_,_HOMA-IR),_,_Chronic_kidney_disease_(CKD)_and_renal_traits,", "y": "0.51997", "x": "0.20818", "z": "0.06019", "gtex_eqtl_pval": 0.701662, "size": 10}, {"style": "filled", "gen_chrom": "chr14", "all_ref": "T", "name": "chr14:g.61937292T>C", "color": "orange", "all_alt": "C", "grasp_pmid": "17206144,18445777,21124317,", "mid": 61885824.0, "gen_start": 61937292, "id": "chr14:g.61937292T>C", "rsid": "rs3783785", "gen_end": 61937292, "cadd_score": -0.112, "grasp_pheno": "Stroke,Bone_mineral_density_(BMD),Neuroblastoma,", "y": "0.6251", "x": "0.88289", "z": "0.83056", "deep_score": "HuR:9.92, U2AF2:5.15, HuR:3.41, ", "gtex_eqtl_pval": 0.530991, "size": 10}, {"style": "filled", "gen_chrom": "chr14", "all_ref": "C", "name": "chr14:g.61788833C>G", "color": "orange", "all_alt": "G", "mid": 61737365.0, "gen_start": 61788833, "gen_end": 61788833, "cadd_score": -0.663284, "y": "0.88272", "x": "0.85641", "z": "0.45164", "id": "chr14:g.61788833C>G", "size": 10}, {"style": "filled", "gen_chrom": "chr14", "all_ref": "C", "name": "chr14:g.61933409C>G", "color": "orange", "all_alt": "G", "mid": 61881941.0, "gen_start": 61933409, "rsid": "rs74369734", "gen_end": 61933409, "cadd_score": 0.477226, "y": "0.58602", "x": "0.16602", "z": "0.07918", "id": "chr14:g.61933409C>G", "size": 10}, {"style": "filled", "gen_chrom": "chr14", "all_ref": "C", "name": "chr14:g.62304544C>G", "color": "orange", "all_alt": "G", "mid": 62253076.0, "gen_start": 62304544, "rsid": "rs79997366", "gen_end": 62304544, "cadd_score": 0.198062, "y": "0.26149", "x": "0.49879", "z": "0.97867", "id": "chr14:g.62304544C>G", "size": 10}, {"style": "filled", "gen_chrom": "chr14", "all_ref": "G", "name": "chr14:g.61969579G>C", "color": "orange", "all_alt": "C", "mid": 61918111.0, "gen_start": 61969579, "rsid": "rs181998420", "gen_end": 61969579, "cadd_score": 1.545427, "y": "0.19278", "x": "0.7844", "z": "0.19011", "id": "chr14:g.61969579G>C", "size": 10}, {"style": "filled", "gen_chrom": "chr14", "all_ref": "G", "name": "chr14:g.61932959G>A", "color": "orange", "all_alt": "A", "mid": 61881491.0, "gen_start": 61932959, "rsid": "rs78799703", "gen_end": 61932959, "cadd_score": 0.227663, "y": "0.60687", "x": "0.05014", "z": "0.21079", "id": "chr14:g.61932959G>A", "size": 10}, {"style": "filled", "gen_chrom": "chr14", "all_ref": "A", "name": "chr14:g.62229280A>G", "color": "orange", "all_alt": "G", "mid": 62177812.0, "gen_start": 62229280, "gen_end": 62229280, "cadd_score": -0.002972, "y": "0.06403", "x": "0.26043", "z": "0.71845", "id": "chr14:g.62229280A>G", "size": 10}, {"style": "filled", "gen_chrom": "chr14", "all_ref": "G", "name": "chr14:g.61933225G>A", "color": "orange", "all_alt": "A", "mid": 61881757.0, "gen_start": 61933225, "rsid": "rs114628350", "gen_end": 61933225, "cadd_score": 0.143727, "y": "0.69753", "x": "0.2331", "z": "0.06722", "deep_score": "HNRNPH2:9.33, ", "id": "chr14:g.61933225G>A", "size": 10}, {"style": "filled", "gen_chrom": "chr14", "all_ref": "C", "name": "chr14:g.61969566C>T", "color": "orange", "all_alt": "T", "mid": 61918098.0, "gen_start": 61969566, "rsid": "rs149594009", "gen_end": 61969566, "cadd_score": 2.139107, "y": "0.21944", "x": "0.45347", "z": "0.05628", "id": "chr14:g.61969566C>T", "size": 10}, {"style": "filled", "gen_chrom": "chr14", "all_ref": "T", "name": "chr14:g.61788870T>G", "color": "orange", "all_alt": "G", "mid": 61737402.0, "gen_start": 61788870, "gen_end": 61788870, "cadd_score": -0.230161, "y": "0.92709", "x": "0.7813", "z": "0.40904", "id": "chr14:g.61788870T>G", "size": 10}, {"style": "filled", "gen_chrom": "chr14", "all_ref": "T", "name": "chr14:g.61788870T>C", "color": "orange", "all_alt": "C", "mid": 61737402.0, "gen_start": 61788870, "gen_end": 61788870, "cadd_score": -0.648418, "y": "0.785", "x": "0.93003", "z": "0.41179", "id": "chr14:g.61788870T>C", "size": 10}, {"style": "filled", "gen_chrom": "chr14", "all_ref": "T", "name": "chr14:g.61969253T>C", "color": "orange", "all_alt": "C", "mid": 61917785.0, "gen_start": 61969253, "rsid": "rs140715717", "gen_end": 61969253, "cadd_score": 0.452219, "y": "0.28539", "x": "0.54373", "z": "0.02278", "id": "chr14:g.61969253T>C", "size": 10}, {"style": "filled", "gen_chrom": "chr14", "all_ref": "C", "name": "chr14:g.61937163C>T", "color": "orange", "all_alt": "T", "mid": 61885695.0, "gen_start": 61937163, "rsid": "rs3783788", "gen_end": 61937163, "cadd_score": 0.505145, "y": "0.41426", "x": "0.95372", "z": "0.73111", "deep_score": "MAX:3.24, ", "id": "chr14:g.61937163C>T", "size": 10}, {"style": "filled", "name": "chr14:61927771-61930271", "color": "grey", "mid": -286785.0, "tfbs": "CTCF,CTCF_(C-20),CTCF_(SC-5916),Egr-1,GATA-2,GTF2F1_(RAP-74),Rad21,SMC3_(ab9263),STAT3,USF2,YY1_(C-20),c-Fos,p300", "y": "0.48083", "x": "0.48244", "z": "0.55224", "id": "chr14:61927771-61930271", "size": 20}, {"style": "filled", "gen_chrom": "chr14", "all_ref": "G", "name": "chr14:g.61933357G>T", "color": "orange", "all_alt": "T", "mid": 61881889.0, "gen_start": 61933357, "rsid": "rs34582366", "gen_end": 61933357, "cadd_score": 0.042408, "gtex_eqtl_pval": 0.999608, "y": "0.8927", "x": "0.29617", "z": "0.19701", "id": "chr14:g.61933357G>T", "size": 10}, {"style": "filled", "gen_chrom": "chr14", "all_ref": "A", "name": "chr14:g.62229185A>T", "color": "orange", "all_alt": "T", "mid": 62177717.0, "gen_start": 62229185, "gen_end": 62229185, "cadd_score": -0.239797, "y": "0.19115", "x": "0.05404", "z": "0.53842", "id": "chr14:g.62229185A>T", "size": 10}, {"style": "filled", "name": "chr14:61936318-61938004", "color": "grey", "mid": -278645.0, "tfbs": "CEBPB,CTCF,JunD,Rad21,SMC3_(ab9263),STAT3,p300,p300_(N-15)", "y": "0.50164", "x": "0.57315", "z": "0.62453", "id": "chr14:61936318-61938004", "size": 20}, {"style": "filled", "gen_chrom": "chr14", "all_ref": "G", "name": "chr14:g.62217767G>T", "color": "orange", "all_alt": "T", "mid": 62166299.0, "gen_start": 62217767, "gen_end": 62217767, "cadd_score": -0.078406, "y": "0.95998", "x": "0.21853", "z": "0.62339", "deep_score": "RBFOX1:10.03, ", "id": "chr14:g.62217767G>T", "size": 10}, {"style": "filled", "gen_chrom": "chr14", "all_ref": "A", "name": "chr14:g.61788832A>T", "color": "orange", "all_alt": "T", "mid": 61737364.0, "gen_start": 61788832, "gen_end": 61788832, "cadd_score": -0.174404, "y": "0.57958", "x": "0.94973", "z": "0.29108", "id": "chr14:g.61788832A>T", "size": 10}, {"style": "filled", "gen_chrom": "chr14", "all_ref": "G", "name": "chr14:g.62217767G>A", "color": "orange", "all_alt": "A", "mid": 62166299.0, "gen_start": 62217767, "gen_end": 62217767, "cadd_score": 0.026933, "y": "0.90406", "x": "0.12419", "z": "0.57084", "deep_score": "RBFOX1:8.83, ", "id": "chr14:g.62217767G>A", "size": 10}, {"style": "filled", "name": "chr14:61968831-61969730", "color": "grey", "mid": 61917812.5, "dist2anchor": 25928, "y": "0.23266", "x": "0.60013", "z": "0.14854", "id": "chr14:61968831-61969730", "size": 20}, {"style": "filled", "gene": true, "name": "HIF1A,HIF1A-AS2: chr14:62216268-62218668", "color": "blue", "mid": 1, "fpkm": 72.68771, "tfbs": "BCL3,CCNT2,CEBPB,EBF,EBF1_(C-8),ELF1_(SC-631),Egr-1,FOXA1_(C-20),GATA-1,HA-E2F1,HEY1,HMGN3,IRF1,IRF4_(M-17),Max,NFKB,PAX5-C20,PU.1,Pol2,Pol2(phosphoS2),Pol2-4H8,TAF1,TBP,TCF4,WHIP,c-Myc,p300", "y": "0.55017", "x": "0.3435", "z": "0.54361", "id": "chr14:62216268-62218668", "size": 50}, {"style": "filled", "gen_chrom": "chr14", "all_ref": "C", "name": "chr14:g.62228534C>A", "color": "orange", "all_alt": "A", "mid": 62177066.0, "gen_start": 62228534, "rsid": "rs185756446", "gen_end": 62228534, "cadd_score": -0.310558, "y": "0.22271", "x": "0.06099", "z": "0.67794", "id": "chr14:g.62228534C>A", "size": 10}, {"style": "filled", "gen_chrom": "chr14", "all_ref": "C", "name": "chr14:g.62304485C>T", "color": "orange", "all_alt": "T", "mid": 62253017.0, "gen_start": 62304485, "rsid": "rs189222863", "gen_end": 62304485, "cadd_score": 0.779723, "y": "0.10737", "x": "0.62406", "z": "0.82438", "id": "chr14:g.62304485C>T", "size": 10}, {"style": "filled", "gen_chrom": "chr14", "all_ref": "T", "name": "chr14:g.62229190T>C", "color": "orange", "all_alt": "C", "mid": 62177722.0, "gen_start": 62229190, "gen_end": 62229190, "cadd_score": -0.204034, "y": "0.15235", "x": "0.18825", "z": "0.77614", "id": "chr14:g.62229190T>C", "size": 10}, {"style": "filled", "gen_chrom": "chr14", "all_ref": "C", "name": "chr14:g.61933022C>T", "color": "orange", "all_alt": "T", "mid": 61881554.0, "gen_start": 61933022, "rsid": "rs117130267", "gen_end": 61933022, "cadd_score": 0.353012, "y": "0.62067", "x": "0.30088", "z": "0.01729", "id": "chr14:g.61933022C>T", "size": 10}, {"style": "filled", "gene": true, "name": "PRKCH,BC050301: chr14:61787574-61789493", "color": "blue", "mid": -426270, "fpkm": 78.37254, "tfbs": "CTCF,CTCF_(C-20),E2F6_(H-50),ELF1_(SC-631),Egr-1,FOXA1_(C-20),HA-E2F1,Max,Pol2,Rad21,STAT3,TCF12,TCF4,ZBTB7A_(SC-34508),ZEB1_(SC-25388),c-Myc,p300", "y": "0.71572", "x": "0.69253", "z": "0.47455", "id": "chr14:61787574-61789493", "size": 25}, {"style": "filled", "gen_chrom": "chr14", "all_ref": "C", "name": "chr14:g.62217744C>G", "color": "orange", "all_alt": "G", "mid": 62166276.0, "gen_start": 62217744, "gen_end": 62217744, "cadd_score": -0.015058, "y": "0.92057", "x": "0.28041", "z": "0.77614", "id": "chr14:g.62217744C>G", "size": 10}, {"style": "filled", "gen_chrom": "chr14", "all_ref": "C", "name": "chr14:g.61969589C>G", "color": "orange", "all_alt": "G", "mid": 61918121.0, "gen_start": 61969589, "rsid": "rs186380871", "gen_end": 61969589, "cadd_score": 0.437716, "y": "0.25159", "x": "0.63726", "z": "0.05421", "id": "chr14:g.61969589C>G", "size": 10}, {"style": "filled", "gen_chrom": "chr14", "all_ref": "C", "name": "chr14:g.61969394C>T", "color": "orange", "all_alt": "T", "mid": 61917926.0, "gen_start": 61969394, "rsid": "rs138183445", "gen_end": 61969394, "cadd_score": 0.621328, "y": "0.11617", "x": "0.56882", "z": "0.14434", "id": "chr14:g.61969394C>T", "size": 10}, {"style": "filled", "gen_chrom": "chr14", "all_ref": "G", "name": "chr14:g.61788830G>C", "color": "orange", "all_alt": "C", "mid": 61737362.0, "gen_start": 61788830, "gen_end": 61788830, "cadd_score": -0.729177, "y": "0.64225", "x": "0.90756", "z": "0.2201", "id": "chr14:g.61788830G>C", "size": 10}, {"style": "filled", "name": "chr14:62196817-62198387", "color": "grey", "mid": -18204.0, "tfbs": "CTCF,CTCF_(C-20),Rad21,SMC3_(ab9263)", "y": "0.43619", "x": "0.55287", "z": "0.56048", "id": "chr14:62196817-62198387", "size": 20}, {"style": "filled", "name": "chr14:61932954-61933556", "color": "grey", "mid": 61881787.0, "dist2anchor": 0, "y": "0.69476", "x": "0.22637", "z": "0.16806", "id": "chr14:61932954-61933556", "size": 20}, {"style": "filled", "name": "chr14:61922756-61924256", "color": "green", "mid": -292300.0, "tfbs": "CTCF,CTCF_(C-20),CTCF_(SC-5916),EBF,EBF1_(C-8),Rad21,SMC3_(ab9263),Znf143_(16618-1-AP)", "y": "0.59922", "x": "0.53104", "z": "0.55478", "id": "chr14:61922756-61924256", "size": 25}, {"style": "filled", "name": "chr14:61936891-61937489", "color": "grey", "mid": 61885722.0, "dist2anchor": 0, "y": "0.46355", "x": "0.80528", "z": "0.84969", "id": "chr14:61936891-61937489", "size": 20}], "links": [{"source": 0, "target": 103, "label": ""}, {"source": 1, "target": 61, "label": ""}, {"source": 2, "target": 25, "label": ""}, {"source": 3, "target": 103, "label": ""}, {"source": 4, "target": 61, "label": ""}, {"source": 5, "target": 72, "label": ""}, {"source": 5, "target": 16, "label": ""}, {"source": 5, "target": 7, "label": ""}, {"source": 5, "target": 92, "label": ""}, {"source": 6, "target": 103, "label": ""}, {"source": 8, "target": 64, "label": ""}, {"source": 9, "target": 103, "label": ""}, {"source": 10, "target": 101, "label": ""}, {"source": 11, "target": 101, "label": ""}, {"source": 12, "target": 64, "label": ""}, {"source": 13, "target": 25, "label": ""}, {"source": 14, "target": 89, "label": ""}, {"source": 15, "target": 25, "label": ""}, {"source": 16, "capacity": 1, "target": 63, "weight": 3, "label": 1}, {"source": 16, "capacity": 1, "target": 82, "weight": 18, "label": 1}, {"source": 16, "capacity": 1, "target": 85, "weight": 3, "label": 1}, {"source": 16, "capacity": 1, "target": 102, "weight": 6, "label": 1}, {"source": 16, "capacity": 1, "target": 42, "weight": 2, "label": 1}, {"source": 16, "capacity": 1, "target": 23, "weight": 2, "label": 1}, {"source": 17, "target": 25, "label": ""}, {"source": 18, "target": 64, "label": ""}, {"source": 19, "target": 25, "label": ""}, {"source": 20, "target": 103, "label": ""}, {"source": 21, "target": 25, "label": ""}, {"source": 22, "target": 64, "label": ""}, {"source": 23, "capacity": 1, "target": 102, "weight": 3, "label": 1}, {"source": 23, "target": 101, "label": ""}, {"source": 23, "capacity": 1, "target": 85, "weight": 2, "label": 1}, {"source": 24, "target": 101, "label": ""}, {"source": 25, "target": 44, "label": ""}, {"source": 25, "target": 86, "label": ""}, {"source": 25, "target": 88, "label": ""}, {"source": 25, "target": 56, "label": ""}, {"source": 25, "target": 46, "label": ""}, {"source": 25, "target": 47, "label": ""}, {"source": 25, "target": 90, "label": ""}, {"source": 25, "target": 43, "label": ""}, {"source": 25, "target": 96, "label": ""}, {"source": 26, "target": 89, "label": ""}, {"source": 27, "target": 103, "label": ""}, {"source": 28, "target": 61, "label": ""}, {"source": 29, "target": 101, "label": ""}, {"source": 30, "target": 103, "label": ""}, {"source": 31, "capacity": 1, "target": 102, "weight": 2, "label": 1}, {"source": 32, "target": 61, "label": ""}, {"source": 33, "target": 61, "label": ""}, {"source": 34, "target": 61, "label": ""}, {"source": 35, "target": 89, "label": ""}, {"source": 36, "target": 89, "label": ""}, {"source": 37, "target": 64, "label": ""}, {"source": 38, "target": 64, "label": ""}, {"source": 39, "target": 61, "label": ""}, {"source": 40, "target": 89, "label": ""}, {"source": 41, "target": 103, "label": ""}, {"source": 42, "capacity": 1, "target": 82, "weight": 3, "label": 1}, {"source": 42, "target": 89, "label": ""}, {"source": 42, "capacity": 1, "target": 90, "weight": 3, "label": 1}, {"source": 45, "target": 89, "label": ""}, {"source": 48, "target": 101, "label": ""}, {"source": 49, "target": 61, "label": ""}, {"source": 50, "target": 103, "label": ""}, {"source": 51, "target": 89, "label": ""}, {"source": 52, "capacity": 1, "target": 63, "weight": 2, "label": 1}, {"source": 53, "target": 101, "label": ""}, {"source": 54, "target": 103, "label": ""}, {"source": 55, "target": 64, "label": ""}, {"source": 57, "target": 64, "label": ""}, {"source": 58, "target": 101, "label": ""}, {"source": 59, "target": 61, "label": ""}, {"source": 60, "target": 64, "label": ""}, {"source": 61, "target": 99, "label": ""}, {"source": 61, "target": 79, "label": ""}, {"source": 61, "target": 95, "label": ""}, {"source": 61, "target": 78, "label": ""}, {"source": 61, "target": 70, "label": ""}, {"source": 61, "target": 87, "label": ""}, {"source": 62, "target": 64, "label": ""}, {"source": 63, "target": 64, "label": ""}, {"source": 64, "target": 84, "label": ""}, {"source": 64, "target": 93, "label": ""}, {"source": 64, "target": 91, "label": ""}, {"source": 64, "target": 75, "label": ""}, {"source": 65, "target": 103, "label": ""}, {"source": 66, "target": 101, "label": ""}, {"source": 67, "target": 103, "label": ""}, {"source": 68, "target": 101, "label": ""}, {"source": 69, "target": 103, "label": ""}, {"source": 71, "target": 101, "label": ""}, {"source": 73, "target": 89, "label": ""}, {"source": 74, "target": 101, "label": ""}, {"source": 76, "target": 101, "label": ""}, {"source": 77, "target": 89, "label": ""}, {"source": 80, "target": 89, "label": ""}, {"source": 81, "target": 103, "label": ""}, {"source": 82, "capacity": 1, "target": 85, "weight": 2, "label": 1}, {"source": 82, "capacity": 1, "target": 102, "weight": 2, "label": 1}, {"source": 82, "capacity": 1, "target": 100, "weight": 7, "label": 1}, {"source": 82, "capacity": 1, "target": 90, "weight": 2, "label": 1}, {"source": 83, "target": 101, "label": ""}, {"source": 85, "target": 103, "label": ""}, {"source": 85, "capacity": 1, "target": 100, "weight": 2, "label": 1}, {"source": 89, "target": 98, "label": ""}, {"source": 89, "target": 97, "label": ""}, {"source": 94, "target": 101, "label": ""}, {"source": 95, "capacity": 1, "target": 102, "weight": 2, "label": 1}], "multigraph": false}