{"directed": false, "graph": {"style": "filled", "data_type": "ChiA-PET", "tissue_type": "Adipose_Visceral_Omentum", "genome_version": "GRCh37.p13", "species": "Homo_Sapiens", "target_gene": "KLF4"}, "nodes": [{"style": "filled", "name": "chr9:111523436-111525075", "color": "green", "mid": 1272209.5, "tfbs": "CTCF,CTCF_(C-20),CTCF_(SC-5916),GR,PU.1,Rad21,SMC3_(ab9263),YY1_(C-20),Znf143_(16618-1-AP)", "y": "0.59733", "x": "0.69843", "z": "0.58362", "id": "chr9:111523436-111525075", "size": 25}, {"style": "filled", "name": "chr9:110044859-110046654", "color": "grey", "mid": 110045756.5, "dist2anchor": 0, "y": "0.69484", "x": "0.06705", "z": "0.56618", "id": "chr9:110044859-110046654", "size": 20}, {"style": "filled", "gen_chrom": "chr9", "all_ref": "T", "name": "chr9:g.111327771T>C", "color": "orange", "all_alt": "C", "mid": 111327771.0, "gen_start": 111327771, "rsid": "rs75981062", "gen_end": 111327771, "cadd_score": 0.051949, "y": "0.7247", "x": "0.79721", "z": "0.87701", "id": "chr9:g.111327771T>C", "size": 10}, {"style": "filled", "name": "chr9:110245749-110247451", "color": "grey", "mid": -5446.0, "tfbs": "CTCF,CTCF_(C-20),CTCF_(SC-5916),JunD,Pol2,Pol2-4H8,Rad21,SMC3_(ab9263)", "y": "0.57247", "x": "0.69372", "z": "0.51459", "id": "chr9:110245749-110247451", "size": 20}, {"style": "filled", "gen_chrom": "chr9", "all_ref": "A", "name": "chr9:g.110437382A>C", "color": "orange", "all_alt": "C", "mid": 110437382.0, "gen_start": 110437382, "rsid": "rs59030572", "gen_end": 110437382, "cadd_score": 0.149422, "gtex_eqtl_pval": 0.947753, "y": "0.15088", "x": "0.62581", "z": "0.16487", "id": "chr9:g.110437382A>C", "size": 10}, {"style": "filled", "gen_chrom": "chr9", "all_ref": "A", "name": "chr9:g.110045955A>C", "color": "orange", "all_alt": "C", "mid": 110045955.0, "gen_start": 110045955, "gen_end": 110045955, "cadd_score": -0.974602, "y": "0.81247", "x": "0.11875", "z": "0.636", "id": "chr9:g.110045955A>C", "size": 10}, {"style": "filled", "gen_chrom": "chr9", "all_ref": "G", "name": "chr9:g.110184378G>A", "color": "orange", "all_alt": "A", "mid": 110184378.0, "gen_start": 110184378, "rsid": "rs116247933", "gen_end": 110184378, "cadd_score": 0.417378, "y": "0.75222", "x": "0.93782", "z": "0.66725", "id": "chr9:g.110184378G>A", "size": 10}, {"style": "filled", "gen_chrom": "chr9", "all_ref": "A", "name": "chr9:g.111175339A>G", "color": "orange", "all_alt": "G", "grasp_pmid": "19060906", "mid": 111175339.0, "gen_start": 111175339, "rsid": "rs1885970", "gen_end": 111175339, "cadd_score": 0.226902, "grasp_pheno": "Lipid_level_measurements", "y": "0.13504", "x": "0.42298", "z": "0.83782", "id": "chr9:g.111175339A>G", "size": 10}, {"style": "filled", "gen_chrom": "chr9", "all_ref": "T", "name": "chr9:g.111035209T>C", "color": "orange", "all_alt": "C", "mid": 111035209.0, "gen_start": 111035209, "rsid": "rs184524473", "gen_end": 111035209, "cadd_score": 1.531346, "y": "0.40103", "x": "0.75757", "z": "0.07742", "id": "chr9:g.111035209T>C", "size": 10}, {"style": "filled", "gen_chrom": "chr9", "all_ref": "G", "name": "chr9:g.110045917G>A", "color": "orange", "all_alt": "A", "mid": 110045917.0, "gen_start": 110045917, "gen_end": 110045917, "cadd_score": -0.220105, "y": "0.63069", "x": "0.00703", "z": "0.48281", "id": "chr9:g.110045917G>A", "size": 10}, {"style": "filled", "gen_chrom": "chr9", "all_ref": "C", "name": "chr9:g.110400614C>T", "color": "orange", "all_alt": "T", "mid": 110400614.0, "gen_start": 110400614, "rsid": "rs141839419", "gen_end": 110400614, "cadd_score": 0.411091, "y": "0.30558", "x": "0.98091", "z": "0.56058", "id": "chr9:g.110400614C>T", "size": 10}, {"style": "filled", "name": "chr9:111175042-111175421", "color": "grey", "mid": 111175231.5, "dist2anchor": 0, "y": "0.19438", "x": "0.55918", "z": "0.85822", "id": "chr9:111175042-111175421", "size": 20}, {"style": "filled", "name": "chr9:111327762-111328544", "color": "grey", "mid": 111328153.0, "dist2anchor": 0, "y": "0.57908", "x": "0.78345", "z": "0.89353", "id": "chr9:111327762-111328544", "size": 20}, {"style": "filled", "gen_chrom": "chr9", "all_ref": "C", "name": "chr9:g.110437153C>T", "color": "orange", "all_alt": "T", "mid": 110437153.0, "gen_start": 110437153, "rsid": "rs142342137", "gen_end": 110437153, "cadd_score": 0.348514, "y": "0.10253", "x": "0.36522", "z": "0.23335", "id": "chr9:g.110437153C>T", "size": 10}, {"style": "filled", "name": "chr9:111327274-111329027", "color": "green", "mid": 1076104.5, "tfbs": "AP-2gamma,CTCF,CTCF_(C-20),CTCF_(SC-5916),ELF1_(SC-631),GR,Rad21,SMC3_(ab9263),STAT1", "y": "0.61812", "x": "0.68157", "z": "0.6284", "id": "chr9:111327274-111329027", "size": 25}, {"style": "filled", "gen_chrom": "chr9", "all_ref": "C", "name": "chr9:g.110103630C>T", "color": "orange", "all_alt": "T", "mid": 110103630.0, "gen_start": 110103630, "rsid": "rs138778644", "gen_end": 110103630, "cadd_score": 0.328889, "y": "0.9635", "x": "0.46405", "z": "0.27588", "deep_score": "KLF13:6.74, ", "id": "chr9:g.110103630C>T", "size": 10}, {"style": "filled", "gen_chrom": "chr9", "all_ref": "C", "name": "chr9:g.110200864C>T", "color": "orange", "all_alt": "T", "mid": 110200864.0, "gen_start": 110200864, "rsid": "rs141609718", "gen_end": 110200864, "cadd_score": 0.232302, "y": "0.84551", "x": "0.46344", "z": "0.90485", "deep_score": "SRSF1:7.56, TFAP2C:5.64, ", "id": "chr9:g.110200864C>T", "size": 10}, {"style": "filled", "name": "chr9:111274605-111275788", "color": "grey", "mid": 1023150.5, "tfbs": "CTCF,CTCF_(SC-5916),Rad21", "y": "0.6623", "x": "0.83515", "z": "0.44901", "id": "chr9:111274605-111275788", "size": 20}, {"style": "filled", "gen_chrom": "chr9", "all_ref": "A", "name": "chr9:g.110400403A>G", "color": "orange", "all_alt": "G", "mid": 110400403.0, "gen_start": 110400403, "rsid": "rs115938809", "gen_end": 110400403, "cadd_score": 1.840265, "y": "0.17148", "x": "0.89066", "z": "0.59506", "id": "chr9:g.110400403A>G", "size": 10}, {"style": "filled", "gen_chrom": "chr9", "all_ref": "G", "name": "chr9:g.110184645G>A", "color": "orange", "all_alt": "A", "grasp_pmid": "20339536,20339536,20339536,", "mid": 110184645.0, "gen_start": 110184645, "id": "chr9:g.110184645G>A", "rsid": "rs1572905", "gen_end": 110184645, "cadd_score": 0.047674, "grasp_pheno": "Response_to_statin_treatment_(simvastatin,_,_pravastatin,_,_atorvastatin),_,_change_in_cholesterol_levels,_,_Response_to_statin_treatment_(simvastatin,_,_pravastatin,_,_atorvastatin),_,_change_in_cholesterol_levels,_,_Response_to_statin_treatment_(simvastatin,_,_pravastatin,_,_atorvastatin),_,_change_in_cholesterol_levels,_,_", "y": "0.86389", "x": "0.8345", "z": "0.68396", "deep_score": "USF1:16.29, BHLHB2:8.97, TFEB:5.73, BHLHB3:4.34, MAX:3.78, ", "gtex_eqtl_pval": 0.230195, "size": 10}, {"style": "filled", "gen_chrom": "chr9", "all_ref": "C", "name": "chr9:g.111175213C>T", "color": "orange", "all_alt": "T", "mid": 111175213.0, "gen_start": 111175213, "rsid": "rs76349179", "gen_end": 111175213, "cadd_score": 0.166531, "y": "0.11442", "x": "0.57512", "z": "0.84088", "id": "chr9:g.111175213C>T", "size": 10}, {"style": "filled", "name": "chr9:110184316-110184809", "color": "grey", "mid": 110184562.5, "dist2anchor": 0, "y": "0.80427", "x": "0.84112", "z": "0.61504", "id": "chr9:110184316-110184809", "size": 20}, {"style": "filled", "gen_chrom": "chr9", "all_ref": "A", "name": "chr9:g.110227694A>G", "color": "orange", "all_alt": "G", "mid": 110227694.0, "gen_start": 110227694, "rsid": "rs7043280", "gen_end": 110227694, "cadd_score": 1.038291, "gtex_eqtl_pval": 0.27148, "y": "0.80656", "x": "0.89527", "z": "0.35294", "id": "chr9:g.110227694A>G", "size": 10}, {"style": "filled", "gen_chrom": "chr9", "all_ref": "T", "name": "chr9:g.110436899T>G", "color": "orange", "all_alt": "G", "grasp_pmid": "20339536,20339536,20339536,", "mid": 110436899.0, "gen_start": 110436899, "id": "chr9:g.110436899T>G", "rsid": "rs940290", "gen_end": 110436899, "cadd_score": 0.349898, "grasp_pheno": "Response_to_statin_treatment_(simvastatin,_,_pravastatin,_,_atorvastatin),_,_change_in_cholesterol_levels,_,_Response_to_statin_treatment_(simvastatin,_,_pravastatin,_,_atorvastatin),_,_change_in_cholesterol_levels,_,_Response_to_statin_treatment_(simvastatin,_,_pravastatin,_,_atorvastatin),_,_change_in_cholesterol_levels,_,_", "y": "0.03004", "x": "0.61762", "z": "0.36899", "deep_score": "KLF13:6.06, ", "gtex_eqtl_pval": 0.559119, "size": 10}, {"style": "filled", "gen_chrom": "chr9", "all_ref": "T", "name": "chr9:g.110511887T>G", "color": "orange", "all_alt": "G", "mid": 110511887.0, "gen_start": 110511887, "rsid": "rs144535513", "gen_end": 110511887, "cadd_score": 3.028043, "y": "0.02231", "x": "0.37949", "z": "0.63077", "id": "chr9:g.110511887T>G", "size": 10}, {"style": "filled", "gen_chrom": "chr9", "all_ref": "G", "name": "chr9:g.110201000G>A", "color": "orange", "all_alt": "A", "mid": 110201000.0, "gen_start": 110201000, "rsid": "rs947124", "gen_end": 110201000, "cadd_score": 0.285136, "gtex_eqtl_pval": 0.313137, "y": "0.68718", "x": "0.33986", "z": "0.9603", "id": "chr9:g.110201000G>A", "size": 10}, {"style": "filled", "gen_chrom": "chr9", "all_ref": "C", "name": "chr9:g.110400281C>A", "color": "orange", "all_alt": "A", "mid": 110400281.0, "gen_start": 110400281, "rsid": "rs141035711", "gen_end": 110400281, "cadd_score": 1.1231, "y": "0.13746", "x": "0.85138", "z": "0.46857", "deep_score": "FOXD2:3.57, ", "id": "chr9:g.110400281C>A", "size": 10}, {"style": "filled", "name": "chr9:110199924-110201544", "color": "red", "mid": -51312.0, "tfbs": "AP-2gamma,FOXA1_(C-20),GATA3_(SC-268),JunD,NANOG_(SC-33759),Pol2,Pol2-4H8,SP1,TAF1,TCF12,TFIIIC-110,ZNF263,c-Fos,c-Jun,p300", "y": "0.73418", "x": "0.54172", "z": "0.65654", "id": "chr9:110199924-110201544", "size": 25}, {"style": "filled", "gen_chrom": "chr9", "all_ref": "G", "name": "chr9:g.110228613G>C", "color": "orange", "all_alt": "C", "mid": 110228613.0, "gen_start": 110228613, "rsid": "rs74571771", "gen_end": 110228613, "cadd_score": 0.482136, "gtex_eqtl_pval": 0.679882, "y": "0.92873", "x": "0.8034", "z": "0.46105", "id": "chr9:g.110228613G>C", "size": 10}, {"style": "filled", "gen_chrom": "chr9", "all_ref": "G", "name": "chr9:g.111175226G>A", "color": "orange", "all_alt": "A", "mid": 111175226.0, "gen_start": 111175226, "rsid": "rs193130535", "gen_end": 111175226, "cadd_score": 0.245719, "y": "0.24286", "x": "0.56898", "z": "0.94501", "deep_score": "CTCF:15.52, SMC3:3.19, ", "id": "chr9:g.111175226G>A", "size": 10}, {"style": "filled", "gen_chrom": "chr9", "all_ref": "G", "name": "chr9:g.110399738G>C", "color": "orange", "all_alt": "C", "mid": 110399738.0, "gen_start": 110399738, "rsid": "rs74930827", "gen_end": 110399738, "cadd_score": 0.235105, "gtex_eqtl_pval": 0.262922, "y": "0.25935", "x": "0.95697", "z": "0.44696", "deep_score": "SRSF10:5.33, CNOT4:4.08, ", "id": "chr9:g.110399738G>C", "size": 10}, {"style": "filled", "name": "chr9:110227557-110228674", "color": "grey", "mid": 110228115.5, "dist2anchor": 0, "y": "0.84589", "x": "0.8017", "z": "0.40284", "id": "chr9:110227557-110228674", "size": 20}, {"style": "filled", "gen_chrom": "chr9", "all_ref": "G", "name": "chr9:g.110045937G>A", "color": "orange", "all_alt": "A", "mid": 110045937.0, "gen_start": 110045937, "gen_end": 110045937, "cadd_score": -0.045126, "y": "0.53804", "x": "0.0", "z": "0.52381", "id": "chr9:g.110045937G>A", "size": 10}, {"style": "filled", "gen_chrom": "chr9", "all_ref": "G", "name": "chr9:g.110436606G>A", "color": "orange", "all_alt": "A", "mid": 110436606.0, "gen_start": 110436606, "rsid": "rs73514938", "gen_end": 110436606, "cadd_score": -0.133952, "y": "0.15291", "x": "0.40897", "z": "0.16003", "deep_score": "RBFOX1:6.08, ", "id": "chr9:g.110436606G>A", "size": 10}, {"style": "filled", "gen_chrom": "chr9", "all_ref": "G", "name": "chr9:g.110045925G>T", "color": "orange", "all_alt": "T", "mid": 110045925.0, "gen_start": 110045925, "gen_end": 110045925, "cadd_score": -0.157804, "y": "0.55521", "x": "2e-05", "z": "0.58533", "id": "chr9:g.110045925G>T", "size": 10}, {"style": "filled", "gen_chrom": "chr9", "all_ref": "A", "name": "chr9:g.111327962A>G", "color": "orange", "all_alt": "G", "mid": 111327962.0, "gen_start": 111327962, "rsid": "rs150327380", "gen_end": 111327962, "cadd_score": 0.94174, "y": "0.45442", "x": "0.82701", "z": "0.91606", "id": "chr9:g.111327962A>G", "size": 10}, {"style": "filled", "gen_chrom": "chr9", "all_ref": "C", "name": "chr9:g.111035142C>T", "color": "orange", "all_alt": "T", "mid": 111035142.0, "gen_start": 111035142, "rsid": "rs189366793", "gen_end": 111035142, "cadd_score": 0.453418, "y": "0.47692", "x": "0.76907", "z": "0.06994", "id": "chr9:g.111035142C>T", "size": 10}, {"style": "filled", "gen_chrom": "chr9", "all_ref": "G", "name": "chr9:g.111175324G>A", "color": "orange", "all_alt": "A", "mid": 111175324.0, "gen_start": 111175324, "rsid": "rs1885969", "gen_end": 111175324, "cadd_score": 0.11554, "y": "0.09553", "x": "0.50894", "z": "0.80688", "id": "chr9:g.111175324G>A", "size": 10}, {"style": "filled", "gen_chrom": "chr9", "all_ref": "A", "name": "chr9:g.110228240A>G", "color": "orange", "all_alt": "G", "mid": 110228240.0, "gen_start": 110228240, "rsid": "rs7870972", "gen_end": 110228240, "cadd_score": 1.194221, "gtex_eqtl_pval": 0.369259, "y": "0.87462", "x": "0.81737", "z": "0.32249", "id": "chr9:g.110228240A>G", "size": 10}, {"style": "filled", "name": "chr9:111033321-111035817", "color": "red", "mid": 782523.0, "tfbs": "CEBPB,CTCF,CTCF_(C-20),CTCF_(SC-5916),FOXA1_(C-20),FOXA1_(SC-101058),FOXA2_(SC-6554),GATA3_(SC-268),KAP1,Rad21,SMC3_(ab9263),TCF4", "y": "0.53317", "x": "0.69778", "z": "0.38862", "id": "chr9:111033321-111035817", "size": 25}, {"style": "filled", "gen_chrom": "chr9", "all_ref": "G", "name": "chr9:g.110399866G>A", "color": "orange", "all_alt": "A", "mid": 110399866.0, "gen_start": 110399866, "rsid": "rs146477737", "gen_end": 110399866, "cadd_score": 1.763531, "y": "0.216", "x": "0.90125", "z": "0.64745", "deep_score": "NR2F1:3.56, ", "id": "chr9:g.110399866G>A", "size": 10}, {"style": "filled", "name": "chr9:110857680-110858194", "color": "grey", "mid": 110857937.0, "dist2anchor": 29219, "y": "0.39657", "x": "0.21816", "z": "0.84529", "id": "chr9:110857680-110858194", "size": 20}, {"style": "filled", "gen_chrom": "chr9", "all_ref": "G", "name": "chr9:g.110045925G>C", "color": "orange", "all_alt": "C", "mid": 110045925.0, "gen_start": 110045925, "gen_end": 110045925, "cadd_score": -0.062502, "y": "0.64503", "x": "0.04544", "z": "0.6999", "id": "chr9:g.110045925G>C", "size": 10}, {"style": "filled", "gen_chrom": "chr9", "all_ref": "C", "name": "chr9:g.111328480C>T", "color": "orange", "all_alt": "T", "mid": 111328480.0, "gen_start": 111328480, "rsid": "rs112774408", "gen_end": 111328480, "cadd_score": 0.129574, "y": "0.49165", "x": "0.68611", "z": "0.9917", "id": "chr9:g.111328480C>T", "size": 10}, {"style": "filled", "gen_chrom": "chr9", "all_ref": "G", "name": "chr9:g.111327912G>T", "color": "orange", "all_alt": "T", "mid": 111327912.0, "gen_start": 111327912, "rsid": "rs151300560", "gen_end": 111327912, "cadd_score": -0.243019, "y": "0.61328", "x": "0.89655", "z": "0.84132", "id": "chr9:g.111327912G>T", "size": 10}, {"style": "filled", "name": "chr9:110581784-110583021", "color": "grey", "mid": 330356.5, "tfbs": "FOXA1_(C-20),GATA3_(SC-268),KAP1,c-Myc", "y": "0.47373", "x": "0.64965", "z": "0.41882", "id": "chr9:110581784-110583021", "size": 20}, {"style": "filled", "gen_chrom": "chr9", "all_ref": "C", "name": "chr9:g.110437060C>T", "color": "orange", "all_alt": "T", "mid": 110437060.0, "gen_start": 110437060, "rsid": "rs60310917", "gen_end": 110437060, "cadd_score": 0.423448, "y": "0.14838", "x": "0.49737", "z": "0.1423", "id": "chr9:g.110437060C>T", "size": 10}, {"style": "filled", "gen_chrom": "chr9", "all_ref": "C", "name": "chr9:g.110200569C>G", "color": "orange", "all_alt": "G", "mid": 110200569.0, "gen_start": 110200569, "rsid": "rs139294962", "gen_end": 110200569, "cadd_score": 0.235527, "y": "0.79299", "x": "0.36176", "z": "0.92399", "deep_score": "GCM2:3.37, ", "id": "chr9:g.110200569C>G", "size": 10}, {"style": "filled", "gen_chrom": "chr9", "all_ref": "T", "name": "chr9:g.111328043T>C", "color": "orange", "all_alt": "C", "grasp_pmid": "20339536,20383146,20383146,20383146,20502693,20502693,", "mid": 111328043.0, "gen_start": 111328043, "rsid": "rs2183955", "gen_end": 111328043, "cadd_score": -0.37338, "grasp_pheno": "Response_to_statin_treatment_(simvastatin,_,_pravastatin,_,_atorvastatin),_,_change_in_cholesterol_levels,_,_Chronic_kidney_disease_(CKD)_and_renal_traits,Chronic_kidney_disease_(CKD)_and_renal_traits,Chronic_kidney_disease_(CKD)_and_renal_traits,Gene_expression_in_monocytes,Gene_expression_in_monocytes,", "y": "0.71076", "x": "0.73745", "z": "0.92762", "id": "chr9:g.111328043T>C", "size": 10}, {"style": "filled", "name": "chr9:110399658-110400617", "color": "grey", "mid": 110400137.5, "dist2anchor": 0, "y": "0.24846", "x": "0.91044", "z": "0.50293", "id": "chr9:110399658-110400617", "size": 20}, {"style": "filled", "gen_chrom": "chr9", "all_ref": "A", "name": "chr9:g.110436996A>G", "color": "orange", "all_alt": "G", "grasp_pmid": "20125193,20339536,", "mid": 110436996.0, "gen_start": 110436996, "id": "chr9:g.110436996A>G", "rsid": "rs940288", "gen_end": 110436996, "cadd_score": 0.073925, "grasp_pheno": "Cognitive_performance,Response_to_statin_treatment_(simvastatin,_,_pravastatin,_,_atorvastatin),_,_change_in_cholesterol_levels,_,_", "y": "0.1039", "x": "0.43253", "z": "0.19933", "gtex_eqtl_pval": 0.612725, "size": 10}, {"style": "filled", "gen_chrom": "chr9", "all_ref": "C", "name": "chr9:g.111034415C>T", "color": "orange", "all_alt": "T", "mid": 111034415.0, "gen_start": 111034415, "rsid": "rs187528651", "gen_end": 111034415, "cadd_score": 1.89127, "y": "0.46442", "x": "0.51856", "z": "0.0", "id": "chr9:g.111034415C>T", "size": 10}, {"style": "filled", "name": "chr9:110887412-110888566", "color": "green", "mid": 635943.0, "tfbs": "CTCF,CTCF_(SC-5916),Rad21", "y": "0.54093", "x": "0.33019", "z": "0.59557", "id": "chr9:110887412-110888566", "size": 25}, {"style": "filled", "gen_chrom": "chr9", "all_ref": "T", "name": "chr9:g.111034589T>C", "color": "orange", "all_alt": "C", "mid": 111034589.0, "gen_start": 111034589, "rsid": "rs192485655", "gen_end": 111034589, "cadd_score": 1.53092, "y": "0.4898", "x": "0.4651", "z": "0.00869", "id": "chr9:g.111034589T>C", "size": 10}, {"style": "filled", "gen_chrom": "chr9", "all_ref": "C", "name": "chr9:g.110252708C>A", "color": "orange", "all_alt": "A", "mid": 110252708.0, "gen_start": 110252708, "rsid": "rs146992133", "gen_end": 110252708, "cadd_score": 0.618361, "y": "0.69566", "x": "0.86975", "z": "0.20534", "deep_score": "RBM24:3.08, ", "id": "chr9:g.110252708C>A", "size": 10}, {"style": "filled", "gen_chrom": "chr9", "all_ref": "G", "name": "chr9:g.110868376G>A", "color": "orange", "all_alt": "A", "mid": 110868376.0, "gen_start": 110868376, "rsid": "rs150983508", "gen_end": 110868376, "cadd_score": -0.085248, "y": "0.60329", "x": "0.14304", "z": "0.16818", "id": "chr9:g.110868376G>A", "size": 10}, {"style": "filled", "gen_chrom": "chr9", "all_ref": "C", "name": "chr9:g.111034920C>G", "color": "orange", "all_alt": "G", "mid": 111034920.0, "gen_start": 111034920, "rsid": "rs7039993", "gen_end": 111034920, "cadd_score": -0.009306, "gtex_eqtl_pval": 0.949242, "y": "0.44155", "x": "0.68764", "z": "0.0354", "id": "chr9:g.111034920C>G", "size": 10}, {"style": "filled", "gen_chrom": "chr9", "all_ref": "G", "name": "chr9:g.111327961G>T", "color": "orange", "all_alt": "T", "mid": 111327961.0, "gen_start": 111327961, "rsid": "rs140535422", "gen_end": 111327961, "cadd_score": 0.617415, "y": "0.51098", "x": "0.74395", "z": "0.97689", "deep_score": "SRSF1:5.12, ", "id": "chr9:g.111327961G>T", "size": 10}, {"style": "filled", "gen_chrom": "chr9", "all_ref": "A", "name": "chr9:g.110045915A>T", "color": "orange", "all_alt": "T", "mid": 110045915.0, "gen_start": 110045915, "gen_end": 110045915, "cadd_score": -0.967384, "y": "0.62701", "x": "0.01223", "z": "0.60268", "id": "chr9:g.110045915A>T", "size": 10}, {"style": "filled", "name": "chr9:110511869-110512413", "color": "grey", "mid": 110512141.0, "dist2anchor": 986, "y": "0.0836", "x": "0.40234", "z": "0.54744", "id": "chr9:110511869-110512413", "size": 20}, {"style": "filled", "gen_chrom": "chr9", "all_ref": "G", "name": "chr9:g.111328478G>A", "color": "orange", "all_alt": "A", "grasp_pmid": "20081858,20339536,20383146,20383146,20935630,", "mid": 111328478.0, "gen_start": 111328478, "rsid": "rs11791118", "gen_end": 111328478, "cadd_score": -0.035364, "grasp_pheno": "Glucose_homeostasis_traits_(fasting_glucose,_,_fasting_insulin,_,_HOMA-B,_,_HOMA-IR),_,_Response_to_statin_treatment_(simvastatin,_,_pravastatin,_,_atorvastatin),_,_change_in_cholesterol_levels,_,_Chronic_kidney_disease_(CKD)_and_renal_traits,Chronic_kidney_disease_(CKD)_and_renal_traits,Body_mass_index_(BMI),", "y": "0.42487", "x": "0.77575", "z": "0.94259", "id": "chr9:g.111328478G>A", "size": 10}, {"style": "filled", "gen_chrom": "chr9", "all_ref": "T", "name": "chr9:g.110858178T>A", "color": "orange", "all_alt": "A", "mid": 110858178.0, "gen_start": 110858178, "rsid": "rs140451673", "gen_end": 110858178, "cadd_score": 1.012234, "y": "0.37645", "x": "0.13261", "z": "0.84107", "id": "chr9:g.110858178T>A", "size": 10}, {"style": "filled", "gene": true, "name": "RAD23B: chr9:110044288-110047116", "color": "blue", "mid": -204997, "fpkm": 1.448314, "tfbs": "AP-2alpha,AP-2gamma,CCNT2,CEBPB,CHD2_(N-1250),E2F4,E2F6,E2F6_(H-50),EBF,ELF1_(SC-631),ERalpha_a,ETS1,Egr-1,FOXA1_(C-20),FOXA1_(SC-101058),FOXA2_(SC-6554),GABP,GATA3_(SC-268),HA-E2F1,HDAC2_(SC-6296),HEY1,HMGN3,IRF1,Ini1,JunD,MEF2A,Max,Mxi1_(bHLH),NFKB,NRSF,Nrf1,Oct-2,PAX5-C20,POU2F2,PU.1,Pol2,Pol2(b),Pol2(phosphoS2),Pol2-4H8,RFX5_(N-494),SIX5,SP1,STAT3,Sin3Ak-20,TAF1,TAF7_(SQ-8),TBP,TCF12,TCF4,YY1,YY1_(C-20),ZBTB7A_(SC-34508),ZNF263,Znf143_(16618-1-AP),c-Myc,p300", "y": "0.83793", "x": "0.29643", "z": "0.50529", "id": "chr9:110044288-110047116", "size": 25}, {"style": "filled", "gen_chrom": "chr9", "all_ref": "T", "name": "chr9:g.110511936T>C", "color": "orange", "all_alt": "C", "mid": 110511936.0, "gen_start": 110511936, "rsid": "rs4978566", "gen_end": 110511936, "cadd_score": 0.767748, "gtex_eqtl_pval": 0.254267, "y": "0.0", "x": "0.44327", "z": "0.57335", "deep_score": "NR2F1:4.71, ", "id": "chr9:g.110511936T>C", "size": 10}, {"style": "filled", "gen_chrom": "chr9", "all_ref": "G", "name": "chr9:g.110437151G>A", "color": "orange", "all_alt": "A", "mid": 110437151.0, "gen_start": 110437151, "rsid": "rs79684385", "gen_end": 110437151, "cadd_score": 0.40287, "gtex_eqtl_pval": 0.336072, "y": "0.0612", "x": "0.48657", "z": "0.25379", "id": "chr9:g.110437151G>A", "size": 10}, {"style": "filled", "gen_chrom": "chr9", "all_ref": "A", "name": "chr9:g.110045915A>C", "color": "orange", "all_alt": "C", "mid": 110045915.0, "gen_start": 110045915, "gen_end": 110045915, "cadd_score": 0.165351, "y": "0.74685", "x": "0.05982", "z": "0.45143", "id": "chr9:g.110045915A>C", "size": 10}, {"style": "filled", "name": "chr9:110252187-110252805", "color": "grey", "mid": 110252496.0, "dist2anchor": 0, "y": "0.70651", "x": "0.76732", "z": "0.23974", "id": "chr9:110252187-110252805", "size": 20}, {"style": "filled", "gen_chrom": "chr9", "all_ref": "C", "name": "chr9:g.110858188C>G", "color": "orange", "all_alt": "G", "mid": 110858188.0, "gen_start": 110858188, "rsid": "rs192246063", "gen_end": 110858188, "cadd_score": 0.515055, "y": "0.31109", "x": "0.21256", "z": "0.89255", "id": "chr9:g.110858188C>G", "size": 10}, {"style": "filled", "gen_chrom": "chr9", "all_ref": "G", "name": "chr9:g.110200996G>A", "color": "orange", "all_alt": "A", "mid": 110200996.0, "gen_start": 110200996, "rsid": "rs182337603", "gen_end": 110200996, "cadd_score": 0.149197, "y": "0.69292", "x": "0.40242", "z": "0.98803", "id": "chr9:g.110200996G>A", "size": 10}, {"style": "filled", "name": "chr9:110011389-110011876", "color": "grey", "mid": 110011632.5, "dist2anchor": 32413, "y": "0.98237", "x": "0.31749", "z": "0.56509", "id": "chr9:110011389-110011876", "size": 20}, {"style": "filled", "gen_chrom": "chr9", "all_ref": "C", "name": "chr9:g.110868550C>T", "color": "orange", "all_alt": "T", "grasp_pmid": "20339536,20383146,", "mid": 110868550.0, "gen_start": 110868550, "id": "chr9:g.110868550C>T", "rsid": "rs1412436", "gen_end": 110868550, "cadd_score": 0.246854, "grasp_pheno": "Response_to_statin_treatment_(simvastatin,_,_pravastatin,_,_atorvastatin),_,_change_in_cholesterol_levels,_,_Chronic_kidney_disease_(CKD)_and_renal_traits,", "y": "0.63698", "x": "0.07464", "z": "0.2695", "deep_score": "U2AF2:-5.02, HuR:-3.36, ", "gtex_eqtl_pval": 0.215997, "size": 10}, {"style": "filled", "name": "chr9:110226859-110229310", "color": "green", "mid": -23961.5, "tfbs": "CTCF,CTCF_(C-20),CTCF_(SC-5916),Pol2,Rad21,SMC3_(ab9263)", "y": "0.59735", "x": "0.66915", "z": "0.49089", "id": "chr9:110226859-110229310", "size": 25}, {"style": "filled", "name": "chr9:111174657-111175827", "color": "green", "mid": 923196.0, "tfbs": "CTCF,CTCF_(SC-5916),JunD,Rad21", "y": "0.39876", "x": "0.66906", "z": "0.71145", "id": "chr9:111174657-111175827", "size": 25}, {"style": "filled", "gen_chrom": "chr9", "all_ref": "T", "name": "chr9:g.110437287T>C", "color": "orange", "all_alt": "C", "mid": 110437287.0, "gen_start": 110437287, "rsid": "rs59767327", "gen_end": 110437287, "cadd_score": 0.071672, "gtex_eqtl_pval": 0.944976, "y": "0.03126", "x": "0.44444", "z": "0.33859", "id": "chr9:g.110437287T>C", "size": 10}, {"style": "filled", "name": "chr9:110814317-110815530", "color": "grey", "mid": 562877.5, "tfbs": "", "y": "0.52817", "x": "0.85333", "z": "0.29477", "id": "chr9:110814317-110815530", "size": 20}, {"style": "filled", "gen_chrom": "chr9", "all_ref": "A", "name": "chr9:g.110436952A>G", "color": "orange", "all_alt": "G", "mid": 110436952.0, "gen_start": 110436952, "rsid": "rs150006040", "gen_end": 110436952, "cadd_score": -0.052121, "y": "0.05793", "x": "0.39808", "z": "0.28374", "deep_score": "U2AF2:3.57, ", "id": "chr9:g.110436952A>G", "size": 10}, {"style": "filled", "gen_chrom": "chr9", "all_ref": "C", "name": "chr9:g.111175225C>T", "color": "orange", "all_alt": "T", "mid": 111175225.0, "gen_start": 111175225, "rsid": "rs140483339", "gen_end": 111175225, "cadd_score": 0.243946, "y": "0.16116", "x": "0.45108", "z": "0.88608", "id": "chr9:g.111175225C>T", "size": 10}, {"style": "filled", "gen_chrom": "chr9", "all_ref": "A", "name": "chr9:g.110045950A>C", "color": "orange", "all_alt": "C", "mid": 110045950.0, "gen_start": 110045950, "gen_end": 110045950, "cadd_score": -0.199709, "y": "0.73318", "x": "0.08457", "z": "0.70387", "id": "chr9:g.110045950A>C", "size": 10}, {"style": "filled", "gen_chrom": "chr9", "all_ref": "C", "name": "chr9:g.110437175C>T", "color": "orange", "all_alt": "T", "grasp_pmid": "18535201,20339536,20383146,20383146,", "mid": 110437175.0, "gen_start": 110437175, "id": "chr9:g.110437175C>T", "rsid": "rs940287", "gen_end": 110437175, "cadd_score": 0.48317, "grasp_pheno": "Warfarin_dose,Response_to_statin_treatment_(simvastatin,_,_pravastatin,_,_atorvastatin),_,_change_in_cholesterol_levels,_,_Chronic_kidney_disease_(CKD)_and_renal_traits,Chronic_kidney_disease_(CKD)_and_renal_traits,", "y": "0.11336", "x": "0.5704", "z": "0.18462", "gtex_eqtl_pval": 0.84664, "size": 10}, {"style": "filled", "gen_chrom": "chr9", "all_ref": "G", "name": "chr9:g.110634980G>T", "color": "orange", "all_alt": "T", "mid": 110634980.0, "gen_start": 110634980, "rsid": "rs184121654", "gen_end": 110634980, "cadd_score": 1.027229, "y": "0.28224", "x": "0.07612", "z": "0.63969", "id": "chr9:g.110634980G>T", "size": 10}, {"style": "filled", "gen_chrom": "chr9", "all_ref": "C", "name": "chr9:g.110858163C>T", "color": "orange", "all_alt": "T", "mid": 110858163.0, "gen_start": 110858163, "rsid": "rs187915760", "gen_end": 110858163, "cadd_score": 0.457673, "y": "0.31868", "x": "0.27711", "z": "0.93421", "id": "chr9:g.110858163C>T", "size": 10}, {"style": "filled", "gen_chrom": "chr9", "all_ref": "G", "name": "chr9:g.110045943G>A", "color": "orange", "all_alt": "A", "mid": 110045943.0, "gen_start": 110045943, "gen_end": 110045943, "cadd_score": 0.196672, "y": "0.81281", "x": "0.09734", "z": "0.50136", "id": "chr9:g.110045943G>A", "size": 10}, {"style": "filled", "gen_chrom": "chr9", "all_ref": "T", "name": "chr9:g.111035190T>C", "color": "orange", "all_alt": "C", "mid": 111035190.0, "gen_start": 111035190, "rsid": "rs192211708", "gen_end": 111035190, "cadd_score": 0.166893, "y": "0.36532", "x": "0.58652", "z": "0.03217", "id": "chr9:g.111035190T>C", "size": 10}, {"style": "filled", "gen_chrom": "chr9", "all_ref": "G", "name": "chr9:g.110437134G>A", "color": "orange", "all_alt": "A", "mid": 110437134.0, "gen_start": 110437134, "rsid": "rs145287472", "gen_end": 110437134, "cadd_score": 0.059002, "y": "0.04338", "x": "0.58987", "z": "0.30123", "deep_score": "HSFY2:3.7, ", "id": "chr9:g.110437134G>A", "size": 10}, {"style": "filled", "gen_chrom": "chr9", "all_ref": "C", "name": "chr9:g.110184610C>T", "color": "orange", "all_alt": "T", "mid": 110184610.0, "gen_start": 110184610, "rsid": "rs148728573", "gen_end": 110184610, "cadd_score": 0.833114, "y": "0.78506", "x": "0.93618", "z": "0.60165", "id": "chr9:g.110184610C>T", "size": 10}, {"style": "filled", "gen_chrom": "chr9", "all_ref": "C", "name": "chr9:g.110634896C>T", "color": "orange", "all_alt": "T", "mid": 110634896.0, "gen_start": 110634896, "rsid": "rs192415837", "gen_end": 110634896, "cadd_score": 0.408202, "y": "0.28346", "x": "0.05808", "z": "0.57123", "deep_score": "PAX2:8.51, PHOX2A:5.68, UNCX:3.17, ", "id": "chr9:g.110634896C>T", "size": 10}, {"style": "filled", "gen_chrom": "chr9", "all_ref": "G", "name": "chr9:g.111034888G>A", "color": "orange", "all_alt": "A", "mid": 111034888.0, "gen_start": 111034888, "rsid": "rs6477626", "gen_end": 111034888, "cadd_score": 0.512041, "gtex_eqtl_pval": 0.674587, "y": "0.39437", "x": "0.51975", "z": "0.01223", "id": "chr9:g.111034888G>A", "size": 10}, {"style": "filled", "gen_chrom": "chr9", "all_ref": "A", "name": "chr9:g.111328223A>G", "color": "orange", "all_alt": "G", "mid": 111328223.0, "gen_start": 111328223, "rsid": "rs138524029", "gen_end": 111328223, "cadd_score": 1.807211, "y": "0.66858", "x": "0.83979", "z": "0.87831", "deep_score": "SMC3:5.04, RAD21:3.21, ", "id": "chr9:g.111328223A>G", "size": 10}, {"style": "filled", "gen_chrom": "chr9", "all_ref": "C", "name": "chr9:g.110200779C>G", "color": "orange", "all_alt": "G", "mid": 110200779.0, "gen_start": 110200779, "rsid": "rs73523736", "gen_end": 110200779, "cadd_score": -0.0475, "y": "0.88755", "x": "0.40396", "z": "0.84263", "id": "chr9:g.110200779C>G", "size": 10}, {"style": "filled", "gen_chrom": "chr9", "all_ref": "T", "name": "chr9:g.110045961T>C", "color": "orange", "all_alt": "C", "mid": 110045961.0, "gen_start": 110045961, "gen_end": 110045961, "cadd_score": -0.269602, "y": "0.80324", "x": "0.09123", "z": "0.57274", "deep_score": "HNF4A:4.58, ", "id": "chr9:g.110045961T>C", "size": 10}, {"style": "filled", "gen_chrom": "chr9", "all_ref": "A", "name": "chr9:g.111035187A>G", "color": "orange", "all_alt": "G", "mid": 111035187.0, "gen_start": 111035187, "rsid": "rs77990528", "gen_end": 111035187, "cadd_score": 0.249634, "y": "0.61919", "x": "0.69715", "z": "0.04829", "id": "chr9:g.111035187A>G", "size": 10}, {"style": "filled", "gen_chrom": "chr9", "all_ref": "G", "name": "chr9:g.111034788G>A", "color": "orange", "all_alt": "A", "grasp_pmid": "20081858", "mid": 111034788.0, "gen_start": 111034788, "id": "chr9:g.111034788G>A", "rsid": "rs1323397", "gen_end": 111034788, "cadd_score": 0.488662, "grasp_pheno": "Glucose_homeostasis_traits_(fasting_glucose,__fasting_insulin,__HOMA-B,__HOMA-IR),_,_", "y": "0.56895", "x": "0.66023", "z": "0.02524", "gtex_eqtl_pval": 0.081735, "size": 10}, {"style": "filled", "gen_chrom": "chr9", "all_ref": "A", "name": "chr9:g.110436968A>G", "color": "orange", "all_alt": "G", "mid": 110436968.0, "gen_start": 110436968, "rsid": "rs940289", "gen_end": 110436968, "cadd_score": 0.098002, "gtex_eqtl_pval": 0.648079, "y": "0.12206", "x": "0.67793", "z": "0.23127", "id": "chr9:g.110436968A>G", "size": 10}, {"style": "filled", "gen_chrom": "chr9", "all_ref": "C", "name": "chr9:g.110399898C>A", "color": "orange", "all_alt": "A", "mid": 110399898.0, "gen_start": 110399898, "rsid": "rs185519515", "gen_end": 110399898, "cadd_score": 0.430648, "y": "0.13027", "x": "0.85273", "z": "0.55552", "id": "chr9:g.110399898C>A", "size": 10}, {"style": "filled", "gen_chrom": "chr9", "all_ref": "G", "name": "chr9:g.110045940G>A", "color": "orange", "all_alt": "A", "mid": 110045940.0, "gen_start": 110045940, "gen_end": 110045940, "cadd_score": -0.083042, "y": "0.58094", "x": "0.00752", "z": "0.45628", "id": "chr9:g.110045940G>A", "size": 10}, {"style": "filled", "gen_chrom": "chr9", "all_ref": "G", "name": "chr9:g.110868532G>A", "color": "orange", "all_alt": "A", "mid": 110868532.0, "gen_start": 110868532, "rsid": "rs10120623", "gen_end": 110868532, "cadd_score": 0.27137, "gtex_eqtl_pval": 0.443044, "y": "0.55136", "x": "0.06395", "z": "0.25669", "id": "chr9:g.110868532G>A", "size": 10}, {"style": "filled", "gen_chrom": "chr9", "all_ref": "C", "name": "chr9:g.110399816C>T", "color": "orange", "all_alt": "T", "mid": 110399816.0, "gen_start": 110399816, "rsid": "rs181173318", "gen_end": 110399816, "cadd_score": 0.404085, "y": "0.25763", "x": "0.93748", "z": "0.3727", "id": "chr9:g.110399816C>T", "size": 10}, {"style": "filled", "gen_chrom": "chr9", "all_ref": "G", "name": "chr9:g.110512037G>A", "color": "orange", "all_alt": "A", "mid": 110512037.0, "gen_start": 110512037, "rsid": "rs142334457", "gen_end": 110512037, "cadd_score": 0.306485, "y": "0.05818", "x": "0.26133", "z": "0.52088", "deep_score": "SRSF10:3.49, ", "id": "chr9:g.110512037G>A", "size": 10}, {"style": "filled", "gen_chrom": "chr9", "all_ref": "G", "name": "chr9:g.110228589G>A", "color": "orange", "all_alt": "A", "mid": 110228589.0, "gen_start": 110228589, "rsid": "rs142680313", "gen_end": 110228589, "cadd_score": 0.809257, "y": "0.83115", "x": "0.89728", "z": "0.43884", "deep_score": "PHOX2A:3.12, ", "id": "chr9:g.110228589G>A", "size": 10}, {"style": "filled", "gen_chrom": "chr9", "all_ref": "T", "name": "chr9:g.110200995T>C", "color": "orange", "all_alt": "C", "grasp_pmid": "21355061", "mid": 110200995.0, "gen_start": 110200995, "id": "chr9:g.110200995T>C", "rsid": "rs947123", "gen_end": 110200995, "cadd_score": -0.049411, "grasp_pheno": "Albuminuria,__in_urine,_,_", "y": "0.68465", "x": "0.28021", "z": "0.9423", "deep_score": "SRSF10:6.32, ", "gtex_eqtl_pval": 0.647561, "size": 10}, {"style": "filled", "gen_chrom": "chr9", "all_ref": "T", "name": "chr9:g.110400080T>G", "color": "orange", "all_alt": "G", "mid": 110400080.0, "gen_start": 110400080, "rsid": "rs190317333", "gen_end": 110400080, "cadd_score": 1.770835, "y": "0.26096", "x": "0.95296", "z": "0.61293", "id": "chr9:g.110400080T>G", "size": 10}, {"style": "filled", "gen_chrom": "chr9", "all_ref": "G", "name": "chr9:g.111175306G>A", "color": "orange", "all_alt": "A", "mid": 111175306.0, "gen_start": 111175306, "rsid": "rs184419438", "gen_end": 111175306, "cadd_score": 0.300014, "y": "0.20683", "x": "0.49316", "z": "0.92968", "id": "chr9:g.111175306G>A", "size": 10}, {"style": "filled", "name": "chr9:110234584-110235959", "color": "red", "mid": -16774.5, "tfbs": "", "y": "0.66389", "x": "0.60943", "z": "0.29887", "id": "chr9:110234584-110235959", "size": 25}, {"style": "filled", "name": "chr9:110187013-110188430", "color": "green", "mid": -64324.5, "tfbs": "CTCF,CTCF_(C-20),CTCF_(SC-5916),E2F6_(H-50),Max,Rad21,SMC3_(ab9263),TCF4,Znf143_(16618-1-AP)", "y": "0.67223", "x": "0.59564", "z": "0.45752", "id": "chr9:110187013-110188430", "size": 25}, {"style": "filled", "gen_chrom": "chr9", "all_ref": "G", "name": "chr9:g.110045970G>A", "color": "orange", "all_alt": "A", "mid": 110045970.0, "gen_start": 110045970, "gen_end": 110045970, "cadd_score": 0.099082, "y": "0.7287", "x": "0.05805", "z": "0.64314", "id": "chr9:g.110045970G>A", "size": 10}, {"style": "filled", "gen_chrom": "chr9", "all_ref": "C", "name": "chr9:g.110512231C>T", "color": "orange", "all_alt": "T", "mid": 110512231.0, "gen_start": 110512231, "rsid": "rs145328445", "gen_end": 110512231, "cadd_score": 1.843903, "y": "0.00997", "x": "0.49974", "z": "0.61137", "id": "chr9:g.110512231C>T", "size": 10}, {"style": "filled", "name": "chr9:110103260-110103929", "color": "grey", "mid": 110103594.5, "dist2anchor": 0, "y": "0.90169", "x": "0.37088", "z": "0.25828", "id": "chr9:110103260-110103929", "size": 20}, {"style": "filled", "gen_chrom": "chr9", "all_ref": "C", "name": "chr9:g.110103414C>T", "color": "orange", "all_alt": "T", "grasp_pmid": "20383146,20686565,", "mid": 110103414.0, "gen_start": 110103414, "id": "chr9:g.110103414C>T", "rsid": "rs817849", "gen_end": 110103414, "cadd_score": 0.265589, "grasp_pheno": "Chronic_kidney_disease_(CKD)_and_renal_traits,Lipid_level_measurements,", "y": "0.82", "x": "0.31007", "z": "0.15733", "gtex_eqtl_pval": 0.312534, "size": 10}, {"style": "filled", "name": "chr9:110200424-110201039", "color": "grey", "mid": 110200731.5, "dist2anchor": 0, "y": "0.77605", "x": "0.39142", "z": "0.88678", "id": "chr9:110200424-110201039", "size": 20}, {"style": "filled", "gen_chrom": "chr9", "all_ref": "G", "name": "chr9:g.110045916G>A", "color": "orange", "all_alt": "A", "mid": 110045916.0, "gen_start": 110045916, "gen_end": 110045916, "cadd_score": -0.38906, "y": "0.57611", "x": "0.01817", "z": "0.66173", "id": "chr9:g.110045916G>A", "size": 10}, {"style": "filled", "name": "chr9:110634768-110635048", "color": "grey", "mid": 110634908.0, "dist2anchor": 10671, "y": "0.31219", "x": "0.15602", "z": "0.51846", "id": "chr9:110634768-110635048", "size": 20}, {"style": "filled", "gen_chrom": "chr9", "all_ref": "A", "name": "chr9:g.110857960A>G", "color": "orange", "all_alt": "G", "mid": 110857960.0, "gen_start": 110857960, "rsid": "rs1434851", "gen_end": 110857960, "cadd_score": -0.067657, "gtex_eqtl_pval": 0.879492, "y": "0.40922", "x": "0.28475", "z": "0.96282", "id": "chr9:g.110857960A>G", "size": 10}, {"style": "filled", "gen_chrom": "chr9", "all_ref": "C", "name": "chr9:g.111328012C>T", "color": "orange", "all_alt": "T", "mid": 111328012.0, "gen_start": 111328012, "rsid": "rs146464179", "gen_end": 111328012, "cadd_score": 0.057505, "y": "0.55999", "x": "0.81937", "z": "0.92697", "id": "chr9:g.111328012C>T", "size": 10}, {"style": "filled", "gen_chrom": "chr9", "all_ref": "C", "name": "chr9:g.110437327C>T", "color": "orange", "all_alt": "T", "mid": 110437327.0, "gen_start": 110437327, "rsid": "rs183422377", "gen_end": 110437327, "cadd_score": 0.001661, "y": "0.01648", "x": "0.52418", "z": "0.35706", "deep_score": "CTCF:4.69, ", "id": "chr9:g.110437327C>T", "size": 10}, {"style": "filled", "gen_chrom": "chr9", "all_ref": "C", "name": "chr9:g.110200756C>T", "color": "orange", "all_alt": "T", "mid": 110200756.0, "gen_start": 110200756, "rsid": "rs146947030", "gen_end": 110200756, "cadd_score": 0.550967, "y": "0.75965", "x": "0.26334", "z": "0.89344", "id": "chr9:g.110200756C>T", "size": 10}, {"style": "filled", "gene": true, "name": "KLF4: chr9:110248842-110254571", "color": "blue", "mid": 1, "fpkm": 63.00066, "tfbs": "AP-2alpha,AP-2gamma,CCNT2,CTCF,CTCF_(C-20),CTCF_(SC-5916),CtBP2,E2F1,E2F4,E2F6,E2F6_(H-50),Egr-1,FOXA1_(C-20),GR,GTF2F1_(RAP-74),HA-E2F1,Ini1,JunD,Max,NANOG_(SC-33759),Pol2,Pol2(phosphoS2),Pol2-4H8,Rad21,TAF1,TBP,TCF4,USF-1,USF1_(SC-8983),YY1_(C-20),ZNF263,c-Fos,c-Myc,eGFP-JunD", "y": "0.57597", "x": "0.59439", "z": "0.43381", "id": "chr9:110248842-110254571", "size": 50}, {"style": "filled", "gen_chrom": "chr9", "all_ref": "A", "name": "chr9:g.110857949A>G", "color": "orange", "all_alt": "G", "grasp_pmid": "18445777", "mid": 110857949.0, "gen_start": 110857949, "id": "chr9:g.110857949A>G", "rsid": "rs1434852", "gen_end": 110857949, "cadd_score": 0.192241, "grasp_pheno": "Bone_mineral_density_(BMD)", "y": "0.42474", "x": "0.21743", "z": "0.92959", "deep_score": "HNRNPH2:-3.47, ", "gtex_eqtl_pval": 0.809833, "size": 10}, {"style": "filled", "gen_chrom": "chr9", "all_ref": "A", "name": "chr9:g.110103835A>C", "color": "orange", "all_alt": "C", "mid": 110103835.0, "gen_start": 110103835, "rsid": "rs181245274", "gen_end": 110103835, "cadd_score": -0.346437, "y": "0.83868", "x": "0.39025", "z": "0.13712", "id": "chr9:g.110103835A>C", "size": 10}, {"style": "filled", "gen_chrom": "chr9", "all_ref": "A", "name": "chr9:g.110103364A>G", "color": "orange", "all_alt": "G", "mid": 110103364.0, "gen_start": 110103364, "rsid": "rs115664652", "gen_end": 110103364, "cadd_score": -0.217651, "y": "0.95633", "x": "0.31603", "z": "0.34399", "id": "chr9:g.110103364A>G", "size": 10}, {"style": "filled", "name": "chr9:111433001-111434312", "color": "green", "mid": 1181610.5, "tfbs": "CTCF,CTCF_(SC-5916),Rad21,SMC3_(ab9263)", "y": "0.62081", "x": "0.58819", "z": "0.6171", "id": "chr9:111433001-111434312", "size": 25}, {"style": "filled", "name": "chr9:111518611-111519843", "color": "grey", "mid": 1267181.0, "tfbs": "CTCF,CTCF_(SC-5916),FOXA1_(C-20),PU.1,Rad21", "y": "0.64292", "x": "0.77996", "z": "0.55151", "id": "chr9:111518611-111519843", "size": 20}, {"style": "filled", "gen_chrom": "chr9", "all_ref": "G", "name": "chr9:g.110512078G>A", "color": "orange", "all_alt": "A", "mid": 110512078.0, "gen_start": 110512078, "rsid": "rs147495445", "gen_end": 110512078, "cadd_score": 0.29917, "y": "0.02611", "x": "0.32403", "z": "0.52146", "id": "chr9:g.110512078G>A", "size": 10}, {"style": "filled", "gen_chrom": "chr9", "all_ref": "C", "name": "chr9:g.110868281C>G", "color": "orange", "all_alt": "G", "mid": 110868281.0, "gen_start": 110868281, "rsid": "rs10979209", "gen_end": 110868281, "cadd_score": 2.268414, "gtex_eqtl_pval": 0.943378, "y": "0.6823", "x": "0.11544", "z": "0.24076", "id": "chr9:g.110868281C>G", "size": 10}, {"style": "filled", "gen_chrom": "chr9", "all_ref": "G", "name": "chr9:g.110103897G>A", "color": "orange", "all_alt": "A", "mid": 110103897.0, "gen_start": 110103897, "rsid": "rs148515961", "gen_end": 110103897, "cadd_score": 0.09943, "y": "0.8919", "x": "0.2898", "z": "0.24499", "id": "chr9:g.110103897G>A", "size": 10}, {"style": "filled", "name": "chr9:111277720-111278951", "color": "green", "mid": 1026289.5, "tfbs": "CTCF,CTCF_(SC-5916),Rad21", "y": "0.68533", "x": "0.67376", "z": "0.69605", "id": "chr9:111277720-111278951", "size": 25}, {"style": "filled", "gen_chrom": "chr9", "all_ref": "C", "name": "chr9:g.110400554C>A", "color": "orange", "all_alt": "A", "mid": 110400554.0, "gen_start": 110400554, "rsid": "rs143702580", "gen_end": 110400554, "cadd_score": 0.744218, "y": "0.1781", "x": "0.89976", "z": "0.43958", "deep_score": "TFAP2C:12.01, TFAP2B:7.0, TFAP2A:3.77, ", "id": "chr9:g.110400554C>A", "size": 10}, {"style": "filled", "gen_chrom": "chr9", "all_ref": "G", "name": "chr9:g.110228429G>A", "color": "orange", "all_alt": "A", "mid": 110228429.0, "gen_start": 110228429, "rsid": "rs192166781", "gen_end": 110228429, "cadd_score": 0.575942, "y": "0.95466", "x": "0.73623", "z": "0.40502", "deep_score": "RBM4:3.61, ", "id": "chr9:g.110228429G>A", "size": 10}, {"style": "filled", "gen_chrom": "chr9", "all_ref": "T", "name": "chr9:g.111327914T>C", "color": "orange", "all_alt": "C", "mid": 111327914.0, "gen_start": 111327914, "rsid": "rs182194301", "gen_end": 111327914, "cadd_score": -0.046935, "y": "0.65694", "x": "0.70608", "z": "0.9677", "id": "chr9:g.111327914T>C", "size": 10}, {"style": "filled", "gen_chrom": "chr9", "all_ref": "C", "name": "chr9:g.110103803C>T", "color": "orange", "all_alt": "T", "mid": 110103803.0, "gen_start": 110103803, "rsid": "rs144671437", "gen_end": 110103803, "cadd_score": 0.099121, "y": "0.89898", "x": "0.38686", "z": "0.19739", "id": "chr9:g.110103803C>T", "size": 10}, {"style": "filled", "gen_chrom": "chr9", "all_ref": "C", "name": "chr9:g.111034720C>T", "color": "orange", "all_alt": "T", "mid": 111034720.0, "gen_start": 111034720, "rsid": "rs185686602", "gen_end": 111034720, "cadd_score": 0.33762, "y": "0.62229", "x": "0.58552", "z": "0.01934", "deep_score": "GBX1:4.4, ", "id": "chr9:g.111034720C>T", "size": 10}, {"style": "filled", "gen_chrom": "chr9", "all_ref": "G", "name": "chr9:g.110634950G>A", "color": "orange", "all_alt": "A", "mid": 110634950.0, "gen_start": 110634950, "rsid": "rs73653674", "gen_end": 110634950, "cadd_score": 0.15763, "y": "0.22299", "x": "0.0876", "z": "0.52944", "deep_score": "FOXD2:3.05, ", "id": "chr9:g.110634950G>A", "size": 10}, {"style": "filled", "name": "chr9:111044848-111045932", "color": "grey", "mid": 793344.0, "tfbs": "CTCF,CTCF_(SC-5916),Rad21", "y": "0.50242", "x": "0.7142", "z": "0.57854", "id": "chr9:111044848-111045932", "size": 20}, {"style": "filled", "name": "chr9:110623190-110624098", "color": "grey", "mid": 371598.0, "tfbs": "CTCF,CTCF_(SC-5916),Rad21", "y": "0.47575", "x": "0.4128", "z": "0.44974", "id": "chr9:110623190-110624098", "size": 20}, {"style": "filled", "gen_chrom": "chr9", "all_ref": "G", "name": "chr9:g.110436823G>A", "color": "orange", "all_alt": "A", "mid": 110436823.0, "gen_start": 110436823, "rsid": "rs186893413", "gen_end": 110436823, "cadd_score": 0.309954, "y": "0.07123", "x": "0.66689", "z": "0.28846", "id": "chr9:g.110436823G>A", "size": 10}, {"style": "filled", "name": "chr9:111297347-111298650", "color": "green", "mid": 1045952.5, "tfbs": "CTCF,CTCFL_(SC-98982),CTCF_(SC-5916),Rad21,SMC3_(ab9263),c-Fos", "y": "0.77596", "x": "0.60853", "z": "0.71857", "id": "chr9:111297347-111298650", "size": 25}, {"style": "filled", "gen_chrom": "chr9", "all_ref": "C", "name": "chr9:g.110200745C>T", "color": "orange", "all_alt": "T", "mid": 110200745.0, "gen_start": 110200745, "rsid": "rs142748063", "gen_end": 110200745, "cadd_score": 0.378043, "y": "0.84363", "x": "0.30449", "z": "0.85271", "id": "chr9:g.110200745C>T", "size": 10}, {"style": "filled", "gen_chrom": "chr9", "all_ref": "C", "name": "chr9:g.110857855C>T", "color": "orange", "all_alt": "T", "mid": 110857855.0, "gen_start": 110857855, "rsid": "rs147297141", "gen_end": 110857855, "cadd_score": -0.029477, "y": "0.27758", "x": "0.17186", "z": "0.83384", "deep_score": "TFAP2C:11.9, PABPN1:4.26, FOXD2:3.03, ", "id": "chr9:g.110857855C>T", "size": 10}, {"style": "filled", "gen_chrom": "chr9", "all_ref": "C", "name": "chr9:g.110868531C>T", "color": "orange", "all_alt": "T", "mid": 110868531.0, "gen_start": 110868531, "rsid": "rs190049936", "gen_end": 110868531, "cadd_score": 0.212491, "y": "0.52242", "x": "0.14209", "z": "0.15629", "id": "chr9:g.110868531C>T", "size": 10}, {"style": "filled", "gen_chrom": "chr9", "all_ref": "A", "name": "chr9:g.110868320A>G", "color": "orange", "all_alt": "G", "mid": 110868320.0, "gen_start": 110868320, "rsid": "rs144074706", "gen_end": 110868320, "cadd_score": 1.085254, "y": "0.44391", "x": "0.06885", "z": "0.26098", "id": "chr9:g.110868320A>G", "size": 10}, {"style": "filled", "gen_chrom": "chr9", "all_ref": "C", "name": "chr9:g.111035097C>T", "color": "orange", "all_alt": "T", "mid": 111035097.0, "gen_start": 111035097, "rsid": "rs116479630", "gen_end": 111035097, "cadd_score": 0.509798, "y": "0.36358", "x": "0.67043", "z": "0.04662", "id": "chr9:g.111035097C>T", "size": 10}, {"style": "filled", "gen_chrom": "chr9", "all_ref": "G", "name": "chr9:g.111175413G>C", "color": "orange", "all_alt": "C", "grasp_pmid": "20339536", "mid": 111175413.0, "gen_start": 111175413, "id": "chr9:g.111175413G>C", "rsid": "rs10979345", "gen_end": 111175413, "cadd_score": -0.137269, "grasp_pheno": "Response_to_statin_treatment_(simvastatin,__pravastatin,__atorvastatin),__change_in_cholesterol_levels,_,_", "y": "0.15527", "x": "0.6468", "z": "0.86393", "deep_score": "HSFY2:3.53, RBM24:3.13, ", "gtex_eqtl_pval": 0.705273, "size": 10}, {"style": "filled", "gen_chrom": "chr9", "all_ref": "T", "name": "chr9:g.110103725T>C", "color": "orange", "all_alt": "C", "mid": 110103725.0, "gen_start": 110103725, "rsid": "rs76638730", "gen_end": 110103725, "cadd_score": 0.173715, "y": "0.84909", "x": "0.25018", "z": "0.23349", "id": "chr9:g.110103725T>C", "size": 10}, {"style": "filled", "gen_chrom": "chr9", "all_ref": "C", "name": "chr9:g.110252399C>T", "color": "orange", "all_alt": "T", "mid": 110252399.0, "gen_start": 110252399, "rsid": "rs115212381", "gen_end": 110252399, "cadd_score": 1.037174, "y": "0.77547", "x": "0.77721", "z": "0.16328", "deep_score": "POLR2A:3.33, ", "id": "chr9:g.110252399C>T", "size": 10}, {"style": "filled", "gen_chrom": "chr9", "all_ref": "G", "name": "chr9:g.110011557G>T", "color": "orange", "all_alt": "T", "mid": 110011557.0, "gen_start": 110011557, "rsid": "rs188222471", "gen_end": 110011557, "cadd_score": 0.916623, "y": "0.9994", "x": "0.38628", "z": "0.63284", "deep_score": "SRSF10:4.29, ", "id": "chr9:g.110011557G>T", "size": 10}, {"style": "filled", "gen_chrom": "chr9", "all_ref": "T", "name": "chr9:g.110868381T>C", "color": "orange", "all_alt": "C", "mid": 110868381.0, "gen_start": 110868381, "rsid": "rs10816630", "gen_end": 110868381, "cadd_score": -0.086601, "gtex_eqtl_pval": 0.452325, "y": "0.47928", "x": "0.10292", "z": "0.19843", "id": "chr9:g.110868381T>C", "size": 10}, {"style": "filled", "gen_chrom": "chr9", "all_ref": "A", "name": "chr9:g.111034566A>G", "color": "orange", "all_alt": "G", "mid": 111034566.0, "gen_start": 111034566, "rsid": "rs150093820", "gen_end": 111034566, "cadd_score": 1.365539, "y": "0.54789", "x": "0.76695", "z": "0.07593", "deep_score": "RBFOX1:5.36, NFAT5:4.87, ", "id": "chr9:g.111034566A>G", "size": 10}, {"style": "filled", "gen_chrom": "chr9", "all_ref": "C", "name": "chr9:g.111034825C>A", "color": "orange", "all_alt": "A", "mid": 111034825.0, "gen_start": 111034825, "rsid": "rs9299149", "gen_end": 111034825, "cadd_score": 0.568683, "gtex_eqtl_pval": 0.54085, "y": "0.501", "x": "0.58204", "z": "0.00308", "deep_score": "PABPN1:-4.48, ", "id": "chr9:g.111034825C>A", "size": 10}, {"style": "filled", "name": "chr9:111230147-111231395", "color": "grey", "mid": 978725.0, "tfbs": "BHLHE40,CTCF,CTCFL_(SC-98982),CTCF_(C-20),CTCF_(SC-5916),HNF4A,HNF4A_(H-171),HNF4G_(SC-6558),Oct-2,POU2F2,POU5F1_(SC-9081),Rad21,SMC3_(ab9263),YY1,YY1_(C-20),p300", "y": "0.51872", "x": "0.67084", "z": "0.64264", "id": "chr9:111230147-111231395", "size": 20}, {"style": "filled", "gen_chrom": "chr9", "all_ref": "G", "name": "chr9:g.110228443G>A", "color": "orange", "all_alt": "A", "mid": 110228443.0, "gen_start": 110228443, "rsid": "rs13286787", "gen_end": 110228443, "cadd_score": 0.850005, "gtex_eqtl_pval": 0.018466, "y": "0.91369", "x": "0.73909", "z": "0.31742", "id": "chr9:g.110228443G>A", "size": 10}, {"style": "filled", "name": "chr9:110183824-110185854", "color": "green", "mid": -67207.0, "tfbs": "ATF3,BHLHE40,CTCF,CTCF_(C-20),CTCF_(SC-5916),FOXA1_(C-20),GATA3_(SC-268),Max,Rad21,SMC3_(ab9263),USF-1,USF1_(SC-8983),USF2,c-Myc", "y": "0.65584", "x": "0.6206", "z": "0.52878", "id": "chr9:110183824-110185854", "size": 25}, {"style": "filled", "gen_chrom": "chr9", "all_ref": "A", "name": "chr9:g.110511904A>T", "color": "orange", "all_alt": "T", "mid": 110511904.0, "gen_start": 110511904, "rsid": "rs148464292", "gen_end": 110511904, "cadd_score": 2.743181, "y": "0.0517", "x": "0.30034", "z": "0.62649", "deep_score": "BARHL2:3.21, ", "id": "chr9:g.110511904A>T", "size": 10}, {"style": "filled", "name": "chr9:110868252-110868593", "color": "grey", "mid": 110868422.5, "dist2anchor": 18820, "y": "0.55157", "x": "0.1349", "z": "0.30304", "id": "chr9:110868252-110868593", "size": 20}, {"style": "filled", "gen_chrom": "chr9", "all_ref": "G", "name": "chr9:g.110400451G>A", "color": "orange", "all_alt": "A", "mid": 110400451.0, "gen_start": 110400451, "rsid": "rs114026999", "gen_end": 110400451, "cadd_score": 2.004947, "y": "0.33964", "x": "0.98075", "z": "0.4241", "id": "chr9:g.110400451G>A", "size": 10}, {"style": "filled", "gen_chrom": "chr9", "all_ref": "T", "name": "chr9:g.111328248T>C", "color": "orange", "all_alt": "C", "mid": 111328248.0, "gen_start": 111328248, "rsid": "rs187117760", "gen_end": 111328248, "cadd_score": 0.045769, "y": "0.58784", "x": "0.69215", "z": "0.99271", "id": "chr9:g.111328248T>C", "size": 10}, {"style": "filled", "name": "chr9:110399268-110400966", "color": "green", "mid": 148071.0, "tfbs": "CTCF,Pol2,Pol2(b),RXRA,TAF1,TBP,USF-1,USF1_(SC-8983),c-Jun", "y": "0.39705", "x": "0.70059", "z": "0.42949", "id": "chr9:110399268-110400966", "size": 25}, {"style": "filled", "gen_chrom": "chr9", "all_ref": "G", "name": "chr9:g.110046579G>T", "color": "orange", "all_alt": "T", "mid": 110046579.0, "gen_start": 110046579, "rsid": "rs139516416", "gen_end": 110046579, "cadd_score": 0.10599, "y": "0.6975", "x": "0.02601", "z": "0.50072", "id": "chr9:g.110046579G>T", "size": 10}, {"style": "filled", "gen_chrom": "chr9", "all_ref": "C", "name": "chr9:g.110200495C>T", "color": "orange", "all_alt": "T", "mid": 110200495.0, "gen_start": 110200495, "rsid": "rs115137839", "gen_end": 110200495, "cadd_score": 0.159196, "y": "0.74325", "x": "0.46646", "z": "0.96286", "id": "chr9:g.110200495C>T", "size": 10}, {"style": "filled", "name": "chr9:110436588-110437488", "color": "grey", "mid": 110437038.0, "dist2anchor": 35623, "y": "0.12101", "x": "0.54308", "z": "0.26934", "id": "chr9:110436588-110437488", "size": 20}, {"style": "filled", "name": "chr9:110513398-110514433", "color": "red", "mid": 261869.5, "tfbs": "AP-2alpha,AP-2gamma,CEBPB,EBF,EBF1_(C-8),FOSL2,HNF4A_(H-171),HNF4G_(SC-6558),Ini1,JunD,MafK_(SC-477),NFKB,PRDM1_(Val90),Pol2-4H8,Rad21,TCF12,YY1_(C-20),c-Fos,eGFP-JunD,p300_(N-15)", "y": "0.36653", "x": "0.54321", "z": "0.45736", "id": "chr9:110513398-110514433", "size": 25}, {"style": "filled", "gen_chrom": "chr9", "all_ref": "C", "name": "chr9:g.111328095C>T", "color": "orange", "all_alt": "T", "mid": 111328095.0, "gen_start": 111328095, "rsid": "rs144630044", "gen_end": 111328095, "cadd_score": 0.184874, "y": "0.51982", "x": "0.9125", "z": "0.83246", "deep_score": "GBX1:5.33, ", "id": "chr9:g.111328095C>T", "size": 10}, {"style": "filled", "gen_chrom": "chr9", "all_ref": "T", "name": "chr9:g.110399665T>C", "color": "orange", "all_alt": "C", "mid": 110399665.0, "gen_start": 110399665, "rsid": "rs189905932", "gen_end": 110399665, "cadd_score": 0.246354, "y": "0.3566", "x": "1.0", "z": "0.51351", "id": "chr9:g.110399665T>C", "size": 10}, {"style": "filled", "gen_chrom": "chr9", "all_ref": "A", "name": "chr9:g.111034497A>G", "color": "orange", "all_alt": "G", "mid": 111034497.0, "gen_start": 111034497, "rsid": "rs76824538", "gen_end": 111034497, "cadd_score": 1.55871, "y": "0.57074", "x": "0.51873", "z": "0.00343", "deep_score": "RBFOX1:10.56, SART3:3.91, HNRNPA2B1:3.7, ", "id": "chr9:g.111034497A>G", "size": 10}, {"style": "filled", "gen_chrom": "chr9", "all_ref": "C", "name": "chr9:g.110103601C>G", "color": "orange", "all_alt": "G", "mid": 110103601.0, "gen_start": 110103601, "rsid": "rs147405869", "gen_end": 110103601, "cadd_score": -0.290437, "y": "0.88625", "x": "0.46516", "z": "0.18085", "deep_score": "TFAP2C:5.39, ", "id": "chr9:g.110103601C>G", "size": 10}, {"style": "filled", "gen_chrom": "chr9", "all_ref": "C", "name": "chr9:g.110103785C>T", "color": "orange", "all_alt": "T", "mid": 110103785.0, "gen_start": 110103785, "rsid": "rs149381779", "gen_end": 110103785, "cadd_score": 0.455727, "y": "0.97785", "x": "0.39562", "z": "0.32846", "id": "chr9:g.110103785C>T", "size": 10}, {"style": "filled", "gen_chrom": "chr9", "all_ref": "C", "name": "chr9:g.111328051C>G", "color": "orange", "all_alt": "G", "mid": 111328051.0, "gen_start": 111328051, "rsid": "rs140880918", "gen_end": 111328051, "cadd_score": -0.226537, "y": "0.49486", "x": "0.87538", "z": "0.87936", "deep_score": "PAX2:10.69, PAX5:9.58, ", "id": "chr9:g.111328051C>G", "size": 10}, {"style": "filled", "name": "chr9:110102962-110104287", "color": "green", "mid": -148421.5, "tfbs": "AP-2alpha,AP-2gamma,CTCF,CTCFL_(SC-98982),CTCF_(C-20),CTCF_(SC-5916),ELF1_(SC-631),FOSL2,FOXA1_(C-20),IRF4_(M-17),NFKB,PAX5-C20,Pol2,Pol2-4H8,Rad21,SMC3_(ab9263),SP1,TCF12,YY1,YY1_(C-20),ZNF263,Znf143_(16618-1-AP),c-Myc", "y": "0.78678", "x": "0.45889", "z": "0.45637", "id": "chr9:110102962-110104287", "size": 25}, {"style": "filled", "name": "chr9:111034336-111035212", "color": "grey", "mid": 111034774.0, "dist2anchor": 0, "y": "0.49275", "x": "0.6362", "z": "0.06731", "id": "chr9:111034336-111035212", "size": 20}], "links": [{"source": 0, "capacity": 1, "target": 147, "weight": 3, "label": 1}, {"source": 0, "capacity": 1, "target": 149, "weight": 2, "label": 1}, {"source": 0, "capacity": 1, "target": 71, "weight": 2, "label": 1}, {"source": 0, "capacity": 1, "target": 119, "weight": 2, "label": 1}, {"source": 0, "capacity": 1, "target": 120, "weight": 3, "label": 1}, {"source": 0, "capacity": 1, "target": 131, "weight": 2, "label": 1}, {"source": 1, "target": 9, "label": ""}, {"source": 1, "target": 58, "label": ""}, {"source": 1, "target": 104, "label": ""}, {"source": 1, "target": 32, "label": ""}, {"source": 1, "target": 34, "label": ""}, {"source": 1, "target": 109, "label": ""}, {"source": 1, "target": 62, "label": ""}, {"source": 1, "target": 5, "label": ""}, {"source": 1, "target": 77, "label": ""}, {"source": 1, "target": 65, "label": ""}, {"source": 1, "target": 89, "label": ""}, {"source": 1, "target": 155, "label": ""}, {"source": 1, "target": 94, "label": ""}, {"source": 1, "target": 81, "label": ""}, {"source": 1, "target": 42, "label": ""}, {"source": 2, "target": 12, "label": ""}, {"source": 3, "capacity": 1, "target": 149, "weight": 3, "label": 1}, {"source": 3, "capacity": 1, "target": 71, "weight": 3, "label": 1}, {"source": 3, "capacity": 1, "target": 147, "weight": 2, "label": 1}, {"source": 3, "capacity": 1, "target": 39, "weight": 2, "label": 1}, {"source": 4, "target": 157, "label": ""}, {"source": 6, "target": 21, "label": ""}, {"source": 7, "target": 11, "label": ""}, {"source": 8, "target": 166, "label": ""}, {"source": 10, "target": 49, "label": ""}, {"source": 11, "target": 72, "label": ""}, {"source": 11, "target": 76, "label": ""}, {"source": 11, "target": 37, "label": ""}, {"source": 11, "target": 140, "label": ""}, {"source": 11, "target": 101, "label": ""}, {"source": 11, "target": 20, "label": ""}, {"source": 11, "target": 29, "label": ""}, {"source": 12, "target": 57, "label": ""}, {"source": 12, "target": 43, "label": ""}, {"source": 12, "target": 44, "label": ""}, {"source": 12, "target": 159, "label": ""}, {"source": 12, "target": 48, "label": ""}, {"source": 12, "target": 60, "label": ""}, {"source": 12, "target": 35, "label": ""}, {"source": 12, "target": 87, "label": ""}, {"source": 12, "target": 14, "label": ""}, {"source": 12, "target": 127, "label": ""}, {"source": 12, "target": 112, "label": ""}, {"source": 12, "target": 153, "label": ""}, {"source": 12, "target": 164, "label": ""}, {"source": 13, "target": 157, "label": ""}, {"source": 14, "capacity": 1, "target": 124, "weight": 3, "label": 1}, {"source": 14, "capacity": 1, "target": 149, "weight": 3, "label": 1}, {"source": 14, "capacity": 1, "target": 71, "weight": 4, "label": 1}, {"source": 14, "capacity": 1, "target": 119, "weight": 3, "label": 1}, {"source": 14, "capacity": 1, "target": 131, "weight": 2, "label": 1}, {"source": 15, "target": 106, "label": ""}, {"source": 16, "target": 108, "label": ""}, {"source": 17, "capacity": 1, "target": 71, "weight": 2, "label": 1}, {"source": 18, "target": 49, "label": ""}, {"source": 19, "target": 21, "label": ""}, {"source": 21, "target": 149, "label": ""}, {"source": 21, "target": 84, "label": ""}, {"source": 22, "target": 31, "label": ""}, {"source": 23, "target": 157, "label": ""}, {"source": 24, "target": 59, "label": ""}, {"source": 25, "target": 108, "label": ""}, {"source": 26, "target": 49, "label": ""}, {"source": 27, "capacity": 1, "target": 149, "weight": 4, "label": 1}, {"source": 27, "target": 108, "label": ""}, {"source": 28, "target": 31, "label": ""}, {"source": 30, "target": 49, "label": ""}, {"source": 31, "target": 126, "label": ""}, {"source": 31, "target": 98, "label": ""}, {"source": 31, "target": 148, "label": ""}, {"source": 31, "target": 71, "label": ""}, {"source": 31, "target": 38, "label": ""}, {"source": 33, "target": 157, "label": ""}, {"source": 36, "target": 166, "label": ""}, {"source": 39, "capacity": 1, "target": 115, "weight": 3, "label": 1}, {"source": 39, "capacity": 1, "target": 71, "weight": 3, "label": 1}, {"source": 39, "capacity": 1, "target": 45, "weight": 4, "label": 1}, {"source": 39, "capacity": 1, "target": 74, "weight": 2, "label": 1}, {"source": 39, "target": 166, "label": ""}, {"source": 39, "capacity": 1, "target": 131, "weight": 2, "label": 1}, {"source": 40, "target": 49, "label": ""}, {"source": 41, "target": 116, "label": ""}, {"source": 41, "target": 67, "label": ""}, {"source": 41, "target": 136, "label": ""}, {"source": 41, "target": 111, "label": ""}, {"source": 41, "target": 52, "label": ""}, {"source": 41, "target": 80, "label": ""}, {"source": 41, "target": 61, "label": ""}, {"source": 45, "capacity": 1, "target": 71, "weight": 2, "label": 1}, {"source": 45, "capacity": 1, "target": 158, "weight": 2, "label": 1}, {"source": 46, "target": 157, "label": ""}, {"source": 47, "target": 108, "label": ""}, {"source": 49, "target": 96, "label": ""}, {"source": 49, "target": 160, "label": ""}, {"source": 49, "target": 100, "label": ""}, {"source": 49, "target": 125, "label": ""}, {"source": 49, "target": 152, "label": ""}, {"source": 49, "target": 154, "label": ""}, {"source": 49, "target": 93, "label": ""}, {"source": 50, "target": 157, "label": ""}, {"source": 51, "target": 166, "label": ""}, {"source": 52, "target": 151, "label": ""}, {"source": 52, "capacity": 1, "target": 119, "weight": 2, "label": 1}, {"source": 53, "target": 166, "label": ""}, {"source": 54, "target": 66, "label": ""}, {"source": 55, "target": 151, "label": ""}, {"source": 56, "target": 166, "label": ""}, {"source": 59, "target": 97, "label": ""}, {"source": 59, "target": 105, "label": ""}, {"source": 59, "target": 150, "label": ""}, {"source": 59, "target": 63, "label": ""}, {"source": 59, "target": 158, "label": ""}, {"source": 59, "target": 121, "label": ""}, {"source": 62, "capacity": 1, "target": 165, "weight": 3, "label": 1}, {"source": 62, "target": 69, "label": ""}, {"source": 64, "target": 157, "label": ""}, {"source": 66, "target": 115, "label": ""}, {"source": 66, "target": 142, "label": ""}, {"source": 68, "target": 108, "label": ""}, {"source": 69, "target": 143, "label": ""}, {"source": 70, "target": 151, "label": ""}, {"source": 71, "capacity": 1, "target": 149, "weight": 9, "label": 1}, {"source": 71, "capacity": 1, "target": 120, "weight": 2, "label": 1}, {"source": 71, "capacity": 1, "target": 119, "weight": 4, "label": 1}, {"source": 71, "capacity": 1, "target": 115, "weight": 4, "label": 1}, {"source": 71, "capacity": 1, "target": 154, "weight": 4, "label": 1}, {"source": 71, "capacity": 1, "target": 103, "weight": 7, "label": 1}, {"source": 72, "capacity": 1, "target": 147, "weight": 3, "label": 1}, {"source": 72, "capacity": 1, "target": 131, "weight": 2, "label": 1}, {"source": 73, "target": 157, "label": ""}, {"source": 75, "target": 157, "label": ""}, {"source": 78, "target": 157, "label": ""}, {"source": 79, "target": 110, "label": ""}, {"source": 82, "target": 166, "label": ""}, {"source": 83, "target": 157, "label": ""}, {"source": 85, "target": 110, "label": ""}, {"source": 86, "target": 166, "label": ""}, {"source": 88, "target": 108, "label": ""}, {"source": 90, "target": 166, "label": ""}, {"source": 91, "target": 166, "label": ""}, {"source": 92, "target": 157, "label": ""}, {"source": 95, "target": 151, "label": ""}, {"source": 99, "target": 108, "label": ""}, {"source": 102, "capacity": 1, "target": 115, "weight": 2, "label": 1}, {"source": 103, "capacity": 1, "target": 115, "weight": 2, "label": 1}, {"source": 103, "capacity": 1, "target": 165, "weight": 2, "label": 1}, {"source": 106, "target": 123, "label": ""}, {"source": 106, "target": 141, "label": ""}, {"source": 106, "target": 163, "label": ""}, {"source": 106, "target": 117, "label": ""}, {"source": 106, "target": 107, "label": ""}, {"source": 106, "target": 118, "label": ""}, {"source": 106, "target": 162, "label": ""}, {"source": 106, "target": 128, "label": ""}, {"source": 106, "target": 165, "label": ""}, {"source": 108, "target": 135, "label": ""}, {"source": 108, "target": 114, "label": ""}, {"source": 108, "target": 156, "label": ""}, {"source": 110, "target": 130, "label": ""}, {"source": 110, "target": 132, "label": ""}, {"source": 113, "target": 157, "label": ""}, {"source": 115, "capacity": 1, "target": 158, "weight": 2, "label": 1}, {"source": 115, "capacity": 1, "target": 149, "weight": 8, "label": 1}, {"source": 115, "capacity": 1, "target": 132, "weight": 3, "label": 1}, {"source": 119, "capacity": 1, "target": 147, "weight": 2, "label": 1}, {"source": 119, "capacity": 1, "target": 124, "weight": 2, "label": 1}, {"source": 119, "capacity": 1, "target": 134, "weight": 2, "label": 1}, {"source": 122, "target": 151, "label": ""}, {"source": 129, "target": 166, "label": ""}, {"source": 133, "target": 157, "label": ""}, {"source": 137, "target": 151, "label": ""}, {"source": 138, "target": 151, "label": ""}, {"source": 139, "target": 166, "label": ""}, {"source": 144, "target": 151, "label": ""}, {"source": 145, "target": 166, "label": ""}, {"source": 146, "target": 166, "label": ""}, {"source": 149, "capacity": 1, "target": 165, "weight": 2, "label": 1}, {"source": 154, "target": 157, "label": ""}, {"source": 161, "target": 166, "label": ""}], "multigraph": false}