{"directed": false, "graph": {"style": "filled", "data_type": "ChiA-PET", "tissue_type": "Adipose_Visceral_Omentum", "genome_version": "GRCh37.p13", "species": "Homo_Sapiens", "target_gene": "NANOGNB,NANOG"}, "nodes": [{"style": "filled", "gene": true, "name": "NANOGNB,NANOG: chr12:7939881-7941486", "color": "blue", "mid": 1, "fpkm": 393.4234, "tfbs": "NANOG_(SC-33759),NRSF,SP1,TAF1", "y": "0.3478", "x": "0.87423", "z": "0.87051", "id": "chr12:7939881-7941486", "size": 50}, {"style": "filled", "name": "chr12:7958737-7960396", "color": "green", "mid": 17573.5, "tfbs": "CTCF,CTCF_(C-20),CTCF_(SC-5916),Rad21,SMC3_(ab9263),USF-1,USF1_(SC-8983),Znf143_(16618-1-AP)", "y": "0.1763", "x": "0.5392", "z": "0.67481", "id": "chr12:7958737-7960396", "size": 25}, {"style": "filled", "gene": true, "name": "GDF3: chr12:7847145-7848206", "color": "blue", "mid": -93633, "fpkm": 293.7235, "tfbs": "BCL11A,GATA-2,POU5F1_(SC-9081),Pol2(b)", "y": "0.0", "x": "0.76522", "z": "0.55516", "id": "chr12:7847145-7848206", "size": 25}, {"style": "filled", "gene": true, "name": "APOBEC1: chr12:7829240-7831141", "color": "blue", "mid": -123491, "fpkm": 0.0, "tfbs": "CCNT2,CEBPB,CTCF,CTCF_(C-20),CTCF_(SC-5916),GATA-1,GATA2_(CG2-96),Pol2(b),Rad21,SMC3_(ab9263),TAL1_(SC-12984),eGFP-GATA2", "y": "0.24458", "x": "0.682", "z": "0.76413", "id": "chr12:7829240-7831141", "size": 25}, {"style": "filled", "name": "chr12:7794747-7796340", "color": "grey", "mid": -146449.5, "tfbs": "CTCF,CTCF_(C-20),CTCF_(SC-5916),Max,Rad21,SMC3_(ab9263)", "y": "0.12501", "x": "0.47667", "z": "0.85002", "id": "chr12:7794747-7796340", "size": 20}, {"style": "filled", "name": "chr12:7797546-7798857", "color": "grey", "mid": -143791.5, "tfbs": "CTCF,CTCF_(C-20),CTCF_(SC-5916),EBF1_(C-8),Rad21,SMC3_(ab9263),USF-1,Znf143_(16618-1-AP)", "y": "0.03512", "x": "0.24711", "z": "0.68877", "id": "chr12:7797546-7798857", "size": 20}, {"style": "filled", "gen_chrom": "chr12", "all_ref": "C", "name": "chr12:g.7959591C>T", "color": "orange", "all_alt": "T", "mid": 7959591.0, "gen_start": 7959591, "rsid": "rs6488668", "gen_end": 7959591, "cadd_score": 0.080194, "gtex_eqtl_pval": 0.510067, "y": "0.68634", "x": "0.0", "z": "0.34693", "deep_score": "CENPB:10.51, ", "id": "chr12:g.7959591C>T", "size": 10}, {"style": "filled", "gene": true, "name": "DPPA3,CLEC4C: chr12:7868579-7869728", "color": "blue", "mid": -39924, "fpkm": 0.0, "tfbs": "CTCF,CTCF_(C-20),CTCF_(SC-5916),Rad21,SMC3_(ab9263)", "y": "0.03977", "x": "0.5047", "z": "0.56966", "id": "chr12:7868579-7869728", "size": 25}, {"style": "filled", "gen_chrom": "chr12", "all_ref": "C", "name": "chr12:g.7959592C>T", "color": "orange", "all_alt": "T", "mid": 7959592.0, "gen_start": 7959592, "rsid": "rs7961959", "gen_end": 7959592, "cadd_score": -0.224425, "gtex_eqtl_pval": 0.944743, "y": "0.91696", "x": "0.18372", "z": "0.63024", "deep_score": "CENPB:5.37, ", "id": "chr12:g.7959592C>T", "size": 10}, {"style": "filled", "gen_chrom": "chr12", "all_ref": "G", "name": "chr12:g.7959619G>A", "color": "orange", "all_alt": "A", "mid": 7959619.0, "gen_start": 7959619, "rsid": "rs181245873", "gen_end": 7959619, "cadd_score": -0.178714, "y": "0.92899", "x": "0.30633", "z": "0.21031", "deep_score": "FOXD3:3.08, ", "id": "chr12:g.7959619G>A", "size": 10}, {"style": "filled", "gen_chrom": "chr12", "all_ref": "C", "name": "chr12:g.7959607C>T", "color": "orange", "all_alt": "T", "mid": 7959607.0, "gen_start": 7959607, "rsid": "rs190423095", "gen_end": 7959607, "cadd_score": 0.227101, "y": "0.91878", "x": "0.74453", "z": "0.27245", "deep_score": "FOXD3:3.43, FOXD2:3.07, ", "id": "chr12:g.7959607C>T", "size": 10}, {"style": "filled", "gen_chrom": "chr12", "all_ref": "A", "name": "chr12:g.7959616A>G", "color": "orange", "all_alt": "G", "grasp_pmid": "19875103,20383146,20442857,20453842,20502693,", "mid": 7959616.0, "gen_start": 7959616, "id": "chr12:g.7959616A>G", "rsid": "rs10845939", "gen_end": 7959616, "cadd_score": -0.407039, "grasp_pheno": "Response_to_antipsychotics,Chronic_kidney_disease_(CKD)_and_renal_traits,Lp-PLA2_activity_and_mass,Rheumatoid_arthritis,Gene_expression_in_monocytes,", "y": "0.67478", "x": "0.62377", "z": "0.0", "deep_score": "FOXD3:7.13, FOXD2:3.25, ", "gtex_eqtl_pval": 0.268028, "size": 10}, {"style": "filled", "name": "chr12:7959506-7959809", "color": "grey", "mid": 7959657.5, "dist2anchor": 0, "y": "0.69938", "x": "0.41153", "z": "0.36422", "id": "chr12:7959506-7959809", "size": 20}, {"style": "filled", "gen_chrom": "chr12", "all_ref": "A", "name": "chr12:g.7959548A>C", "color": "orange", "all_alt": "C", "mid": 7959548.0, "gen_start": 7959548, "rsid": "rs139296139", "gen_end": 7959548, "cadd_score": -0.137178, "y": "0.55206", "x": "0.23788", "z": "0.01739", "id": "chr12:g.7959548A>C", "size": 10}, {"style": "filled", "gen_chrom": "chr12", "all_ref": "T", "name": "chr12:g.7959724T>C", "color": "orange", "all_alt": "C", "mid": 7959724.0, "gen_start": 7959724, "rsid": "rs118010816", "gen_end": 7959724, "cadd_score": 0.57138, "y": "1.0", "x": "0.56696", "z": "0.60723", "deep_score": "USF1:6.31, ", "id": "chr12:g.7959724T>C", "size": 10}], "links": [{"source": 0, "capacity": 1, "target": 3, "weight": 3, "label": 1}, {"source": 1, "capacity": 1, "target": 2, "weight": 2, "label": 1}, {"source": 1, "capacity": 1, "target": 3, "weight": 11, "label": 1}, {"source": 1, "capacity": 1, "target": 4, "weight": 7, "label": 1}, {"source": 1, "capacity": 1, "target": 5, "weight": 2, "label": 1}, {"source": 1, "capacity": 1, "target": 7, "weight": 8, "label": 1}, {"source": 1, "target": 12, "label": ""}, {"source": 6, "target": 12, "label": ""}, {"source": 11, "target": 12, "label": ""}, {"source": 8, "target": 12, "label": ""}, {"source": 9, "target": 12, "label": ""}, {"source": 10, "target": 12, "label": ""}, {"source": 12, "target": 13, "label": ""}, {"source": 12, "target": 14, "label": ""}], "multigraph": false}