{"directed": false, "graph": {"style": "filled", "data_type": "ChiA-PET", "tissue_type": "Adipose_Visceral_Omentum", "genome_version": "GRCh37.p13", "species": "Homo_Sapiens", "target_gene": "PYCR2,LEFTY1"}, "nodes": [{"style": "filled", "gen_chrom": "chr1", "all_ref": "T", "name": "chr1:g.226111469T>C", "color": "orange", "all_alt": "C", "mid": -570.0, "gen_start": 226111469, "gen_end": 226111469, "cadd_score": 0.340182, "y": "0.45964", "x": "0.92132", "z": "0.7638", "deep_score": "RBM45:-5.75, ", "id": "chr1:g.226111469T>C", "size": 10}, {"style": "filled", "gen_chrom": "chr1", "all_ref": "C", "name": "chr1:g.226087030C>T", "color": "orange", "all_alt": "T", "mid": -25009.0, "gen_start": 226087030, "rsid": "rs139613646", "gen_end": 226087030, "cadd_score": 0.474363, "y": "0.62486", "x": "0.29987", "z": "0.05417", "deep_score": "ETV2:3.26, ", "id": "chr1:g.226087030C>T", "size": 10}, {"style": "filled", "gen_chrom": "chr1", "all_ref": "C", "name": "chr1:g.226133324C>T", "color": "orange", "all_alt": "T", "mid": 21285.0, "gen_start": 226133324, "rsid": "rs140735628", "gen_end": 226133324, "cadd_score": 0.653925, "y": "0.55871", "x": "0.00797", "z": "0.4009", "deep_score": "GBX1:3.18, ", "id": "chr1:g.226133324C>T", "size": 10}, {"style": "filled", "gen_chrom": "chr1", "all_ref": "G", "name": "chr1:g.226133634G>C", "color": "orange", "all_alt": "C", "mid": 21595.0, "gen_start": 226133634, "rsid": "rs78490423", "gen_end": 226133634, "cadd_score": 1.52256, "y": "0.22362", "x": "0.05281", "z": "0.58262", "id": "chr1:g.226133634G>C", "size": 10}, {"style": "filled", "gen_chrom": "chr1", "all_ref": "G", "name": "chr1:g.226111500G>A", "color": "orange", "all_alt": "A", "mid": -539.0, "gen_start": 226111500, "rsid": "rs746923527", "gen_end": 226111500, "cadd_score": 0.372113, "y": "0.4784", "x": "0.46242", "z": "1.0", "id": "chr1:g.226111500G>A", "size": 10}, {"style": "filled", "gene": true, "name": "LEFTY2: chr1:226132864-226134313", "color": "blue", "mid": 17044, "fpkm": 0.0, "tfbs": "IRF4_(M-17),NANOG_(SC-33759),POU5F1_(SC-9081),PU.1", "y": "0.1428", "x": "0.23921", "z": "0.47248", "id": "chr1:226132864-226134313", "size": 25}, {"style": "filled", "gen_chrom": "chr1", "all_ref": "C", "name": "chr1:g.226112213C>T", "color": "orange", "all_alt": "T", "mid": 174.0, "gen_start": 226112213, "rsid": "rs184339519", "gen_end": 226112213, "cadd_score": 0.330779, "y": "0.20774", "x": "0.65055", "z": "0.90733", "deep_score": "GBX1:-5.75, ", "id": "chr1:g.226112213C>T", "size": 10}, {"style": "filled", "gen_chrom": "chr1", "all_ref": "C", "name": "chr1:g.226087135C>A", "color": "orange", "all_alt": "A", "mid": -24904.0, "gen_start": 226087135, "rsid": "rs76724430", "gen_end": 226087135, "cadd_score": 1.187477, "y": "0.26065", "x": "0.43899", "z": "0.03735", "id": "chr1:g.226087135C>A", "size": 10}, {"style": "filled", "gen_chrom": "chr1", "all_ref": "C", "name": "chr1:g.226133247C>G", "color": "orange", "all_alt": "G", "mid": 21208.0, "gen_start": 226133247, "rsid": "rs192091706", "gen_end": 226133247, "cadd_score": 0.183452, "y": "0.629", "x": "0.03003", "z": "0.57495", "deep_score": "U2AF2:6.01, NFATC1:5.88, ", "id": "chr1:g.226133247C>G", "size": 10}, {"style": "filled", "gen_chrom": "chr1", "all_ref": "G", "name": "chr1:g.226111466G>A", "color": "orange", "all_alt": "A", "mid": -573.0, "gen_start": 226111466, "gen_end": 226111466, "cadd_score": -0.12549, "y": "0.70361", "x": "0.64981", "z": "0.90814", "id": "chr1:g.226111466G>A", "size": 10}, {"style": "filled", "gen_chrom": "chr1", "all_ref": "T", "name": "chr1:g.226086862T>A", "color": "orange", "all_alt": "A", "mid": -25177.0, "gen_start": 226086862, "rsid": "rs150517778", "gen_end": 226086862, "cadd_score": 0.392806, "y": "0.81204", "x": "0.59329", "z": "0.15707", "id": "chr1:g.226086862T>A", "size": 10}, {"style": "filled", "gene": true, "name": "PYCR2,LEFTY1: chr1:226098171-226100178", "color": "blue", "mid": 1, "fpkm": 84.65445, "tfbs": "CTCF,CTCF_(C-20),CTCF_(SC-5916),HDAC2_(SC-6296),Rad21,SMC3_(ab9263),YY1_(C-20),ZBTB33,Znf143_(16618-1-AP)", "y": "0.13872", "x": "0.4247", "z": "0.52026", "id": "chr1:226098171-226100178", "size": 50}, {"style": "filled", "name": "chr1:226086404-226087635", "color": "grey", "mid": -25019.5, "dist2anchor": 0, "y": "0.50862", "x": "0.51252", "z": "0.09516", "id": "chr1:226086404-226087635", "size": 20}, {"style": "filled", "gen_chrom": "chr1", "all_ref": "T", "name": "chr1:g.226086818T>C", "color": "orange", "all_alt": "C", "grasp_pmid": "20339536,20339536,20383146,", "mid": -25221.0, "gen_start": 226086818, "rsid": "rs12061043", "gen_end": 226086818, "cadd_score": 0.145508, "grasp_pheno": "Response_to_statin_treatment_(simvastatin,_,_pravastatin,_,_atorvastatin),_,_change_in_cholesterol_levels,_,_Response_to_statin_treatment_(simvastatin,_,_pravastatin,_,_atorvastatin),_,_change_in_cholesterol_levels,_,_Chronic_kidney_disease_(CKD)_and_renal_traits,", "y": "0.78502", "x": "0.36173", "z": "0.13645", "deep_score": "NR2C2:7.21, RXRA:7.05, RXRB:5.45, NR2F6:3.82, U2AF2:-3.39, ", "id": "chr1:g.226086818T>C", "size": 10}, {"style": "filled", "gen_chrom": "chr1", "all_ref": "C", "name": "chr1:g.226112242C>T", "color": "orange", "all_alt": "T", "mid": 203.0, "gen_start": 226112242, "rsid": "rs115959923", "gen_end": 226112242, "cadd_score": -0.195851, "y": "0.74128", "x": "0.85644", "z": "0.6829", "id": "chr1:g.226112242C>T", "size": 10}, {"style": "filled", "gen_chrom": "chr1", "all_ref": "A", "name": "chr1:g.226111497A>C", "color": "orange", "all_alt": "C", "mid": -542.0, "gen_start": 226111497, "rsid": "rs748423176", "gen_end": 226111497, "cadd_score": -0.261488, "y": "0.30533", "x": "0.94663", "z": "0.64428", "id": "chr1:g.226111497A>C", "size": 10}, {"style": "filled", "gen_chrom": "chr1", "all_ref": "G", "name": "chr1:g.226111499G>C", "color": "orange", "all_alt": "C", "mid": -540.0, "gen_start": 226111499, "rsid": "rs758366192", "gen_end": 226111499, "cadd_score": 0.242495, "y": "0.13685", "x": "0.78684", "z": "0.72073", "id": "chr1:g.226111499G>C", "size": 10}, {"style": "filled", "gen_chrom": "chr1", "all_ref": "C", "name": "chr1:g.226086694C>T", "color": "orange", "all_alt": "T", "mid": -25345.0, "gen_start": 226086694, "rsid": "rs12074209", "gen_end": 226086694, "cadd_score": 0.321167, "y": "0.43043", "x": "0.30215", "z": "0.03043", "id": "chr1:g.226086694C>T", "size": 10}, {"style": "filled", "gen_chrom": "chr1", "all_ref": "C", "name": "chr1:g.226086803C>G", "color": "orange", "all_alt": "G", "mid": -25236.0, "gen_start": 226086803, "rsid": "rs12074247", "gen_end": 226086803, "cadd_score": 0.284577, "y": "0.47785", "x": "0.77404", "z": "0.07746", "deep_score": "NR2C2:9.53, RXRA:5.81, RXRB:5.31, ", "id": "chr1:g.226086803C>G", "size": 10}, {"style": "filled", "gen_chrom": "chr1", "all_ref": "T", "name": "chr1:g.226086652T>C", "color": "orange", "all_alt": "C", "mid": -25387.0, "gen_start": 226086652, "rsid": "rs141615756", "gen_end": 226086652, "cadd_score": 0.221192, "y": "0.66094", "x": "0.73202", "z": "0.09741", "id": "chr1:g.226086652T>C", "size": 10}, {"style": "filled", "gen_chrom": "chr1", "all_ref": "A", "name": "chr1:g.226111769A>T", "color": "orange", "all_alt": "T", "mid": -270.0, "gen_start": 226111769, "gen_end": 226111769, "cadd_score": 0.120266, "y": "0.65041", "x": "0.82836", "z": "0.82413", "id": "chr1:g.226111769A>T", "size": 10}, {"style": "filled", "name": "chr1:226086480-226087940", "color": "red", "mid": -24829.0, "tfbs": "BCL11A,Egr-1,NANOG_(SC-33759),NRSF,POU5F1_(SC-9081),RXRA,SP1,TAL1_(SC-12984),TCF12,p300", "y": "0.19181", "x": "0.39917", "z": "0.37159", "id": "chr1:226086480-226087940", "size": 25}, {"style": "filled", "gene": true, "name": "TMEM63A: chr1:226068354-226071223", "color": "blue", "mid": -41619, "fpkm": 0.0, "tfbs": "AP-2alpha,AP-2gamma,Brg1,CCNT2,CEBPB,CHD2_(N-1250),CTCF,CTCFL_(SC-98982),CTCF_(C-20),CTCF_(SC-5916),E2F1,E2F6,E2F6_(H-50),ELF1_(SC-631),ETS1,Egr-1,FOXA1_(C-20),FOXA2_(SC-6554),GABP,HA-E2F1,HEY1,HMGN3,Max,Mxi1_(bHLH),Nrf1,PAX5-C20,Pol2,Pol2(phosphoS2),Pol2-4H8,Rad21,SRF,Sin3Ak-20,TAF1,TBP,YY1,ZBTB7A_(SC-34508),ZNF263", "y": "0.0", "x": "0.41787", "z": "0.53251", "id": "chr1:226068354-226071223", "size": 25}, {"style": "filled", "gen_chrom": "chr1", "all_ref": "C", "name": "chr1:g.226086761C>T", "color": "orange", "all_alt": "T", "mid": -25278.0, "gen_start": 226086761, "rsid": "rs190457939", "gen_end": 226086761, "cadd_score": 0.482602, "y": "0.28124", "x": "0.68961", "z": "0.07584", "id": "chr1:g.226086761C>T", "size": 10}, {"style": "filled", "name": "chr1:226111402-226112389", "color": "grey", "mid": -143.5, "dist2anchor": 11225, "y": "0.45248", "x": "0.69989", "z": "0.7945", "id": "chr1:226111402-226112389", "size": 20}, {"style": "filled", "gen_chrom": "chr1", "all_ref": "A", "name": "chr1:g.226133668A>G", "color": "orange", "all_alt": "G", "mid": 21629.0, "gen_start": 226133668, "rsid": "rs2749690", "gen_end": 226133668, "cadd_score": 1.420206, "y": "0.3298", "x": "0.02019", "z": "0.35246", "deep_score": "KHDRBS1:5.29, ", "id": "chr1:g.226133668A>G", "size": 10}, {"style": "filled", "gen_chrom": "chr1", "all_ref": "C", "name": "chr1:g.226111495C>G", "color": "orange", "all_alt": "G", "mid": -544.0, "gen_start": 226111495, "rsid": "rs755227367", "gen_end": 226111495, "cadd_score": 0.390221, "y": "0.25388", "x": "0.82129", "z": "0.81867", "id": "chr1:g.226111495C>G", "size": 10}, {"style": "filled", "gen_chrom": "chr1", "all_ref": "A", "name": "chr1:g.226133584A>G", "color": "orange", "all_alt": "G", "mid": 21545.0, "gen_start": 226133584, "rsid": "rs12567654", "gen_end": 226133584, "cadd_score": 1.941853, "y": "0.47848", "x": "0.02797", "z": "0.70668", "deep_score": "POU5F1:3.38, ", "id": "chr1:g.226133584A>G", "size": 10}, {"style": "filled", "gen_chrom": "chr1", "all_ref": "G", "name": "chr1:g.226111834G>C", "color": "orange", "all_alt": "C", "mid": -205.0, "gen_start": 226111834, "rsid": "rs757332198", "gen_end": 226111834, "cadd_score": 0.206897, "y": "0.30191", "x": "0.51841", "z": "0.97741", "id": "chr1:g.226111834G>C", "size": 10}, {"style": "filled", "gen_chrom": "chr1", "all_ref": "G", "name": "chr1:g.226111926G>T", "color": "orange", "all_alt": "T", "mid": -113.0, "gen_start": 226111926, "rsid": "rs28364597", "gen_end": 226111926, "cadd_score": 0.335438, "y": "0.81858", "x": "0.65153", "z": "0.79814", "deep_score": "SRSF1:3.72, ", "id": "chr1:g.226111926G>T", "size": 10}, {"style": "filled", "gen_chrom": "chr1", "all_ref": "A", "name": "chr1:g.226111769A>C", "color": "orange", "all_alt": "C", "mid": -270.0, "gen_start": 226111769, "gen_end": 226111769, "cadd_score": 0.071402, "y": "0.6631", "x": "0.4818", "z": "0.95164", "id": "chr1:g.226111769A>C", "size": 10}, {"style": "filled", "gen_chrom": "chr1", "all_ref": "G", "name": "chr1:g.226086509G>A", "color": "orange", "all_alt": "A", "mid": -25530.0, "gen_start": 226086509, "rsid": "rs137945506", "gen_end": 226086509, "cadd_score": 0.499739, "y": "0.70612", "x": "0.51751", "z": "0.05485", "id": "chr1:g.226086509G>A", "size": 10}, {"style": "filled", "gen_chrom": "chr1", "all_ref": "G", "name": "chr1:g.226111616G>A", "color": "orange", "all_alt": "A", "mid": -423.0, "gen_start": 226111616, "rsid": "rs143688536", "gen_end": 226111616, "cadd_score": 0.273138, "y": "0.54761", "x": "0.97089", "z": "0.62309", "id": "chr1:g.226111616G>A", "size": 10}, {"style": "filled", "gen_chrom": "chr1", "all_ref": "A", "name": "chr1:g.226111522A>C", "color": "orange", "all_alt": "C", "mid": -517.0, "gen_start": 226111522, "rsid": "rs770913470", "gen_end": 226111522, "cadd_score": -0.040949, "y": "0.47963", "x": "0.68289", "z": "0.96474", "id": "chr1:g.226111522A>C", "size": 10}, {"style": "filled", "name": "chr1:226133233-226133714", "color": "grey", "mid": 21434.5, "dist2anchor": 0, "y": "0.3808", "x": "0.0", "z": "0.52594", "id": "chr1:226133233-226133714", "size": 20}, {"style": "filled", "gen_chrom": "chr1", "all_ref": "T", "name": "chr1:g.226087059T>C", "color": "orange", "all_alt": "C", "mid": -24980.0, "gen_start": 226087059, "rsid": "rs10047091", "gen_end": 226087059, "cadd_score": -0.114683, "y": "0.39324", "x": "0.57138", "z": "0.0", "id": "chr1:g.226087059T>C", "size": 10}], "links": [{"source": 0, "target": 24, "label": ""}, {"source": 1, "target": 12, "label": ""}, {"source": 2, "target": 34, "label": ""}, {"source": 3, "target": 34, "label": ""}, {"source": 4, "target": 24, "label": ""}, {"source": 5, "capacity": 1, "target": 21, "weight": 2, "label": 1}, {"source": 5, "target": 34, "label": ""}, {"source": 5, "capacity": 1, "target": 11, "weight": 3, "label": 1}, {"source": 6, "target": 24, "label": ""}, {"source": 7, "target": 12, "label": ""}, {"source": 8, "target": 34, "label": ""}, {"source": 9, "target": 24, "label": ""}, {"source": 10, "target": 12, "label": ""}, {"source": 11, "capacity": 1, "target": 21, "weight": 6, "label": 1}, {"source": 11, "capacity": 1, "target": 22, "weight": 6, "label": 1}, {"source": 11, "target": 24, "label": ""}, {"source": 12, "target": 21, "label": ""}, {"source": 12, "target": 31, "label": ""}, {"source": 12, "target": 23, "label": ""}, {"source": 12, "target": 13, "label": ""}, {"source": 12, "target": 18, "label": ""}, {"source": 12, "target": 35, "label": ""}, {"source": 12, "target": 17, "label": ""}, {"source": 12, "target": 19, "label": ""}, {"source": 14, "target": 24, "label": ""}, {"source": 15, "target": 24, "label": ""}, {"source": 16, "target": 24, "label": ""}, {"source": 20, "target": 24, "label": ""}, {"source": 24, "target": 26, "label": ""}, {"source": 24, "target": 32, "label": ""}, {"source": 24, "target": 33, "label": ""}, {"source": 24, "target": 30, "label": ""}, {"source": 24, "target": 28, "label": ""}, {"source": 24, "target": 29, "label": ""}, {"source": 25, "target": 34, "label": ""}, {"source": 27, "target": 34, "label": ""}], "multigraph": false}