{"directed": false, "graph": {"style": "filled", "data_type": "ChiA-PET", "tissue_type": "Adipose_Visceral_Omentum", "genome_version": "GRCh37.p13", "species": "Homo_Sapiens", "target_gene": "PRDM14"}, "nodes": [{"style": "filled", "gen_chrom": "chr8", "all_ref": "G", "name": "chr8:g.70973608G>A", "color": "orange", "all_alt": "A", "mid": 70973608.0, "gen_start": 70973608, "rsid": "rs181605055", "gen_end": 70973608, "cadd_score": 2.314339, "y": "0.35786", "x": "0.60718", "z": "0.0057", "deep_score": "SRSF1:5.5, ", "id": "chr8:g.70973608G>A", "size": 10}, {"style": "filled", "name": "chr8:70946477-70948179", "color": "red", "mid": -36233.0, "tfbs": "EBF,EBF1_(C-8),PU.1", "y": "0.3566", "x": "0.48888", "z": "0.61557", "id": "chr8:70946477-70948179", "size": 25}, {"style": "filled", "gen_chrom": "chr8", "all_ref": "C", "name": "chr8:g.70974029C>T", "color": "orange", "all_alt": "T", "mid": 70974029.0, "gen_start": 70974029, "rsid": "rs186301199", "gen_end": 70974029, "cadd_score": 1.169675, "y": "0.37505", "x": "0.46291", "z": "0.0", "id": "chr8:g.70974029C>T", "size": 10}, {"style": "filled", "name": "chr8:70946687-70947728", "color": "grey", "mid": 70947207.5, "dist2anchor": 0, "y": "0.3321", "x": "0.1516", "z": "0.75558", "id": "chr8:70946687-70947728", "size": 20}, {"style": "filled", "gen_chrom": "chr8", "all_ref": "C", "name": "chr8:g.70983934C>T", "color": "orange", "all_alt": "T", "mid": 70983934.0, "gen_start": 70983934, "rsid": "rs3812432", "gen_end": 70983934, "cadd_score": 0.946886, "y": "0.87142", "x": "0.48214", "z": "0.20764", "id": "chr8:g.70983934C>T", "size": 10}, {"style": "filled", "name": "chr8:71000063-71001773", "color": "green", "mid": 17357.0, "tfbs": "CEBPB,CTCF,CTCF_(C-20),CTCF_(SC-5916),Pol2,RXRA,Rad21,SMC3_(ab9263),YY1_(C-20),Znf143_(16618-1-AP)", "y": "0.2233", "x": "0.79732", "z": "0.51556", "id": "chr8:71000063-71001773", "size": 25}, {"style": "filled", "name": "chr8:71004626-71006419", "color": "red", "mid": 21961.5, "tfbs": "CTCF,CTCF_(C-20),Egr-1,GR,Rad21", "y": "0.26262", "x": "0.78604", "z": "0.41176", "id": "chr8:71004626-71006419", "size": 25}, {"style": "filled", "gen_chrom": "chr8", "all_ref": "G", "name": "chr8:g.70983617G>A", "color": "orange", "all_alt": "A", "mid": 70983617.0, "gen_start": 70983617, "rsid": "rs138124001", "gen_end": 70983617, "cadd_score": 1.038297, "y": "0.9389", "x": "0.43487", "z": "0.6842", "id": "chr8:g.70983617G>A", "size": 10}, {"style": "filled", "gen_chrom": "chr8", "all_ref": "A", "name": "chr8:g.70984064A>C", "color": "orange", "all_alt": "C", "mid": 70984064.0, "gen_start": 70984064, "rsid": "rs187150203", "gen_end": 70984064, "cadd_score": 0.593337, "y": "0.9613", "x": "0.39348", "z": "0.47187", "id": "chr8:g.70984064A>C", "size": 10}, {"style": "filled", "gen_chrom": "chr8", "all_ref": "T", "name": "chr8:g.70947289T>A", "color": "orange", "all_alt": "A", "mid": 70947289.0, "gen_start": 70947289, "rsid": "rs116837814", "gen_end": 70947289, "cadd_score": 0.826277, "y": "0.33685", "x": "0.25478", "z": "0.95528", "id": "chr8:g.70947289T>A", "size": 10}, {"style": "filled", "gen_chrom": "chr8", "all_ref": "C", "name": "chr8:g.70983811C>T", "color": "orange", "all_alt": "T", "mid": 70983811.0, "gen_start": 70983811, "rsid": "rs191385744", "gen_end": 70983811, "cadd_score": 0.908974, "y": "0.9195", "x": "0.30654", "z": "0.57703", "id": "chr8:g.70983811C>T", "size": 10}, {"style": "filled", "gen_chrom": "chr8", "all_ref": "G", "name": "chr8:g.70983484G>A", "color": "orange", "all_alt": "A", "mid": 70983484.0, "gen_start": 70983484, "rsid": "rs3750230", "gen_end": 70983484, "cadd_score": 0.945689, "y": "0.86077", "x": "0.65623", "z": "0.22086", "deep_score": "GBX1:3.22, ", "id": "chr8:g.70983484G>A", "size": 10}, {"style": "filled", "gen_chrom": "chr8", "all_ref": "T", "name": "chr8:g.70947683T>A", "color": "orange", "all_alt": "A", "mid": 70947683.0, "gen_start": 70947683, "rsid": "rs59594129", "gen_end": 70947683, "cadd_score": 0.508793, "y": "0.15581", "x": "0.11751", "z": "0.69282", "id": "chr8:g.70947683T>A", "size": 10}, {"style": "filled", "name": "chr8:70944886-70945518", "color": "grey", "mid": 70945202.0, "dist2anchor": 0, "y": "0.37387", "x": "0.89348", "z": "0.87204", "id": "chr8:70944886-70945518", "size": 20}, {"style": "filled", "gen_chrom": "chr8", "all_ref": "G", "name": "chr8:g.70945149G>T", "color": "orange", "all_alt": "T", "mid": 70945149.0, "gen_start": 70945149, "rsid": "rs182332172", "gen_end": 70945149, "cadd_score": 0.228104, "y": "0.27537", "x": "0.73589", "z": "0.96889", "id": "chr8:g.70945149G>T", "size": 10}, {"style": "filled", "name": "chr8:70972864-70974187", "color": "grey", "mid": 70973525.5, "dist2anchor": 0, "y": "0.18596", "x": "0.52268", "z": "0.10842", "id": "chr8:70972864-70974187", "size": 20}, {"style": "filled", "gen_chrom": "chr8", "all_ref": "C", "name": "chr8:g.70947093C>G", "color": "orange", "all_alt": "G", "mid": 70947093.0, "gen_start": 70947093, "rsid": "rs6999884", "gen_end": 70947093, "cadd_score": 0.685014, "y": "0.52584", "x": "0.09872", "z": "0.83187", "id": "chr8:g.70947093C>G", "size": 10}, {"style": "filled", "gen_chrom": "chr8", "all_ref": "C", "name": "chr8:g.70947009C>G", "color": "orange", "all_alt": "G", "mid": 70947009.0, "gen_start": 70947009, "rsid": "rs74737772", "gen_end": 70947009, "cadd_score": 0.369452, "y": "0.38256", "x": "0.0", "z": "0.56216", "id": "chr8:g.70947009C>G", "size": 10}, {"style": "filled", "name": "chr8:70972877-70974701", "color": "red", "mid": -9772.0, "tfbs": "BATF,BCL11A,FOXA1_(C-20),HDAC2_(SC-6296),NANOG_(SC-33759),Pol2,Pol2-4H8,TCF12", "y": "0.22137", "x": "0.83385", "z": "0.31885", "id": "chr8:70972877-70974701", "size": 25}, {"style": "filled", "gen_chrom": "chr8", "all_ref": "C", "name": "chr8:g.70973391C>T", "color": "orange", "all_alt": "T", "mid": 70973391.0, "gen_start": 70973391, "rsid": "rs188954619", "gen_end": 70973391, "cadd_score": 0.496378, "y": "0.19283", "x": "0.26782", "z": "0.13166", "id": "chr8:g.70973391C>T", "size": 10}, {"style": "filled", "gen_chrom": "chr8", "all_ref": "T", "name": "chr8:g.70974100T>A", "color": "orange", "all_alt": "A", "mid": 70974100.0, "gen_start": 70974100, "rsid": "rs189619353", "gen_end": 70974100, "cadd_score": -0.057519, "y": "0.0757", "x": "0.62727", "z": "0.15484", "id": "chr8:g.70974100T>A", "size": 10}, {"style": "filled", "gen_chrom": "chr8", "all_ref": "C", "name": "chr8:g.70983790C>T", "color": "orange", "all_alt": "T", "mid": 70983790.0, "gen_start": 70983790, "rsid": "rs185549056", "gen_end": 70983790, "cadd_score": 1.306724, "y": "0.93315", "x": "0.63461", "z": "0.33275", "id": "chr8:g.70983790C>T", "size": 10}, {"style": "filled", "gen_chrom": "chr8", "all_ref": "G", "name": "chr8:g.70983713G>C", "color": "orange", "all_alt": "C", "mid": 70983713.0, "gen_start": 70983713, "rsid": "rs150170021", "gen_end": 70983713, "cadd_score": 0.403689, "y": "0.89328", "x": "0.36851", "z": "0.28214", "id": "chr8:g.70983713G>C", "size": 10}, {"style": "filled", "name": "chr8:70857806-70859712", "color": "red", "mid": -124802.0, "tfbs": "CTCF,CTCF_(C-20),CTCF_(SC-5916),MafF_(M8194),MafK_(SC-477),MafK_(ab50322),Rad21,SMC3_(ab9263),USF-1,Znf143_(16618-1-AP)", "y": "0.25676", "x": "0.83272", "z": "0.49139", "id": "chr8:70857806-70859712", "size": 25}, {"style": "filled", "name": "chr8:70888858-70890537", "color": "red", "mid": -93863.5, "tfbs": "BCL11A,BCL3,HDAC2_(SC-6296),JunD,NANOG_(SC-33759),POU5F1_(SC-9081),Pol2-4H8,RXRA,SIX5,SP1,TCF12,c-Jun,p300", "y": "0.23659", "x": "0.94317", "z": "0.39986", "id": "chr8:70888858-70890537", "size": 25}, {"style": "filled", "gen_chrom": "chr8", "all_ref": "C", "name": "chr8:g.70983388C>T", "color": "orange", "all_alt": "T", "grasp_pmid": "20686565,22132133,", "mid": 70983388.0, "gen_start": 70983388, "rsid": "rs10216606", "gen_end": 70983388, "cadd_score": 0.793414, "grasp_pheno": "Lipid_level_measurements,Taste_perception,", "y": "0.88799", "x": "0.27097", "z": "0.38456", "id": "chr8:g.70983388C>T", "size": 10}, {"style": "filled", "gen_chrom": "chr8", "all_ref": "C", "name": "chr8:g.70974139C>T", "color": "orange", "all_alt": "T", "mid": 70974139.0, "gen_start": 70974139, "rsid": "rs138614698", "gen_end": 70974139, "cadd_score": 1.189518, "y": "0.32285", "x": "0.33441", "z": "0.04173", "id": "chr8:g.70974139C>T", "size": 10}, {"style": "filled", "name": "chr8:70983164-70984067", "color": "grey", "mid": 70983615.5, "dist2anchor": 0, "y": "0.85395", "x": "0.54131", "z": "0.45272", "id": "chr8:70983164-70984067", "size": 20}, {"style": "filled", "gen_chrom": "chr8", "all_ref": "G", "name": "chr8:g.70945404G>C", "color": "orange", "all_alt": "C", "mid": 70945404.0, "gen_start": 70945404, "rsid": "rs146461292", "gen_end": 70945404, "cadd_score": 0.205554, "y": "0.20448", "x": "0.83489", "z": "0.86634", "id": "chr8:g.70945404G>C", "size": 10}, {"style": "filled", "gen_chrom": "chr8", "all_ref": "G", "name": "chr8:g.70984030G>C", "color": "orange", "all_alt": "C", "mid": 70984030.0, "gen_start": 70984030, "rsid": "rs182003893", "gen_end": 70984030, "cadd_score": 0.490779, "y": "0.91051", "x": "0.74924", "z": "0.5807", "deep_score": "MAX:3.02, ", "id": "chr8:g.70984030G>C", "size": 10}, {"style": "filled", "gene": true, "name": "PRDM14: chr8:70980693-70985398", "color": "blue", "mid": 1, "fpkm": 586.552, "tfbs": "CTCF,Egr-1,NANOG_(SC-33759),Pol2,TAF1,TAF7_(SQ-8),TBP,YY1_(C-20)", "y": "0.39577", "x": "0.69947", "z": "0.49983", "id": "chr8:70980693-70985398", "size": 50}, {"style": "filled", "gen_chrom": "chr8", "all_ref": "C", "name": "chr8:g.70947433C>T", "color": "orange", "all_alt": "T", "mid": 70947433.0, "gen_start": 70947433, "rsid": "rs79417104", "gen_end": 70947433, "cadd_score": 0.70246, "y": "0.48283", "x": "0.20069", "z": "0.92939", "deep_score": "SART3:3.21, PABPC3:3.13, ", "id": "chr8:g.70947433C>T", "size": 10}, {"style": "filled", "gen_chrom": "chr8", "all_ref": "C", "name": "chr8:g.70983353C>T", "color": "orange", "all_alt": "T", "mid": 70983353.0, "gen_start": 70983353, "rsid": "rs115207527", "gen_end": 70983353, "cadd_score": 0.332102, "y": "0.97461", "x": "0.60083", "z": "0.54035", "id": "chr8:g.70983353C>T", "size": 10}, {"style": "filled", "gen_chrom": "chr8", "all_ref": "C", "name": "chr8:g.70947292C>G", "color": "orange", "all_alt": "G", "mid": 70947292.0, "gen_start": 70947292, "rsid": "rs180798737", "gen_end": 70947292, "cadd_score": 0.393981, "y": "0.21653", "x": "0.2201", "z": "0.88639", "id": "chr8:g.70947292C>G", "size": 10}, {"style": "filled", "gen_chrom": "chr8", "all_ref": "G", "name": "chr8:g.70946748G>C", "color": "orange", "all_alt": "C", "mid": 70946748.0, "gen_start": 70946748, "rsid": "rs190666916", "gen_end": 70946748, "cadd_score": 0.419458, "y": "0.22494", "x": "0.0562", "z": "0.57223", "id": "chr8:g.70946748G>C", "size": 10}, {"style": "filled", "gen_chrom": "chr8", "all_ref": "C", "name": "chr8:g.70974065C>T", "color": "orange", "all_alt": "T", "mid": 70974065.0, "gen_start": 70974065, "rsid": "rs146905743", "gen_end": 70974065, "cadd_score": 0.302966, "y": "0.15019", "x": "0.38176", "z": "0.09935", "deep_score": "TBR1:5.02, EOMES:3.88, ", "id": "chr8:g.70974065C>T", "size": 10}, {"style": "filled", "name": "chr8:70986341-70987957", "color": "red", "mid": 3588.0, "tfbs": "JunD,c-Fos,c-Jun", "y": "0.30734", "x": "0.88079", "z": "0.42359", "id": "chr8:70986341-70987957", "size": 25}, {"style": "filled", "gen_chrom": "chr8", "all_ref": "C", "name": "chr8:g.70945438C>T", "color": "orange", "all_alt": "T", "mid": 70945438.0, "gen_start": 70945438, "rsid": "rs76232519", "gen_end": 70945438, "cadd_score": 0.985828, "y": "0.44103", "x": "0.73884", "z": "1.0", "deep_score": "ZIC4:3.06, ", "id": "chr8:g.70945438C>T", "size": 10}, {"style": "filled", "gen_chrom": "chr8", "all_ref": "C", "name": "chr8:g.70983638C>T", "color": "orange", "all_alt": "T", "mid": 70983638.0, "gen_start": 70983638, "rsid": "rs112145305", "gen_end": 70983638, "cadd_score": 0.902897, "y": "0.94587", "x": "0.58714", "z": "0.69044", "id": "chr8:g.70983638C>T", "size": 10}, {"style": "filled", "gen_chrom": "chr8", "all_ref": "G", "name": "chr8:g.70945405G>C", "color": "orange", "all_alt": "C", "mid": 70945405.0, "gen_start": 70945405, "rsid": "rs140988359", "gen_end": 70945405, "cadd_score": 0.203854, "y": "0.46853", "x": "0.94861", "z": "0.82671", "id": "chr8:g.70945405G>C", "size": 10}, {"style": "filled", "name": "chr8:70890977-70893092", "color": "red", "mid": -91526.5, "tfbs": "NFKB,Oct-2,POU2F2,ZEB1_(SC-25388)", "y": "0.09151", "x": "0.83064", "z": "0.5561", "id": "chr8:70890977-70893092", "size": 25}, {"style": "filled", "gen_chrom": "chr8", "all_ref": "C", "name": "chr8:g.70946950C>A", "color": "orange", "all_alt": "A", "mid": 70946950.0, "gen_start": 70946950, "rsid": "rs141386882", "gen_end": 70946950, "cadd_score": 0.766266, "y": "0.10792", "x": "0.22412", "z": "0.78558", "deep_score": "RBM4:4.54, ", "id": "chr8:g.70946950C>A", "size": 10}, {"style": "filled", "gen_chrom": "chr8", "all_ref": "C", "name": "chr8:g.70947255C>T", "color": "orange", "all_alt": "T", "mid": 70947255.0, "gen_start": 70947255, "rsid": "rs76242345", "gen_end": 70947255, "cadd_score": 0.661298, "y": "0.52665", "x": "0.02283", "z": "0.67074", "id": "chr8:g.70947255C>T", "size": 10}, {"style": "filled", "name": "chr8:70944489-70945741", "color": "grey", "mid": -38446.0, "tfbs": "CtBP2,Pol2-4H8,TBP", "y": "0.26719", "x": "0.97", "z": "0.59851", "id": "chr8:70944489-70945741", "size": 20}, {"style": "filled", "gen_chrom": "chr8", "all_ref": "G", "name": "chr8:g.70945314G>A", "color": "orange", "all_alt": "A", "mid": 70945314.0, "gen_start": 70945314, "rsid": "rs117329292", "gen_end": 70945314, "cadd_score": 0.224676, "y": "0.54114", "x": "0.98044", "z": "0.75245", "id": "chr8:g.70945314G>A", "size": 10}, {"style": "filled", "gen_chrom": "chr8", "all_ref": "A", "name": "chr8:g.70947278A>G", "color": "orange", "all_alt": "G", "grasp_pmid": "20339536,20383146,", "mid": 70947278.0, "gen_start": 70947278, "rsid": "rs7000079", "gen_end": 70947278, "cadd_score": 0.919459, "grasp_pheno": "Response_to_statin_treatment_(simvastatin,_,_pravastatin,_,_atorvastatin),_,_change_in_cholesterol_levels,_,_Chronic_kidney_disease_(CKD)_and_renal_traits,", "y": "0.38066", "x": "0.02988", "z": "0.71541", "deep_score": "GBX1:-3.16, ", "id": "chr8:g.70947278A>G", "size": 10}, {"style": "filled", "gen_chrom": "chr8", "all_ref": "T", "name": "chr8:g.70983723T>C", "color": "orange", "all_alt": "C", "mid": 70983723.0, "gen_start": 70983723, "rsid": "rs114909879", "gen_end": 70983723, "cadd_score": 0.318544, "y": "0.90177", "x": "0.77127", "z": "0.41221", "id": "chr8:g.70983723T>C", "size": 10}, {"style": "filled", "gen_chrom": "chr8", "all_ref": "G", "name": "chr8:g.70945180G>A", "color": "orange", "all_alt": "A", "mid": 70945180.0, "gen_start": 70945180, "rsid": "rs72662095", "gen_end": 70945180, "cadd_score": 0.800573, "y": "0.5628", "x": "0.82761", "z": "0.933", "deep_score": "HNRNPH2:16.05, ", "id": "chr8:g.70945180G>A", "size": 10}, {"style": "filled", "gen_chrom": "chr8", "all_ref": "T", "name": "chr8:g.70972998T>C", "color": "orange", "all_alt": "C", "mid": 70972998.0, "gen_start": 70972998, "rsid": "rs184939180", "gen_end": 70972998, "cadd_score": -0.04318, "y": "0.04021", "x": "0.3705", "z": "0.22109", "id": "chr8:g.70972998T>C", "size": 10}, {"style": "filled", "gen_chrom": "chr8", "all_ref": "C", "name": "chr8:g.70974154C>A", "color": "orange", "all_alt": "A", "mid": 70974154.0, "gen_start": 70974154, "rsid": "rs180869622", "gen_end": 70974154, "cadd_score": 1.779933, "y": "0.2497", "x": "0.69463", "z": "0.06403", "id": "chr8:g.70974154C>A", "size": 10}, {"style": "filled", "gen_chrom": "chr8", "all_ref": "T", "name": "chr8:g.70973097T>G", "color": "orange", "all_alt": "G", "mid": 70973097.0, "gen_start": 70973097, "rsid": "rs74532303", "gen_end": 70973097, "cadd_score": -0.024228, "y": "0.0", "x": "0.51824", "z": "0.24321", "id": "chr8:g.70973097T>G", "size": 10}], "links": [{"source": 0, "target": 15, "label": ""}, {"source": 1, "target": 3, "label": ""}, {"source": 1, "capacity": 1, "target": 30, "weight": 3, "label": 1}, {"source": 2, "target": 15, "label": ""}, {"source": 3, "target": 16, "label": ""}, {"source": 3, "target": 17, "label": ""}, {"source": 3, "target": 41, "label": ""}, {"source": 3, "target": 31, "label": ""}, {"source": 3, "target": 9, "label": ""}, {"source": 3, "target": 45, "label": ""}, {"source": 3, "target": 42, "label": ""}, {"source": 3, "target": 33, "label": ""}, {"source": 3, "target": 34, "label": ""}, {"source": 3, "target": 12, "label": ""}, {"source": 4, "target": 27, "label": ""}, {"source": 5, "capacity": 1, "target": 6, "weight": 2, "label": 1}, {"source": 5, "capacity": 1, "target": 36, "weight": 2, "label": 1}, {"source": 5, "capacity": 1, "target": 40, "weight": 2, "label": 1}, {"source": 5, "capacity": 1, "target": 23, "weight": 13, "label": 1}, {"source": 5, "capacity": 1, "target": 30, "weight": 2, "label": 1}, {"source": 6, "capacity": 1, "target": 18, "weight": 2, "label": 1}, {"source": 6, "capacity": 1, "target": 30, "weight": 2, "label": 1}, {"source": 6, "capacity": 1, "target": 23, "weight": 4, "label": 1}, {"source": 7, "target": 27, "label": ""}, {"source": 8, "target": 27, "label": ""}, {"source": 10, "target": 27, "label": ""}, {"source": 11, "target": 27, "label": ""}, {"source": 13, "target": 28, "label": ""}, {"source": 13, "target": 43, "label": ""}, {"source": 13, "target": 44, "label": ""}, {"source": 13, "target": 37, "label": ""}, {"source": 13, "target": 39, "label": ""}, {"source": 13, "target": 47, "label": ""}, {"source": 13, "target": 14, "label": ""}, {"source": 15, "target": 18, "label": ""}, {"source": 15, "target": 50, "label": ""}, {"source": 15, "target": 19, "label": ""}, {"source": 15, "target": 20, "label": ""}, {"source": 15, "target": 48, "label": ""}, {"source": 15, "target": 35, "label": ""}, {"source": 15, "target": 49, "label": ""}, {"source": 15, "target": 26, "label": ""}, {"source": 18, "capacity": 1, "target": 36, "weight": 2, "label": 1}, {"source": 18, "capacity": 1, "target": 23, "weight": 2, "label": 1}, {"source": 18, "capacity": 1, "target": 24, "weight": 5, "label": 1}, {"source": 21, "target": 27, "label": ""}, {"source": 22, "target": 27, "label": ""}, {"source": 23, "capacity": 1, "target": 40, "weight": 2, "label": 1}, {"source": 23, "capacity": 1, "target": 43, "weight": 2, "label": 1}, {"source": 23, "capacity": 1, "target": 30, "weight": 3, "label": 1}, {"source": 23, "capacity": 1, "target": 36, "weight": 3, "label": 1}, {"source": 30, "target": 27, "label": ""}, {"source": 30, "capacity": 1, "target": 36, "weight": 2, "label": 1}, {"source": 25, "target": 27, "label": ""}, {"source": 27, "target": 29, "label": ""}, {"source": 27, "target": 32, "label": ""}, {"source": 27, "target": 46, "label": ""}, {"source": 27, "target": 38, "label": ""}, {"source": 24, "capacity": 1, "target": 43, "weight": 2, "label": 1}, {"source": 24, "capacity": 1, "target": 36, "weight": 2, "label": 1}], "multigraph": false}