{"directed": false, "graph": {"style": "filled", "data_type": "ChiA-PET", "tissue_type": "Adipose_Visceral_Omentum", "genome_version": "GRCh37.p13", "species": "Homo_Sapiens", "target_gene": "IRX3"}, "nodes": [{"style": "filled", "gen_chrom": "chr16", "all_ref": "A", "name": "chr16:g.53898919A>T", "color": "orange", "all_alt": "T", "mid": -421458.0, "gen_start": 53898919, "rsid": "rs186180979", "gen_end": 53898919, "cadd_score": 0.782868, "y": "0.36424", "x": "0.99079", "z": "0.61553", "id": "chr16:g.53898919A>T", "size": 10}, {"style": "filled", "name": "chr16:54618653-54620256", "color": "red", "mid": 299077.5, "tfbs": "NANOG_(SC-33759)", "y": "0.56823", "x": "0.22028", "z": "0.41017", "id": "chr16:54618653-54620256", "size": 25}, {"style": "filled", "gen_chrom": "chr16", "all_ref": "G", "name": "chr16:g.54228545G>A", "color": "orange", "all_alt": "A", "mid": -91832.0, "gen_start": 54228545, "rsid": "rs72811764", "gen_end": 54228545, "cadd_score": 1.961673, "y": "0.13041", "x": "0.1774", "z": "0.56244", "deep_score": "GBX1:4.57, ", "id": "chr16:g.54228545G>A", "size": 10}, {"style": "filled", "gen_chrom": "chr16", "all_ref": "G", "name": "chr16:g.55090539G>A", "color": "orange", "all_alt": "A", "mid": 770162.0, "gen_start": 55090539, "rsid": "rs142318319", "gen_end": 55090539, "cadd_score": 0.617318, "y": "0.92137", "x": "0.58588", "z": "0.80637", "deep_score": "HNRPLL:3.56, ", "id": "chr16:g.55090539G>A", "size": 10}, {"style": "filled", "gen_chrom": "chr16", "all_ref": "G", "name": "chr16:g.54685222G>A", "color": "orange", "all_alt": "A", "mid": 364845.0, "gen_start": 54685222, "rsid": "rs138597481", "gen_end": 54685222, "cadd_score": 2.530176, "y": "0.11711", "x": "0.86199", "z": "0.4994", "deep_score": "GBX1:5.83, KHDRBS1:-4.27, PHOX2A:3.57, PHOX2B:3.45, SOX2:3.33, ", "id": "chr16:g.54685222G>A", "size": 10}, {"style": "filled", "gen_chrom": "chr16", "all_ref": "A", "name": "chr16:g.53899008A>T", "color": "orange", "all_alt": "T", "grasp_pmid": "19060906,20686565,20935630,", "mid": -421369.0, "gen_start": 53899008, "id": "chr16:g.53899008A>T", "rsid": "rs2024471", "gen_end": 53899008, "cadd_score": 0.258453, "grasp_pheno": "Lipid_level_measurements,Lipid_level_measurements,Body_mass_index_(BMI),", "y": "0.41317", "x": "0.99155", "z": "0.6832", "gtex_eqtl_pval": 0.193299, "size": 10}, {"style": "filled", "gen_chrom": "chr16", "all_ref": "C", "name": "chr16:g.54228475C>A", "color": "orange", "all_alt": "A", "mid": -91902.0, "gen_start": 54228475, "rsid": "rs79691005", "gen_end": 54228475, "cadd_score": 0.178149, "gtex_eqtl_pval": 0.399161, "y": "0.08974", "x": "0.21282", "z": "0.46182", "deep_score": "USF1:4.12, ", "id": "chr16:g.54228475C>A", "size": 10}, {"style": "filled", "gen_chrom": "chr16", "all_ref": "A", "name": "chr16:g.54354941A>G", "color": "orange", "all_alt": "G", "mid": 34564.0, "gen_start": 54354941, "rsid": "rs191662775", "gen_end": 54354941, "cadd_score": 0.281498, "y": "0.35739", "x": "0.74765", "z": "0.93382", "deep_score": "HNRNPH2:-6.96, ", "id": "chr16:g.54354941A>G", "size": 10}, {"style": "filled", "gen_chrom": "chr16", "all_ref": "T", "name": "chr16:g.54228269T>C", "color": "orange", "all_alt": "C", "mid": -92108.0, "gen_start": 54228269, "rsid": "rs148276598", "gen_end": 54228269, "cadd_score": -0.193857, "y": "0.1274", "x": "0.19021", "z": "0.37758", "id": "chr16:g.54228269T>C", "size": 10}, {"style": "filled", "gen_chrom": "chr16", "all_ref": "G", "name": "chr16:g.55357461G>A", "color": "orange", "all_alt": "A", "mid": 1037084.0, "gen_start": 55357461, "rsid": "rs31076", "gen_end": 55357461, "cadd_score": 0.203876, "y": "0.78962", "x": "0.95946", "z": "0.54488", "id": "chr16:g.55357461G>A", "size": 10}, {"style": "filled", "gen_chrom": "chr16", "all_ref": "C", "name": "chr16:g.53899496C>T", "color": "orange", "all_alt": "T", "mid": -420881.0, "gen_start": 53899496, "rsid": "rs149358068", "gen_end": 53899496, "cadd_score": 0.390607, "y": "0.82999", "x": "0.11851", "z": "0.61047", "id": "chr16:g.53899496C>T", "size": 10}, {"style": "filled", "name": "chr16:54311409-54312721", "color": "grey", "mid": -8312.0, "tfbs": "FOXA1_(C-20),FOXA1_(SC-101058)", "y": "0.74103", "x": "0.35985", "z": "0.41099", "id": "chr16:54311409-54312721", "size": 20}, {"style": "filled", "name": "chr16:54611084-54612370", "color": "grey", "mid": 291350.0, "tfbs": "", "y": "0.64036", "x": "0.30673", "z": "0.28748", "id": "chr16:54611084-54612370", "size": 20}, {"style": "filled", "gen_chrom": "chr16", "all_ref": "C", "name": "chr16:g.54365116C>G", "color": "orange", "all_alt": "G", "mid": 44739.0, "gen_start": 54365116, "rsid": "rs16953399", "gen_end": 54365116, "cadd_score": 0.227852, "y": "0.40141", "x": "0.30403", "z": "0.96661", "id": "chr16:g.54365116C>G", "size": 10}, {"style": "filled", "gen_chrom": "chr16", "all_ref": "C", "name": "chr16:g.55090769C>T", "color": "orange", "all_alt": "T", "mid": 770392.0, "gen_start": 55090769, "rsid": "rs117168950", "gen_end": 55090769, "cadd_score": 2.357298, "gtex_eqtl_pval": 0.58065, "y": "0.71762", "x": "0.41025", "z": "0.96708", "deep_score": "TCF4:3.01, ", "id": "chr16:g.55090769C>T", "size": 10}, {"style": "filled", "gen_chrom": "chr16", "all_ref": "T", "name": "chr16:g.54962911T>C", "color": "orange", "all_alt": "C", "mid": 642534.0, "gen_start": 54962911, "gen_end": 54962911, "cadd_score": 0.065784, "y": "0.20555", "x": "0.72958", "z": "0.12877", "id": "chr16:g.54962911T>C", "size": 10}, {"style": "filled", "gen_chrom": "chr16", "all_ref": "T", "name": "chr16:g.55090578T>A", "color": "orange", "all_alt": "A", "mid": 770201.0, "gen_start": 55090578, "rsid": "rs146405692", "gen_end": 55090578, "cadd_score": 1.936032, "y": "0.78686", "x": "0.33343", "z": "0.89321", "deep_score": "GBX1:3.31, ", "id": "chr16:g.55090578T>A", "size": 10}, {"style": "filled", "gen_chrom": "chr16", "all_ref": "G", "name": "chr16:g.54962828G>T", "color": "orange", "all_alt": "T", "mid": 642451.0, "gen_start": 54962828, "gen_end": 54962828, "cadd_score": 0.118266, "y": "0.154", "x": "0.69239", "z": "0.15669", "id": "chr16:g.54962828G>T", "size": 10}, {"style": "filled", "gen_chrom": "chr16", "all_ref": "C", "name": "chr16:g.54964206C>G", "color": "orange", "all_alt": "G", "mid": 643829.0, "gen_start": 54964206, "rsid": "rs117633800", "gen_end": 54964206, "cadd_score": 0.9809, "y": "0.6461", "x": "0.08496", "z": "0.23875", "id": "chr16:g.54964206C>G", "size": 10}, {"style": "filled", "gen_chrom": "chr16", "all_ref": "C", "name": "chr16:g.54227818C>G", "color": "orange", "all_alt": "G", "mid": -92559.0, "gen_start": 54227818, "rsid": "rs77517826", "gen_end": 54227818, "cadd_score": 0.440083, "y": "0.06291", "x": "0.31523", "z": "0.64587", "id": "chr16:g.54227818C>G", "size": 10}, {"style": "filled", "gen_chrom": "chr16", "all_ref": "G", "name": "chr16:g.54962960G>C", "color": "orange", "all_alt": "C", "mid": 642583.0, "gen_start": 54962960, "gen_end": 54962960, "cadd_score": 0.09203, "y": "0.26148", "x": "0.76111", "z": "0.1056", "id": "chr16:g.54962960G>C", "size": 10}, {"style": "filled", "gen_chrom": "chr16", "all_ref": "G", "name": "chr16:g.55359075G>C", "color": "orange", "all_alt": "C", "mid": 1038698.0, "gen_start": 55359075, "rsid": "rs778159482", "gen_end": 55359075, "cadd_score": -0.047344, "y": "0.92653", "x": "0.80749", "z": "0.62929", "deep_score": "FMR1:4.46, HNRNPH2:4.17, ", "id": "chr16:g.55359075G>C", "size": 10}, {"style": "filled", "gen_chrom": "chr16", "all_ref": "G", "name": "chr16:g.54962828G>C", "color": "orange", "all_alt": "C", "mid": 642451.0, "gen_start": 54962828, "gen_end": 54962828, "cadd_score": 0.028989, "y": "0.34365", "x": "0.54625", "z": "0.0041", "id": "chr16:g.54962828G>C", "size": 10}, {"style": "filled", "gen_chrom": "chr16", "all_ref": "C", "name": "chr16:g.53899563C>T", "color": "orange", "all_alt": "T", "grasp_pmid": "20339536", "mid": -420814.0, "gen_start": 53899563, "id": "chr16:g.53899563C>T", "rsid": "rs9936768", "gen_end": 53899563, "cadd_score": 0.210418, "grasp_pheno": "Response_to_statin_treatment_(simvastatin,__pravastatin,__atorvastatin),__change_in_cholesterol_levels,_,_", "y": "0.90655", "x": "0.18759", "z": "0.57088", "gtex_eqtl_pval": 0.255914, "size": 10}, {"style": "filled", "gen_chrom": "chr16", "all_ref": "G", "name": "chr16:g.54962978G>A", "color": "orange", "all_alt": "A", "mid": 642601.0, "gen_start": 54962978, "gen_end": 54962978, "cadd_score": 0.061824, "y": "0.34349", "x": "0.7112", "z": "0.04164", "id": "chr16:g.54962978G>A", "size": 10}, {"style": "filled", "gen_chrom": "chr16", "all_ref": "G", "name": "chr16:g.54364956G>A", "color": "orange", "all_alt": "A", "mid": 44579.0, "gen_start": 54364956, "rsid": "rs7192651", "gen_end": 54364956, "cadd_score": -0.047754, "y": "0.22113", "x": "0.3076", "z": "0.87831", "id": "chr16:g.54364956G>A", "size": 10}, {"style": "filled", "gen_chrom": "chr16", "all_ref": "G", "name": "chr16:g.54962978G>C", "color": "orange", "all_alt": "C", "mid": 642601.0, "gen_start": 54962978, "gen_end": 54962978, "cadd_score": -0.225515, "y": "0.15716", "x": "0.50184", "z": "0.12362", "id": "chr16:g.54962978G>C", "size": 10}, {"style": "filled", "gen_chrom": "chr16", "all_ref": "C", "name": "chr16:g.54228232C>T", "color": "orange", "all_alt": "T", "mid": -92145.0, "gen_start": 54228232, "rsid": "rs116827978", "gen_end": 54228232, "cadd_score": 0.395766, "y": "0.00849", "x": "0.42061", "z": "0.56453", "id": "chr16:g.54228232C>T", "size": 10}, {"style": "filled", "gen_chrom": "chr16", "all_ref": "C", "name": "chr16:g.54320504C>T", "color": "orange", "all_alt": "T", "mid": 127.0, "gen_start": 54320504, "rsid": "rs76951076", "gen_end": 54320504, "cadd_score": 1.645142, "y": "0.47415", "x": "0.983", "z": "0.26702", "deep_score": "U2AF2:-6.28, ", "id": "chr16:g.54320504C>T", "size": 10}, {"style": "filled", "gen_chrom": "chr16", "all_ref": "G", "name": "chr16:g.54320197G>T", "color": "orange", "all_alt": "T", "grasp_pmid": "20686565,22005930,", "mid": -180.0, "gen_start": 54320197, "id": "chr16:g.54320197G>T", "rsid": "rs3751723", "gen_end": 54320197, "cadd_score": 1.537829, "grasp_pheno": "Lipid_level_measurements,Alzheimer's_disease_with_psychotic_symptoms,", "y": "0.51152", "x": "0.94786", "z": "0.20218", "gtex_eqtl_pval": 0.43283, "size": 10}, {"style": "filled", "gen_chrom": "chr16", "all_ref": "G", "name": "chr16:g.54962793G>C", "color": "orange", "all_alt": "C", "mid": 642416.0, "gen_start": 54962793, "gen_end": 54962793, "cadd_score": 0.054075, "y": "0.22042", "x": "0.44265", "z": "0.07451", "id": "chr16:g.54962793G>C", "size": 10}, {"style": "filled", "gen_chrom": "chr16", "all_ref": "C", "name": "chr16:g.54964128C>T", "color": "orange", "all_alt": "T", "mid": 643751.0, "gen_start": 54964128, "rsid": "rs188549043", "gen_end": 54964128, "cadd_score": 0.939494, "y": "0.73575", "x": "0.08165", "z": "0.33572", "id": "chr16:g.54964128C>T", "size": 10}, {"style": "filled", "name": "chr16:54364474-54366157", "color": "red", "mid": 44938.5, "tfbs": "BCL11A,JunD,NANOG_(SC-33759),POU5F1_(SC-9081),TCF12,p300", "y": "0.47404", "x": "0.42068", "z": "0.634", "id": "chr16:54364474-54366157", "size": 25}, {"style": "filled", "name": "chr16:55090493-55091080", "color": "grey", "mid": 770409.5, "dist2anchor": 0, "y": "0.82027", "x": "0.49276", "z": "0.85645", "id": "chr16:55090493-55091080", "size": 20}, {"style": "filled", "gen_chrom": "chr16", "all_ref": "T", "name": "chr16:g.55359141T>C", "color": "orange", "all_alt": "C", "mid": 1038764.0, "gen_start": 55359141, "rsid": "rs31079", "gen_end": 55359141, "cadd_score": 0.241638, "y": "0.94212", "x": "0.79053", "z": "0.44783", "id": "chr16:g.55359141T>C", "size": 10}, {"style": "filled", "gen_chrom": "chr16", "all_ref": "G", "name": "chr16:g.54962978G>T", "color": "orange", "all_alt": "T", "mid": 642601.0, "gen_start": 54962978, "gen_end": 54962978, "cadd_score": -0.107721, "y": "0.37474", "x": "0.47879", "z": "0.0", "id": "chr16:g.54962978G>T", "size": 10}, {"style": "filled", "gen_chrom": "chr16", "all_ref": "C", "name": "chr16:g.53899009C>T", "color": "orange", "all_alt": "T", "mid": -421368.0, "gen_start": 53899009, "rsid": "rs138834115", "gen_end": 53899009, "cadd_score": 0.527126, "y": "0.38274", "x": "0.94318", "z": "0.75685", "id": "chr16:g.53899009C>T", "size": 10}, {"style": "filled", "gen_chrom": "chr16", "all_ref": "C", "name": "chr16:g.54685573C>T", "color": "orange", "all_alt": "T", "mid": 365196.0, "gen_start": 54685573, "rsid": "rs185572113", "gen_end": 54685573, "cadd_score": 2.186987, "y": "0.16021", "x": "0.8967", "z": "0.58287", "id": "chr16:g.54685573C>T", "size": 10}, {"style": "filled", "gene": true, "name": "FTO: chr16:53978866-53980964", "color": "blue", "mid": -352481, "fpkm": 184.9529, "tfbs": "CEBPB,CTCF,CTCF_(C-20),CTCF_(SC-5916),ELF1_(SC-631),JunD,Max,PU.1,Rad21,SMC3_(ab9263),YY1_(C-20),c-Jun,c-Myc", "y": "0.62076", "x": "0.41358", "z": "0.46822", "id": "chr16:53978866-53980964", "size": 25}, {"style": "filled", "gen_chrom": "chr16", "all_ref": "C", "name": "chr16:g.54227756C>T", "color": "orange", "all_alt": "T", "mid": -92621.0, "gen_start": 54227756, "rsid": "rs189799921", "gen_end": 54227756, "cadd_score": 0.548222, "y": "0.15762", "x": "0.14941", "z": "0.46597", "id": "chr16:g.54227756C>T", "size": 10}, {"style": "filled", "gen_chrom": "chr16", "all_ref": "A", "name": "chr16:g.55154503A>G", "color": "orange", "all_alt": "G", "mid": 834126.0, "gen_start": 55154503, "rsid": "rs141553679", "gen_end": 55154503, "cadd_score": 0.693096, "y": "0.66071", "x": "0.46909", "z": "0.01002", "id": "chr16:g.55154503A>G", "size": 10}, {"style": "filled", "gen_chrom": "chr16", "all_ref": "T", "name": "chr16:g.55090858T>A", "color": "orange", "all_alt": "A", "mid": 770481.0, "gen_start": 55090858, "rsid": "rs185330018", "gen_end": 55090858, "cadd_score": 1.751046, "y": "0.87904", "x": "0.41156", "z": "0.85506", "id": "chr16:g.55090858T>A", "size": 10}, {"style": "filled", "gen_chrom": "chr16", "all_ref": "G", "name": "chr16:g.55090911G>T", "color": "orange", "all_alt": "T", "mid": 770534.0, "gen_start": 55090911, "rsid": "rs11646232", "gen_end": 55090911, "cadd_score": 2.143158, "gtex_eqtl_pval": 0.623785, "y": "0.75889", "x": "0.49752", "z": "0.96095", "id": "chr16:g.55090911G>T", "size": 10}, {"style": "filled", "gen_chrom": "chr16", "all_ref": "A", "name": "chr16:g.54365709A>G", "color": "orange", "all_alt": "G", "mid": 45332.0, "gen_start": 54365709, "rsid": "rs28649326", "gen_end": 54365709, "cadd_score": -0.617038, "y": "0.47308", "x": "0.25112", "z": "0.94202", "deep_score": "A1CF:5.27, ", "id": "chr16:g.54365709A>G", "size": 10}, {"style": "filled", "name": "chr16:55291193-55292826", "color": "green", "mid": 971632.5, "tfbs": "CTCF,CTCF_(C-20),CTCF_(SC-5916),NANOG_(SC-33759),Rad21,SMC3_(ab9263)", "y": "0.72659", "x": "0.48056", "z": "0.35538", "id": "chr16:55291193-55292826", "size": 25}, {"style": "filled", "gen_chrom": "chr16", "all_ref": "A", "name": "chr16:g.55091068A>T", "color": "orange", "all_alt": "T", "grasp_pmid": "20383146", "mid": 770691.0, "gen_start": 55091068, "id": "chr16:g.55091068A>T", "rsid": "rs11860704", "gen_end": 55091068, "cadd_score": 2.802527, "grasp_pheno": "Chronic_kidney_disease_(CKD)_and_renal_traits", "y": "0.95067", "x": "0.51322", "z": "0.774", "gtex_eqtl_pval": 0.134212, "size": 10}, {"style": "filled", "gen_chrom": "chr16", "all_ref": "T", "name": "chr16:g.55090609T>A", "color": "orange", "all_alt": "A", "mid": 770232.0, "gen_start": 55090609, "rsid": "rs4784469", "gen_end": 55090609, "cadd_score": 2.238659, "gtex_eqtl_pval": 0.54595, "y": "0.94204", "x": "0.43424", "z": "0.7775", "id": "chr16:g.55090609T>A", "size": 10}, {"style": "filled", "name": "chr16:53806650-53807913", "color": "grey", "mid": -513095.5, "tfbs": "CTCF,CTCF_(C-20),CTCF_(SC-5916),FOXA1_(C-20),FOXA1_(SC-101058),FOXA2_(SC-6554),GATA-1,GATA-2,GATA3_(SC-268),GTF2F1_(RAP-74),KAP1,Rad21,SMC3_(ab9263),STAT1,TCF4", "y": "0.55399", "x": "0.25205", "z": "0.26095", "id": "chr16:53806650-53807913", "size": 20}, {"style": "filled", "name": "chr16:55153877-55155126", "color": "green", "mid": 834124.5, "tfbs": "CTCF,CTCF_(SC-5916),Rad21", "y": "0.73821", "x": "0.50036", "z": "0.21558", "id": "chr16:55153877-55155126", "size": 25}, {"style": "filled", "gen_chrom": "chr16", "all_ref": "G", "name": "chr16:g.54365112G>A", "color": "orange", "all_alt": "A", "grasp_pmid": "18445777,18445777,21355061,", "mid": 44735.0, "gen_start": 54365112, "id": "chr16:g.54365112G>A", "rsid": "rs12149279", "gen_end": 54365112, "cadd_score": -0.020678, "grasp_pheno": "Bone_mineral_density_(BMD),Bone_mineral_density_(BMD),Albuminuria,_,_in_urine,_,_", "y": "0.33196", "x": "0.35877", "z": "0.96655", "gtex_eqtl_pval": 0.128184, "size": 10}, {"style": "filled", "name": "chr16:54320088-54320592", "color": "grey", "mid": -37.0, "dist2anchor": 0, "y": "0.53796", "x": "0.78586", "z": "0.26645", "id": "chr16:54320088-54320592", "size": 20}, {"style": "filled", "gen_chrom": "chr16", "all_ref": "T", "name": "chr16:g.54365454T>C", "color": "orange", "all_alt": "C", "grasp_pmid": "21355061", "mid": 45077.0, "gen_start": 54365454, "id": "chr16:g.54365454T>C", "rsid": "rs11076030", "gen_end": 54365454, "cadd_score": 0.001143, "grasp_pheno": "Albuminuria,__in_urine,_,_", "y": "0.47508", "x": "0.16989", "z": "0.88965", "gtex_eqtl_pval": 0.070723, "size": 10}, {"style": "filled", "gen_chrom": "chr16", "all_ref": "A", "name": "chr16:g.55359024A>C", "color": "orange", "all_alt": "C", "mid": 1038647.0, "gen_start": 55359024, "gen_end": 55359024, "cadd_score": 0.129753, "y": "0.87031", "x": "0.87487", "z": "0.38062", "id": "chr16:g.55359024A>C", "size": 10}, {"style": "filled", "gen_chrom": "chr16", "all_ref": "G", "name": "chr16:g.55090619G>T", "color": "orange", "all_alt": "T", "mid": 770242.0, "gen_start": 55090619, "rsid": "rs75220192", "gen_end": 55090619, "cadd_score": 1.949169, "y": "0.89255", "x": "0.35163", "z": "0.81016", "id": "chr16:g.55090619G>T", "size": 10}, {"style": "filled", "name": "chr16:54851067-54852323", "color": "grey", "mid": 531318.0, "tfbs": "CTCF,CTCF_(SC-5916),Rad21,SMC3_(ab9263),SP1,STAT3", "y": "0.73004", "x": "0.36201", "z": "0.19797", "id": "chr16:54851067-54852323", "size": 20}, {"style": "filled", "gen_chrom": "chr16", "all_ref": "G", "name": "chr16:g.54962895G>C", "color": "orange", "all_alt": "C", "mid": 642518.0, "gen_start": 54962895, "gen_end": 54962895, "cadd_score": 0.009018, "y": "0.39281", "x": "0.64805", "z": "0.0066", "id": "chr16:g.54962895G>C", "size": 10}, {"style": "filled", "gen_chrom": "chr16", "all_ref": "T", "name": "chr16:g.54365318T>C", "color": "orange", "all_alt": "C", "grasp_pmid": "19875103,21355061,", "mid": 44941.0, "gen_start": 54365318, "id": "chr16:g.54365318T>C", "rsid": "rs11076028", "gen_end": 54365318, "cadd_score": 0.178653, "grasp_pheno": "Response_to_antipsychotics,Albuminuria,_,_in_urine,_,_", "y": "0.34687", "x": "0.20953", "z": "0.89561", "gtex_eqtl_pval": 0.070723, "size": 10}, {"style": "filled", "gen_chrom": "chr16", "all_ref": "C", "name": "chr16:g.55154306C>G", "color": "orange", "all_alt": "G", "mid": 833929.0, "gen_start": 55154306, "rsid": "rs192308320", "gen_end": 55154306, "cadd_score": 0.277106, "y": "0.60988", "x": "0.57916", "z": "0.00014", "id": "chr16:g.55154306C>G", "size": 10}, {"style": "filled", "gen_chrom": "chr16", "all_ref": "G", "name": "chr16:g.55090792G>T", "color": "orange", "all_alt": "T", "mid": 770415.0, "gen_start": 55090792, "rsid": "rs183706034", "gen_end": 55090792, "cadd_score": 1.385126, "y": "0.81925", "x": "0.58804", "z": "0.91823", "deep_score": "KLF13:3.3, ", "id": "chr16:g.55090792G>T", "size": 10}, {"style": "filled", "gen_chrom": "chr16", "all_ref": "G", "name": "chr16:g.54365347G>T", "color": "orange", "all_alt": "T", "grasp_pmid": "21355061", "mid": 44970.0, "gen_start": 54365347, "id": "chr16:g.54365347G>T", "rsid": "rs11076029", "gen_end": 54365347, "cadd_score": -0.035473, "grasp_pheno": "Albuminuria,__in_urine,_,_", "y": "0.26021", "x": "0.35697", "z": "0.93012", "gtex_eqtl_pval": 0.070723, "size": 10}, {"style": "filled", "gen_chrom": "chr16", "all_ref": "C", "name": "chr16:g.55358928C>G", "color": "orange", "all_alt": "G", "mid": 1038551.0, "gen_start": 55358928, "rsid": "rs118046342", "gen_end": 55358928, "cadd_score": 0.048273, "y": "0.71679", "x": "0.98055", "z": "0.59446", "id": "chr16:g.55358928C>G", "size": 10}, {"style": "filled", "gen_chrom": "chr16", "all_ref": "A", "name": "chr16:g.55359024A>T", "color": "orange", "all_alt": "T", "mid": 1038647.0, "gen_start": 55359024, "gen_end": 55359024, "cadd_score": 0.059695, "y": "0.89068", "x": "0.86559", "z": "0.59533", "id": "chr16:g.55359024A>T", "size": 10}, {"style": "filled", "name": "chr16:54227454-54228583", "color": "grey", "mid": -92358.5, "dist2anchor": 0, "y": "0.10854", "x": "0.30841", "z": "0.48703", "id": "chr16:54227454-54228583", "size": 20}, {"style": "filled", "name": "chr16:54322905-54326414", "color": "grey", "mid": 4282.5, "tfbs": "Nrf1,SUZ12", "y": "0.54028", "x": "0.42091", "z": "0.44143", "id": "chr16:54322905-54326414", "size": 20}, {"style": "filled", "name": "chr16:54625355-54626737", "color": "red", "mid": 305669.0, "tfbs": "", "y": "0.48525", "x": "0.34994", "z": "0.29731", "id": "chr16:54625355-54626737", "size": 25}, {"style": "filled", "gen_chrom": "chr16", "all_ref": "T", "name": "chr16:g.55359042T>C", "color": "orange", "all_alt": "C", "mid": 1038665.0, "gen_start": 55359042, "gen_end": 55359042, "cadd_score": 0.210074, "y": "0.67681", "x": "1.0", "z": "0.53875", "id": "chr16:g.55359042T>C", "size": 10}, {"style": "filled", "gen_chrom": "chr16", "all_ref": "G", "name": "chr16:g.54963041G>T", "color": "orange", "all_alt": "T", "mid": 642664.0, "gen_start": 54963041, "gen_end": 54963041, "cadd_score": -0.163474, "y": "0.33656", "x": "0.77234", "z": "0.08947", "id": "chr16:g.54963041G>T", "size": 10}, {"style": "filled", "name": "chr16:54684937-54686325", "color": "red", "mid": 365254.0, "tfbs": "CtBP2,NANOG_(SC-33759),Pol2,STAT3,YY1_(C-20)", "y": "0.42772", "x": "0.55493", "z": "0.41296", "id": "chr16:54684937-54686325", "size": 25}, {"style": "filled", "gen_chrom": "chr16", "all_ref": "C", "name": "chr16:g.54964627C>G", "color": "orange", "all_alt": "G", "mid": 644250.0, "gen_start": 54964627, "rsid": "rs79043010", "gen_end": 54964627, "cadd_score": 1.887096, "gtex_eqtl_pval": 0.77037, "y": "0.49021", "x": "0.03852", "z": "0.29375", "id": "chr16:g.54964627C>G", "size": 10}, {"style": "filled", "name": "chr16:54354862-54355173", "color": "grey", "mid": 34640.5, "dist2anchor": 9302, "y": "0.41528", "x": "0.62084", "z": "0.89801", "id": "chr16:54354862-54355173", "size": 20}, {"style": "filled", "name": "chr16:54990889-54992670", "color": "green", "mid": 671402.5, "tfbs": "CTCF,CTCF_(C-20),CTCF_(SC-5916),Rad21,SMC3_(ab9263)", "y": "0.66032", "x": "0.43958", "z": "0.30967", "id": "chr16:54990889-54992670", "size": 25}, {"style": "filled", "name": "chr16:54364850-54365710", "color": "grey", "mid": 44903.0, "dist2anchor": 0, "y": "0.35823", "x": "0.25108", "z": "0.86578", "id": "chr16:54364850-54365710", "size": 20}, {"style": "filled", "gen_chrom": "chr16", "all_ref": "C", "name": "chr16:g.55090515C>A", "color": "orange", "all_alt": "A", "mid": 770138.0, "gen_start": 55090515, "rsid": "rs76474249", "gen_end": 55090515, "cadd_score": 0.665062, "y": "0.67987", "x": "0.50827", "z": "0.98256", "id": "chr16:g.55090515C>A", "size": 10}, {"style": "filled", "name": "chr16:55055266-55056581", "color": "green", "mid": 735546.5, "tfbs": "CTCF,CTCFL_(SC-98982),CTCF_(SC-5916),FOSL1_(SC-183),GATA2_(CG2-96),HEY1,MafK_(ab50322),Rad21,SMC3_(ab9263),TCF12,eGFP-FOS,eGFP-JunD", "y": "0.72458", "x": "0.4377", "z": "0.2825", "id": "chr16:55055266-55056581", "size": 25}, {"style": "filled", "name": "chr16:55357266-55359176", "color": "grey", "mid": 1037844.0, "dist2anchor": 0, "y": "0.81445", "x": "0.86914", "z": "0.5319", "id": "chr16:55357266-55359176", "size": 20}, {"style": "filled", "gen_chrom": "chr16", "all_ref": "A", "name": "chr16:g.54685430A>G", "color": "orange", "all_alt": "G", "mid": 365053.0, "gen_start": 54685430, "rsid": "rs192696501", "gen_end": 54685430, "cadd_score": 1.577505, "y": "0.17058", "x": "0.86487", "z": "0.67994", "id": "chr16:g.54685430A>G", "size": 10}, {"style": "filled", "gen_chrom": "chr16", "all_ref": "C", "name": "chr16:g.54320337C>T", "color": "orange", "all_alt": "T", "mid": -40.0, "gen_start": 54320337, "rsid": "rs187950402", "gen_end": 54320337, "cadd_score": 1.248801, "y": "0.60024", "x": "0.9374", "z": "0.21244", "id": "chr16:g.54320337C>T", "size": 10}, {"style": "filled", "gene": true, "name": "IRX3: chr16:54315058-54322626", "color": "blue", "mid": 1, "fpkm": 209.9262, "tfbs": "AP-2alpha,AP-2gamma,CEBPB,CTCF,CTCF_(C-20),CTCF_(SC-5916),CtBP2,ELF1_(SC-631),Egr-1,FOXA1_(C-20),GABP,GATA3_(SC-268),HA-E2F1,HEY1,Max,Pol2,Pol2-4H8,Rad21,SMC3_(ab9263),SUZ12,TAF1,ZNF263", "y": "0.55873", "x": "0.40859", "z": "0.39241", "id": "chr16:54315058-54322626", "size": 50}, {"style": "filled", "gen_chrom": "chr16", "all_ref": "C", "name": "chr16:g.54228391C>T", "color": "orange", "all_alt": "T", "mid": -91986.0, "gen_start": 54228391, "rsid": "rs114707295", "gen_end": 54228391, "cadd_score": 0.332565, "y": "0.08636", "x": "0.2675", "z": "0.34158", "id": "chr16:g.54228391C>T", "size": 10}, {"style": "filled", "gen_chrom": "chr16", "all_ref": "C", "name": "chr16:g.54227918C>T", "color": "orange", "all_alt": "T", "mid": -92459.0, "gen_start": 54227918, "rsid": "rs35623893", "gen_end": 54227918, "cadd_score": 0.319636, "gtex_eqtl_pval": 0.858801, "y": "0.04046", "x": "0.40149", "z": "0.63018", "id": "chr16:g.54227918C>T", "size": 10}, {"style": "filled", "gen_chrom": "chr16", "all_ref": "G", "name": "chr16:g.54962895G>T", "color": "orange", "all_alt": "T", "mid": 642518.0, "gen_start": 54962895, "gen_end": 54962895, "cadd_score": 0.128539, "y": "0.27121", "x": "0.63256", "z": "0.04832", "id": "chr16:g.54962895G>T", "size": 10}, {"style": "filled", "gen_chrom": "chr16", "all_ref": "C", "name": "chr16:g.54963038C>G", "color": "orange", "all_alt": "G", "mid": 642661.0, "gen_start": 54963038, "gen_end": 54963038, "cadd_score": 0.16311, "y": "0.28468", "x": "0.45588", "z": "0.02986", "id": "chr16:g.54963038C>G", "size": 10}, {"style": "filled", "gen_chrom": "chr16", "all_ref": "C", "name": "chr16:g.54227899C>T", "color": "orange", "all_alt": "T", "mid": -92478.0, "gen_start": 54227899, "rsid": "rs181108815", "gen_end": 54227899, "cadd_score": -0.103753, "y": "0.0", "x": "0.43697", "z": "0.48326", "id": "chr16:g.54227899C>T", "size": 10}, {"style": "filled", "gen_chrom": "chr16", "all_ref": "G", "name": "chr16:g.54685657G>C", "color": "orange", "all_alt": "C", "mid": 365280.0, "gen_start": 54685657, "rsid": "rs141125588", "gen_end": 54685657, "cadd_score": 0.3308, "y": "0.13485", "x": "0.79519", "z": "0.73943", "deep_score": "ZC3H10:6.45, ", "id": "chr16:g.54685657G>C", "size": 10}, {"style": "filled", "gen_chrom": "chr16", "all_ref": "A", "name": "chr16:g.54963334A>C", "color": "orange", "all_alt": "C", "mid": 642957.0, "gen_start": 54963334, "rsid": "rs185274990", "gen_end": 54963334, "cadd_score": 0.172526, "y": "0.13195", "x": "0.61318", "z": "0.16264", "id": "chr16:g.54963334A>C", "size": 10}, {"style": "filled", "name": "chr16:55068506-55069868", "color": "green", "mid": 748810.0, "tfbs": "CTCF,CTCF_(C-20),CTCF_(SC-5916),EBF,Rad21,SMC3_(ab9263),TCF4", "y": "0.82293", "x": "0.49083", "z": "0.32267", "id": "chr16:55068506-55069868", "size": 25}, {"style": "filled", "name": "chr16:54685116-54685718", "color": "grey", "mid": 365040.0, "dist2anchor": 0, "y": "0.16385", "x": "0.76942", "z": "0.57663", "id": "chr16:54685116-54685718", "size": 20}, {"style": "filled", "name": "chr16:54963977-54964821", "color": "grey", "mid": 644022.0, "dist2anchor": 0, "y": "0.59781", "x": "0.09074", "z": "0.32548", "id": "chr16:54963977-54964821", "size": 20}, {"style": "filled", "gen_chrom": "chr16", "all_ref": "T", "name": "chr16:g.54365276T>C", "color": "orange", "all_alt": "C", "mid": 44899.0, "gen_start": 54365276, "rsid": "rs143173069", "gen_end": 54365276, "cadd_score": 0.4171, "y": "0.3578", "x": "0.10883", "z": "0.79091", "id": "chr16:g.54365276T>C", "size": 10}, {"style": "filled", "gen_chrom": "chr16", "all_ref": "A", "name": "chr16:g.54227612A>G", "color": "orange", "all_alt": "G", "mid": -92765.0, "gen_start": 54227612, "rsid": "rs184529083", "gen_end": 54227612, "cadd_score": -0.008878, "y": "0.02256", "x": "0.33467", "z": "0.50692", "id": "chr16:g.54227612A>G", "size": 10}, {"style": "filled", "gen_chrom": "chr16", "all_ref": "G", "name": "chr16:g.55154309G>A", "color": "orange", "all_alt": "A", "grasp_pmid": "19060906", "mid": 833932.0, "gen_start": 55154309, "id": "chr16:g.55154309G>A", "rsid": "rs9924905", "gen_end": 55154309, "cadd_score": 0.10135, "grasp_pheno": "Lipid_level_measurements", "y": "0.66243", "x": "0.71227", "z": "0.04046", "gtex_eqtl_pval": 0.353757, "size": 10}, {"style": "filled", "gen_chrom": "chr16", "all_ref": "G", "name": "chr16:g.55359070G>C", "color": "orange", "all_alt": "C", "mid": 1038693.0, "gen_start": 55359070, "rsid": "rs765163109", "gen_end": 55359070, "cadd_score": 0.256085, "y": "0.73225", "x": "0.96141", "z": "0.6695", "deep_score": "FMR1:3.08, ", "id": "chr16:g.55359070G>C", "size": 10}, {"style": "filled", "name": "chr16:54463834-54465183", "color": "grey", "mid": 144131.5, "tfbs": "ERalpha_a,FOXA1_(C-20),FOXA1_(SC-101058),FOXA2_(SC-6554),GATA3_(SC-268),HDAC2_(SC-6296),HNF4A_(H-171),HNF4G_(SC-6558),RXRA,Rad21,SETDB1,SP1,TCF4,YY1_(C-20),p300", "y": "0.47425", "x": "0.24723", "z": "0.29971", "id": "chr16:54463834-54465183", "size": 20}, {"style": "filled", "gen_chrom": "chr16", "all_ref": "G", "name": "chr16:g.54228361G>A", "color": "orange", "all_alt": "A", "mid": -92016.0, "gen_start": 54228361, "rsid": "rs188946702", "gen_end": 54228361, "cadd_score": 0.430796, "y": "0.03585", "x": "0.33504", "z": "0.38391", "id": "chr16:g.54228361G>A", "size": 10}, {"style": "filled", "gen_chrom": "chr16", "all_ref": "C", "name": "chr16:g.54964163C>A", "color": "orange", "all_alt": "A", "mid": 643786.0, "gen_start": 54964163, "rsid": "rs144111118", "gen_end": 54964163, "cadd_score": 1.381508, "y": "0.65553", "x": "0.02021", "z": "0.43799", "id": "chr16:g.54964163C>A", "size": 10}, {"style": "filled", "gen_chrom": "chr16", "all_ref": "C", "name": "chr16:g.55090686C>T", "color": "orange", "all_alt": "T", "mid": 770309.0, "gen_start": 55090686, "rsid": "rs138924925", "gen_end": 55090686, "cadd_score": 2.217687, "y": "0.87291", "x": "0.61782", "z": "0.86501", "id": "chr16:g.55090686C>T", "size": 10}, {"style": "filled", "gene": true, "name": "IRX6: chr16:55356901-55359528", "color": "blue", "mid": 1039334, "fpkm": 0.0, "tfbs": "CTCF,CTCFL_(SC-98982),CTCF_(SC-5916),Pol2,Rad21,TBP", "y": "0.71201", "x": "0.55522", "z": "0.43259", "id": "chr16:55356901-55359528", "size": 25}, {"style": "filled", "name": "chr16:54968165-54974347", "color": "green", "mid": 650879.0, "tfbs": "CTCF,CTCF_(SC-5916),NRSF,Pol2(b),Rad21,SUZ12,TBP,TCF12", "y": "0.62129", "x": "0.44269", "z": "0.35296", "id": "chr16:54968165-54974347", "size": 25}, {"style": "filled", "name": "chr16:55090014-55091549", "color": "green", "mid": 770404.5, "tfbs": "ATF3,CTCF,CTCF_(SC-5916),GATA-2,NRSF,SUZ12", "y": "0.75906", "x": "0.48385", "z": "0.54222", "id": "chr16:55090014-55091549", "size": 25}, {"style": "filled", "gen_chrom": "chr16", "all_ref": "T", "name": "chr16:g.55154429T>C", "color": "orange", "all_alt": "C", "mid": 834052.0, "gen_start": 55154429, "rsid": "rs147874059", "gen_end": 55154429, "cadd_score": -0.152827, "y": "0.76061", "x": "0.69887", "z": "0.08533", "id": "chr16:g.55154429T>C", "size": 10}, {"style": "filled", "gene": true, "name": "IRX5,CRNDE: chr16:54960915-54966261", "color": "blue", "mid": 645606, "fpkm": 32.12921, "tfbs": "CCNT2,CEBPB,CHD2_(N-1250),CTCF,CtBP2,E2F6,E2F6_(H-50),EBF1_(C-8),ELF1_(SC-631),Egr-1,FOXA1_(C-20),GATA-2,GATA3_(SC-268),HA-E2F1,HEY1,HMGN3,IRF1,Ini1,JunD,NF-YA,NF-YB,Pol2,Rad21,SIX5,SP1,SRF,Sin3Ak-20,TAF1,TBP,TCF4,USF-1,USF1_(SC-8983),YY1,ZBTB7A_(SC-34508),ZNF263,Znf143_(16618-1-AP),c-Myc,p300", "y": "0.54175", "x": "0.41107", "z": "0.3355", "id": "chr16:54960915-54966261", "size": 25}, {"style": "filled", "name": "chr16:54624304-54625267", "color": "red", "mid": 304408.5, "tfbs": "", "y": "0.7606", "x": "0.22344", "z": "0.21341", "id": "chr16:54624304-54625267", "size": 25}, {"style": "filled", "gen_chrom": "chr16", "all_ref": "G", "name": "chr16:g.54365152G>T", "color": "orange", "all_alt": "T", "mid": 44775.0, "gen_start": 54365152, "rsid": "rs114977137", "gen_end": 54365152, "cadd_score": 0.394853, "y": "0.23328", "x": "0.21", "z": "0.81499", "id": "chr16:g.54365152G>T", "size": 10}, {"style": "filled", "name": "chr16:53899424-53899894", "color": "grey", "mid": -420718.0, "dist2anchor": 25578, "y": "0.7978", "x": "0.22522", "z": "0.61709", "id": "chr16:53899424-53899894", "size": 20}, {"style": "filled", "gen_chrom": "chr16", "all_ref": "C", "name": "chr16:g.55090806C>A", "color": "orange", "all_alt": "A", "mid": 770429.0, "gen_start": 55090806, "rsid": "rs112537241", "gen_end": 55090806, "cadd_score": 1.783883, "gtex_eqtl_pval": 0.636051, "y": "0.76581", "x": "0.6491", "z": "0.93012", "id": "chr16:g.55090806C>A", "size": 10}, {"style": "filled", "name": "chr16:55154115-55154642", "color": "grey", "mid": 834001.5, "dist2anchor": 0, "y": "0.72222", "x": "0.58102", "z": "0.04699", "id": "chr16:55154115-55154642", "size": 20}, {"style": "filled", "gen_chrom": "chr16", "all_ref": "C", "name": "chr16:g.55154496C>T", "color": "orange", "all_alt": "T", "mid": 834119.0, "gen_start": 55154496, "rsid": "rs184695477", "gen_end": 55154496, "cadd_score": 1.037927, "y": "0.80701", "x": "0.5412", "z": "0.07263", "deep_score": "SRSF1:3.42, HNRPLL:3.22, ", "id": "chr16:g.55154496C>T", "size": 10}, {"style": "filled", "gen_chrom": "chr16", "all_ref": "A", "name": "chr16:g.55359015A>T", "color": "orange", "all_alt": "T", "mid": 1038638.0, "gen_start": 55359015, "gen_end": 55359015, "cadd_score": -0.359587, "y": "0.7265", "x": "0.98494", "z": "0.45234", "id": "chr16:g.55359015A>T", "size": 10}, {"style": "filled", "name": "chr16:54962748-54963391", "color": "grey", "mid": 642692.5, "dist2anchor": 0, "y": "0.29223", "x": "0.58777", "z": "0.10398", "id": "chr16:54962748-54963391", "size": 20}, {"style": "filled", "gen_chrom": "chr16", "all_ref": "C", "name": "chr16:g.54964705C>G", "color": "orange", "all_alt": "G", "mid": 644328.0, "gen_start": 54964705, "rsid": "rs193113928", "gen_end": 54964705, "cadd_score": 1.81218, "y": "0.53202", "x": "0.0", "z": "0.42182", "id": "chr16:g.54964705C>G", "size": 10}, {"style": "filled", "gen_chrom": "chr16", "all_ref": "A", "name": "chr16:g.54685122A>G", "color": "orange", "all_alt": "G", "mid": 364745.0, "gen_start": 54685122, "rsid": "rs75379483", "gen_end": 54685122, "cadd_score": 2.256187, "y": "0.08532", "x": "0.76282", "z": "0.69097", "deep_score": "PAX2:-4.02, ", "id": "chr16:g.54685122A>G", "size": 10}, {"style": "filled", "gen_chrom": "chr16", "all_ref": "A", "name": "chr16:g.55359015A>G", "color": "orange", "all_alt": "G", "mid": 1038638.0, "gen_start": 55359015, "gen_end": 55359015, "cadd_score": 0.100328, "y": "0.8182", "x": "0.91446", "z": "0.65176", "id": "chr16:g.55359015A>G", "size": 10}, {"style": "filled", "gen_chrom": "chr16", "all_ref": "C", "name": "chr16:g.54964072C>T", "color": "orange", "all_alt": "T", "mid": 643695.0, "gen_start": 54964072, "rsid": "rs148453518", "gen_end": 54964072, "cadd_score": 1.206816, "y": "0.59883", "x": "0.02061", "z": "0.35268", "id": "chr16:g.54964072C>T", "size": 10}, {"style": "filled", "gen_chrom": "chr16", "all_ref": "G", "name": "chr16:g.54963041G>A", "color": "orange", "all_alt": "A", "mid": 642664.0, "gen_start": 54963041, "gen_end": 54963041, "cadd_score": 0.062294, "y": "0.18425", "x": "0.5737", "z": "0.09175", "id": "chr16:g.54963041G>A", "size": 10}, {"style": "filled", "name": "chr16:54226987-54228989", "color": "green", "mid": -92389.0, "tfbs": "CTCF,CTCF_(C-20),CTCF_(SC-5916),EBF1_(C-8),ELF1_(SC-631),ELK4,HDAC2_(SC-6296),KAP1,Max,Pol2,Rad21,SMC3_(ab9263),STAT1,STAT3,USF-1,YY1_(C-20),ZNF263,Znf143_(16618-1-AP),c-Myc", "y": "0.45878", "x": "0.38061", "z": "0.43724", "id": "chr16:54226987-54228989", "size": 25}, {"style": "filled", "gen_chrom": "chr16", "all_ref": "A", "name": "chr16:g.55359071A>G", "color": "orange", "all_alt": "G", "mid": 1038694.0, "gen_start": 55359071, "rsid": "rs758512904", "gen_end": 55359071, "cadd_score": 0.171409, "y": "0.89068", "x": "0.87508", "z": "0.45712", "id": "chr16:g.55359071A>G", "size": 10}, {"style": "filled", "name": "chr16:54667106-54668660", "color": "green", "mid": 347506.0, "tfbs": "CTCF,CTCFL_(SC-98982),CTCF_(SC-5916),GATA-2,Max,Rad21,SMC3_(ab9263),YY1,YY1_(C-20)", "y": "0.60318", "x": "0.36576", "z": "0.37443", "id": "chr16:54667106-54668660", "size": 25}, {"style": "filled", "name": "chr16:53898897-53899047", "color": "grey", "mid": -421405.0, "dist2anchor": 26425, "y": "0.46037", "x": "0.82031", "z": "0.64941", "id": "chr16:53898897-53899047", "size": 20}, {"style": "filled", "gen_chrom": "chr16", "all_ref": "G", "name": "chr16:g.54685422G>A", "color": "orange", "all_alt": "A", "mid": 365045.0, "gen_start": 54685422, "rsid": "rs187734339", "gen_end": 54685422, "cadd_score": 0.975641, "y": "0.04541", "x": "0.73235", "z": "0.62397", "id": "chr16:g.54685422G>A", "size": 10}, {"style": "filled", "gen_chrom": "chr16", "all_ref": "C", "name": "chr16:g.53899526C>G", "color": "orange", "all_alt": "G", "mid": -420851.0, "gen_start": 53899526, "rsid": "rs187354801", "gen_end": 53899526, "cadd_score": 0.185123, "y": "0.76104", "x": "0.111", "z": "0.68051", "id": "chr16:g.53899526C>G", "size": 10}, {"style": "filled", "gen_chrom": "chr16", "all_ref": "G", "name": "chr16:g.54228226G>T", "color": "orange", "all_alt": "T", "mid": -92151.0, "gen_start": 54228226, "rsid": "rs115693432", "gen_end": 54228226, "cadd_score": 0.162462, "y": "0.02337", "x": "0.42188", "z": "0.40137", "deep_score": "RBFOX1:3.1, ", "id": "chr16:g.54228226G>T", "size": 10}, {"style": "filled", "gen_chrom": "chr16", "all_ref": "A", "name": "chr16:g.55359126A>T", "color": "orange", "all_alt": "T", "mid": 1038749.0, "gen_start": 55359126, "rsid": "rs31078", "gen_end": 55359126, "cadd_score": 0.302077, "y": "0.95084", "x": "0.79935", "z": "0.53017", "id": "chr16:g.55359126A>T", "size": 10}, {"style": "filled", "gene": true, "name": "JB149426,FTO: chr16:53925471-53926834", "color": "blue", "mid": -367750, "fpkm": 40.63622, "tfbs": "CTCF,CTCF_(C-20),CTCF_(SC-5916),GATA-2,Rad21,SMC3_(ab9263),STAT1,STAT3,p300", "y": "0.60137", "x": "0.47364", "z": "0.53168", "id": "chr16:53925471-53926834", "size": 25}, {"style": "filled", "gen_chrom": "chr16", "all_ref": "A", "name": "chr16:g.54685354A>G", "color": "orange", "all_alt": "G", "mid": 364977.0, "gen_start": 54685354, "rsid": "rs183011269", "gen_end": 54685354, "cadd_score": 1.621626, "y": "0.05735", "x": "0.78176", "z": "0.53044", "id": "chr16:g.54685354A>G", "size": 10}, {"style": "filled", "gen_chrom": "chr16", "all_ref": "A", "name": "chr16:g.55090815A>G", "color": "orange", "all_alt": "G", "mid": 770438.0, "gen_start": 55090815, "rsid": "rs192592115", "gen_end": 55090815, "cadd_score": 1.851774, "y": "0.80223", "x": "0.40902", "z": "0.92285", "id": "chr16:g.55090815A>G", "size": 10}, {"style": "filled", "gen_chrom": "chr16", "all_ref": "T", "name": "chr16:g.55357371T>G", "color": "orange", "all_alt": "G", "mid": 1036994.0, "gen_start": 55357371, "rsid": "rs150488792", "gen_end": 55357371, "cadd_score": 0.016771, "y": "0.80695", "x": "0.88641", "z": "0.7118", "id": "chr16:g.55357371T>G", "size": 10}, {"style": "filled", "gen_chrom": "chr16", "all_ref": "T", "name": "chr16:g.55359097T>C", "color": "orange", "all_alt": "C", "mid": 1038720.0, "gen_start": 55359097, "rsid": "rs776030103", "gen_end": 55359097, "cadd_score": 0.367674, "y": "0.79864", "x": "0.94618", "z": "0.42006", "deep_score": "HNRNPH2:8.08, ", "id": "chr16:g.55359097T>C", "size": 10}, {"style": "filled", "gen_chrom": "chr16", "all_ref": "C", "name": "chr16:g.54228333C>T", "color": "orange", "all_alt": "T", "mid": -92044.0, "gen_start": 54228333, "rsid": "rs184177101", "gen_end": 54228333, "cadd_score": 0.264871, "y": "0.06994", "x": "0.25614", "z": "0.5899", "id": "chr16:g.54228333C>T", "size": 10}, {"style": "filled", "gen_chrom": "chr16", "all_ref": "C", "name": "chr16:g.55154308C>T", "color": "orange", "all_alt": "T", "mid": 833931.0, "gen_start": 55154308, "rsid": "rs144768743", "gen_end": 55154308, "cadd_score": 0.421253, "y": "0.7066", "x": "0.63425", "z": "0.02718", "id": "chr16:g.55154308C>T", "size": 10}, {"style": "filled", "gen_chrom": "chr16", "all_ref": "C", "name": "chr16:g.55090800C>T", "color": "orange", "all_alt": "T", "mid": 770423.0, "gen_start": 55090800, "rsid": "rs188361703", "gen_end": 55090800, "cadd_score": 1.526326, "y": "0.72304", "x": "0.58437", "z": "0.97223", "id": "chr16:g.55090800C>T", "size": 10}, {"style": "filled", "gen_chrom": "chr16", "all_ref": "A", "name": "chr16:g.54365224A>G", "color": "orange", "all_alt": "G", "mid": 44847.0, "gen_start": 54365224, "rsid": "rs113690858", "gen_end": 54365224, "cadd_score": 0.241582, "y": "0.43871", "x": "0.11907", "z": "0.82959", "id": "chr16:g.54365224A>G", "size": 10}, {"style": "filled", "gen_chrom": "chr16", "all_ref": "A", "name": "chr16:g.54355042A>G", "color": "orange", "all_alt": "G", "grasp_pmid": "19060906,19875103,20339536,20522523,22210626,22210626,", "mid": 34665.0, "gen_start": 54355042, "id": "chr16:g.54355042A>G", "rsid": "rs8046599", "gen_end": 54355042, "cadd_score": 0.34058, "grasp_pheno": "Lipid_level_measurements,Response_to_antipsychotics,Response_to_statin_treatment_(simvastatin,_,_pravastatin,_,_atorvastatin),_,_change_in_cholesterol_levels,_,_Epilepsy_(partial_epilepsy),Creutzfeldt-Jakob_disease_and_other_prion_disease_variants,Creutzfeldt-Jakob_disease_and_other_prion_disease_variants,", "y": "0.42327", "x": "0.72842", "z": "0.96902", "gtex_eqtl_pval": 0.24641, "size": 10}, {"style": "filled", "gen_chrom": "chr16", "all_ref": "T", "name": "chr16:g.54364977T>C", "color": "orange", "all_alt": "C", "mid": 44600.0, "gen_start": 54364977, "rsid": "rs12149837", "gen_end": 54364977, "cadd_score": -0.053525, "gtex_eqtl_pval": 0.129705, "y": "0.29622", "x": "0.16063", "z": "0.82266", "id": "chr16:g.54364977T>C", "size": 10}, {"style": "filled", "name": "chr16:54966332-54968061", "color": "green", "mid": 646819.5, "tfbs": "CTCF,CTCF_(SC-5916),SUZ12", "y": "0.59783", "x": "0.4158", "z": "0.29176", "id": "chr16:54966332-54968061", "size": 25}, {"style": "filled", "gen_chrom": "chr16", "all_ref": "T", "name": "chr16:g.54355077T>G", "color": "orange", "all_alt": "G", "mid": 34700.0, "gen_start": 54355077, "rsid": "rs8051065", "gen_end": 54355077, "cadd_score": 0.501698, "y": "0.49547", "x": "0.73893", "z": "0.9672", "id": "chr16:g.54355077T>G", "size": 10}], "links": [{"source": 0, "target": 117, "label": ""}, {"source": 1, "capacity": 1, "target": 77, "weight": 2, "label": 1}, {"source": 2, "target": 62, "label": ""}, {"source": 3, "target": 33, "label": ""}, {"source": 4, "target": 86, "label": ""}, {"source": 5, "target": 117, "label": ""}, {"source": 6, "target": 62, "label": ""}, {"source": 7, "target": 69, "label": ""}, {"source": 8, "target": 62, "label": ""}, {"source": 9, "target": 74, "label": ""}, {"source": 10, "target": 103, "label": ""}, {"source": 11, "capacity": 1, "target": 97, "weight": 2, "label": 1}, {"source": 11, "capacity": 1, "target": 38, "weight": 2, "label": 1}, {"source": 12, "capacity": 1, "target": 77, "weight": 3, "label": 1}, {"source": 12, "capacity": 1, "target": 100, "weight": 2, "label": 1}, {"source": 12, "capacity": 1, "target": 101, "weight": 2, "label": 1}, {"source": 13, "target": 71, "label": ""}, {"source": 14, "target": 33, "label": ""}, {"source": 15, "target": 108, "label": ""}, {"source": 16, "target": 33, "label": ""}, {"source": 17, "target": 108, "label": ""}, {"source": 18, "target": 87, "label": ""}, {"source": 19, "target": 62, "label": ""}, {"source": 20, "target": 108, "label": ""}, {"source": 21, "target": 74, "label": ""}, {"source": 22, "target": 108, "label": ""}, {"source": 23, "target": 103, "label": ""}, {"source": 24, "target": 108, "label": ""}, {"source": 25, "target": 71, "label": ""}, {"source": 26, "target": 108, "label": ""}, {"source": 27, "target": 62, "label": ""}, {"source": 28, "target": 50, "label": ""}, {"source": 29, "target": 50, "label": ""}, {"source": 30, "target": 108, "label": ""}, {"source": 31, "target": 87, "label": ""}, {"source": 32, "capacity": 1, "target": 77, "weight": 2, "label": 1}, {"source": 32, "target": 69, "label": ""}, {"source": 32, "capacity": 1, "target": 63, "weight": 2, "label": 1}, {"source": 32, "target": 71, "label": ""}, {"source": 33, "target": 41, "label": ""}, {"source": 33, "target": 53, "label": ""}, {"source": 33, "target": 98, "label": ""}, {"source": 33, "target": 42, "label": ""}, {"source": 33, "target": 72, "label": ""}, {"source": 33, "target": 124, "label": ""}, {"source": 33, "target": 95, "label": ""}, {"source": 33, "target": 58, "label": ""}, {"source": 33, "target": 129, "label": ""}, {"source": 33, "target": 104, "label": ""}, {"source": 33, "target": 45, "label": ""}, {"source": 33, "target": 46, "label": ""}, {"source": 34, "target": 74, "label": ""}, {"source": 35, "target": 108, "label": ""}, {"source": 36, "target": 117, "label": ""}, {"source": 37, "target": 86, "label": ""}, {"source": 38, "capacity": 1, "target": 98, "weight": 2, "label": 1}, {"source": 38, "capacity": 1, "target": 122, "weight": 5, "label": 1}, {"source": 38, "capacity": 1, "target": 77, "weight": 6, "label": 1}, {"source": 38, "capacity": 1, "target": 114, "weight": 2, "label": 1}, {"source": 38, "capacity": 1, "target": 116, "weight": 2, "label": 1}, {"source": 39, "target": 62, "label": ""}, {"source": 40, "target": 105, "label": ""}, {"source": 43, "target": 71, "label": ""}, {"source": 44, "capacity": 1, "target": 85, "weight": 7, "label": 1}, {"source": 44, "capacity": 1, "target": 48, "weight": 2, "label": 1}, {"source": 44, "capacity": 1, "target": 70, "weight": 3, "label": 1}, {"source": 44, "capacity": 1, "target": 97, "weight": 9, "label": 1}, {"source": 44, "capacity": 1, "target": 98, "weight": 2, "label": 1}, {"source": 44, "capacity": 1, "target": 96, "weight": 3, "label": 1}, {"source": 44, "capacity": 1, "target": 73, "weight": 2, "label": 1}, {"source": 47, "capacity": 1, "target": 77, "weight": 2, "label": 1}, {"source": 48, "capacity": 1, "target": 97, "weight": 2, "label": 1}, {"source": 48, "target": 105, "label": ""}, {"source": 49, "target": 71, "label": ""}, {"source": 50, "target": 77, "label": ""}, {"source": 50, "target": 76, "label": ""}, {"source": 51, "target": 71, "label": ""}, {"source": 52, "target": 74, "label": ""}, {"source": 54, "capacity": 1, "target": 97, "weight": 2, "label": 1}, {"source": 55, "target": 108, "label": ""}, {"source": 56, "target": 71, "label": ""}, {"source": 57, "target": 105, "label": ""}, {"source": 59, "target": 71, "label": ""}, {"source": 60, "target": 74, "label": ""}, {"source": 61, "target": 74, "label": ""}, {"source": 62, "target": 79, "label": ""}, {"source": 62, "target": 93, "label": ""}, {"source": 62, "target": 120, "label": ""}, {"source": 62, "target": 78, "label": ""}, {"source": 62, "target": 82, "label": ""}, {"source": 62, "target": 89, "label": ""}, {"source": 62, "target": 114, "label": ""}, {"source": 62, "target": 127, "label": ""}, {"source": 63, "capacity": 1, "target": 77, "weight": 12, "label": 1}, {"source": 63, "capacity": 1, "target": 114, "weight": 2, "label": 1}, {"source": 63, "capacity": 1, "target": 97, "weight": 6, "label": 1}, {"source": 63, "capacity": 1, "target": 100, "weight": 2, "label": 1}, {"source": 97, "capacity": 1, "target": 70, "weight": 2, "label": 1}, {"source": 97, "capacity": 1, "target": 96, "weight": 2, "label": 1}, {"source": 97, "capacity": 1, "target": 73, "weight": 3, "label": 1}, {"source": 97, "capacity": 1, "target": 100, "weight": 11, "label": 1}, {"source": 97, "capacity": 1, "target": 133, "weight": 7, "label": 1}, {"source": 97, "capacity": 1, "target": 67, "weight": 2, "label": 1}, {"source": 97, "capacity": 1, "target": 77, "weight": 12, "label": 1}, {"source": 97, "capacity": 1, "target": 116, "weight": 3, "label": 1}, {"source": 65, "target": 74, "label": ""}, {"source": 66, "target": 108, "label": ""}, {"source": 67, "target": 86, "label": ""}, {"source": 67, "capacity": 1, "target": 100, "weight": 2, "label": 1}, {"source": 68, "target": 87, "label": ""}, {"source": 69, "target": 131, "label": ""}, {"source": 69, "target": 134, "label": ""}, {"source": 70, "capacity": 1, "target": 77, "weight": 2, "label": 1}, {"source": 70, "capacity": 1, "target": 73, "weight": 3, "label": 1}, {"source": 70, "capacity": 1, "target": 100, "weight": 2, "label": 1}, {"source": 71, "target": 130, "label": ""}, {"source": 71, "target": 88, "label": ""}, {"source": 71, "target": 102, "label": ""}, {"source": 71, "target": 132, "label": ""}, {"source": 74, "target": 91, "label": ""}, {"source": 74, "target": 111, "label": ""}, {"source": 74, "target": 96, "label": ""}, {"source": 74, "target": 121, "label": ""}, {"source": 74, "target": 107, "label": ""}, {"source": 74, "target": 125, "label": ""}, {"source": 74, "target": 126, "label": ""}, {"source": 74, "target": 115, "label": ""}, {"source": 75, "target": 86, "label": ""}, {"source": 77, "capacity": 1, "target": 96, "weight": 2, "label": 1}, {"source": 77, "capacity": 1, "target": 64, "weight": 3, "label": 1}, {"source": 77, "capacity": 1, "target": 122, "weight": 4, "label": 1}, {"source": 77, "capacity": 1, "target": 133, "weight": 3, "label": 1}, {"source": 77, "capacity": 1, "target": 100, "weight": 17, "label": 1}, {"source": 77, "capacity": 1, "target": 92, "weight": 2, "label": 1}, {"source": 77, "capacity": 1, "target": 114, "weight": 9, "label": 1}, {"source": 77, "capacity": 1, "target": 116, "weight": 2, "label": 1}, {"source": 80, "target": 108, "label": ""}, {"source": 81, "target": 108, "label": ""}, {"source": 83, "target": 86, "label": ""}, {"source": 84, "target": 108, "label": ""}, {"source": 86, "target": 123, "label": ""}, {"source": 86, "target": 118, "label": ""}, {"source": 86, "target": 110, "label": ""}, {"source": 87, "target": 94, "label": ""}, {"source": 87, "target": 100, "label": ""}, {"source": 87, "target": 109, "label": ""}, {"source": 87, "target": 112, "label": ""}, {"source": 90, "target": 105, "label": ""}, {"source": 96, "capacity": 1, "target": 98, "weight": 2, "label": 1}, {"source": 64, "capacity": 1, "target": 100, "weight": 2, "label": 1}, {"source": 99, "target": 105, "label": ""}, {"source": 100, "target": 108, "label": ""}, {"source": 100, "capacity": 1, "target": 116, "weight": 4, "label": 1}, {"source": 103, "target": 122, "label": ""}, {"source": 103, "target": 119, "label": ""}, {"source": 105, "target": 128, "label": ""}, {"source": 105, "target": 106, "label": ""}, {"source": 108, "target": 113, "label": ""}, {"source": 117, "target": 122, "label": ""}], "multigraph": false}