{"directed": false, "graph": {"style": "filled", "data_type": "ChiA-PET", "tissue_type": "Adipose_Visceral_Omentum", "genome_version": "GRCh37.p13", "species": "Homo_Sapiens", "target_gene": "SOX17"}, "nodes": [{"style": "filled", "name": "chr8:55371376-55372580", "color": "grey", "mid": 1485.0, "dist2anchor": 0, "y": "0.7348", "x": "0.21242", "z": "0.25374", "id": "chr8:55371376-55372580", "size": 20}, {"style": "filled", "gen_chrom": "chr8", "all_ref": "A", "name": "chr8:g.55295061A>C", "color": "orange", "all_alt": "C", "mid": -75432.0, "gen_start": 55295061, "rsid": "rs190305727", "gen_end": 55295061, "cadd_score": 0.623803, "y": "0.49434", "x": "1.0", "z": "0.29757", "id": "chr8:g.55295061A>C", "size": 10}, {"style": "filled", "gen_chrom": "chr8", "all_ref": "A", "name": "chr8:g.55370860A>T", "color": "orange", "all_alt": "T", "mid": 367.0, "gen_start": 55370860, "gen_end": 55370860, "cadd_score": -0.112801, "y": "0.2156", "x": "0.12922", "z": "0.67252", "id": "chr8:g.55370860A>T", "size": 10}, {"style": "filled", "name": "chr8:55370459-55371072", "color": "grey", "mid": 272.5, "dist2anchor": 0, "y": "0.19806", "x": "0.40784", "z": "0.68774", "id": "chr8:55370459-55371072", "size": 20}, {"style": "filled", "name": "chr8:55355195-55356759", "color": "green", "mid": -14516.0, "tfbs": "CTCF", "y": "0.86935", "x": "0.44227", "z": "0.73768", "id": "chr8:55355195-55356759", "size": 25}, {"style": "filled", "gen_chrom": "chr8", "all_ref": "A", "name": "chr8:g.55372272A>T", "color": "orange", "all_alt": "T", "mid": 1779.0, "gen_start": 55372272, "gen_end": 55372272, "cadd_score": -1.351777, "y": "0.87734", "x": "0.25247", "z": "0.15938", "id": "chr8:g.55372272A>T", "size": 10}, {"style": "filled", "gen_chrom": "chr8", "all_ref": "T", "name": "chr8:g.55294867T>A", "color": "orange", "all_alt": "A", "grasp_pmid": "20339536,20339536,20339536,", "mid": -75626.0, "gen_start": 55294867, "id": "chr8:g.55294867T>A", "rsid": "rs6986393", "gen_end": 55294867, "cadd_score": 1.547363, "grasp_pheno": "Response_to_statin_treatment_(simvastatin,_,_pravastatin,_,_atorvastatin),_,_change_in_cholesterol_levels,_,_Response_to_statin_treatment_(simvastatin,_,_pravastatin,_,_atorvastatin),_,_change_in_cholesterol_levels,_,_Response_to_statin_treatment_(simvastatin,_,_pravastatin,_,_atorvastatin),_,_change_in_cholesterol_levels,_,_", "y": "0.37955", "x": "0.9267", "z": "0.19393", "gtex_eqtl_pval": 0.919249, "size": 10}, {"style": "filled", "gen_chrom": "chr8", "all_ref": "G", "name": "chr8:g.55372264G>T", "color": "orange", "all_alt": "T", "mid": 1771.0, "gen_start": 55372264, "gen_end": 55372264, "cadd_score": -1.475913, "y": "0.48668", "x": "0.07834", "z": "0.17699", "id": "chr8:g.55372264G>T", "size": 10}, {"style": "filled", "gen_chrom": "chr8", "all_ref": "G", "name": "chr8:g.55379500G>C", "color": "orange", "all_alt": "C", "mid": 9007.0, "gen_start": 55379500, "rsid": "rs74596103", "gen_end": 55379500, "cadd_score": 0.466099, "y": "0.53321", "x": "0.8006", "z": "0.91893", "id": "chr8:g.55379500G>C", "size": 10}, {"style": "filled", "gen_chrom": "chr8", "all_ref": "C", "name": "chr8:g.55379266C>T", "color": "orange", "all_alt": "T", "mid": 8773.0, "gen_start": 55379266, "rsid": "rs114562551", "gen_end": 55379266, "cadd_score": 0.732942, "y": "0.84464", "x": "0.82299", "z": "0.76599", "id": "chr8:g.55379266C>T", "size": 10}, {"style": "filled", "gen_chrom": "chr8", "all_ref": "A", "name": "chr8:g.55370860A>C", "color": "orange", "all_alt": "C", "mid": 367.0, "gen_start": 55370860, "gen_end": 55370860, "cadd_score": -0.06719, "y": "0.1173", "x": "0.68809", "z": "0.73017", "id": "chr8:g.55370860A>C", "size": 10}, {"style": "filled", "gen_chrom": "chr8", "all_ref": "G", "name": "chr8:g.55295122G>A", "color": "orange", "all_alt": "A", "mid": -75371.0, "gen_start": 55295122, "rsid": "rs75428219", "gen_end": 55295122, "cadd_score": 0.567061, "y": "0.74272", "x": "0.87279", "z": "0.16606", "deep_score": "RBMS3:-3.8, BRUNOL4:3.74, ", "id": "chr8:g.55295122G>A", "size": 10}, {"style": "filled", "gen_chrom": "chr8", "all_ref": "C", "name": "chr8:g.55379225C>A", "color": "orange", "all_alt": "A", "mid": 8732.0, "gen_start": 55379225, "rsid": "rs190144845", "gen_end": 55379225, "cadd_score": 0.974944, "y": "0.60375", "x": "0.89773", "z": "0.83666", "id": "chr8:g.55379225C>A", "size": 10}, {"style": "filled", "gen_chrom": "chr8", "all_ref": "A", "name": "chr8:g.55372157A>C", "color": "orange", "all_alt": "C", "mid": 1664.0, "gen_start": 55372157, "gen_end": 55372157, "cadd_score": -1.73501, "y": "0.56123", "x": "0.0", "z": "0.30192", "id": "chr8:g.55372157A>C", "size": 10}, {"style": "filled", "gen_chrom": "chr8", "all_ref": "A", "name": "chr8:g.55370971A>T", "color": "orange", "all_alt": "T", "mid": 478.0, "gen_start": 55370971, "rsid": "rs10104846", "gen_end": 55370971, "cadd_score": -0.259855, "y": "0.26501", "x": "0.49061", "z": "0.93518", "id": "chr8:g.55370971A>T", "size": 10}, {"style": "filled", "gen_chrom": "chr8", "all_ref": "A", "name": "chr8:g.55372272A>C", "color": "orange", "all_alt": "C", "mid": 1779.0, "gen_start": 55372272, "gen_end": 55372272, "cadd_score": -1.383196, "y": "0.87807", "x": "0.39162", "z": "0.09914", "id": "chr8:g.55372272A>C", "size": 10}, {"style": "filled", "name": "chr8:55294381-55295138", "color": "grey", "mid": -75733.5, "dist2anchor": 48675, "y": "0.56567", "x": "0.92174", "z": "0.16424", "id": "chr8:55294381-55295138", "size": 20}, {"style": "filled", "gene": true, "name": "SOX17: chr8:55370148-55372974", "color": "blue", "mid": 1, "fpkm": 42.72443, "tfbs": "AP-2gamma,CEBPB,CTCF,CTCF_(SC-5916),CtBP2,GABP,Pol2,Pol2(b),Rad21,SUZ12", "y": "0.6781", "x": "0.52449", "z": "0.58735", "id": "chr8:55370148-55372974", "size": 50}, {"style": "filled", "gen_chrom": "chr8", "all_ref": "A", "name": "chr8:g.55370672A>G", "color": "orange", "all_alt": "G", "mid": 179.0, "gen_start": 55370672, "rsid": "rs768487711", "gen_end": 55370672, "cadd_score": 0.321489, "y": "0.02719", "x": "0.46827", "z": "0.66092", "deep_score": "HNRNPH2:-3.65, ", "id": "chr8:g.55370672A>G", "size": 10}, {"style": "filled", "name": "chr8:55343812-55345039", "color": "grey", "mid": -26067.5, "tfbs": "CTCF,CTCF_(C-20),CTCF_(SC-5916),FOXA1_(C-20),Rad21,SMC3_(ab9263)", "y": "0.69683", "x": "0.81218", "z": "0.40708", "id": "chr8:55343812-55345039", "size": 20}, {"style": "filled", "gen_chrom": "chr8", "all_ref": "C", "name": "chr8:g.55370861C>G", "color": "orange", "all_alt": "G", "mid": 368.0, "gen_start": 55370861, "gen_end": 55370861, "cadd_score": 0.166552, "y": "0.06645", "x": "0.2434", "z": "0.49781", "id": "chr8:g.55370861C>G", "size": 10}, {"style": "filled", "gen_chrom": "chr8", "all_ref": "T", "name": "chr8:g.55378890T>C", "color": "orange", "all_alt": "C", "mid": 8397.0, "gen_start": 55378890, "rsid": "rs186977941", "gen_end": 55378890, "cadd_score": -0.000944, "y": "0.70723", "x": "0.62128", "z": "0.95981", "id": "chr8:g.55378890T>C", "size": 10}, {"style": "filled", "gen_chrom": "chr8", "all_ref": "A", "name": "chr8:g.55370971A>C", "color": "orange", "all_alt": "C", "mid": 478.0, "gen_start": 55370971, "gen_end": 55370971, "cadd_score": -0.259763, "y": "0.02068", "x": "0.38879", "z": "0.43222", "id": "chr8:g.55370971A>C", "size": 10}, {"style": "filled", "gen_chrom": "chr8", "all_ref": "G", "name": "chr8:g.55370870G>A", "color": "orange", "all_alt": "A", "mid": 377.0, "gen_start": 55370870, "gen_end": 55370870, "cadd_score": -0.349792, "y": "0.02788", "x": "0.63166", "z": "0.57849", "id": "chr8:g.55370870G>A", "size": 10}, {"style": "filled", "name": "chr8:55167638-55168597", "color": "green", "mid": -202375.5, "tfbs": "CTCF,CTCF_(SC-5916),Rad21", "y": "0.69663", "x": "0.94296", "z": "0.4091", "id": "chr8:55167638-55168597", "size": 25}, {"style": "filled", "gen_chrom": "chr8", "all_ref": "C", "name": "chr8:g.55372151C>T", "color": "orange", "all_alt": "T", "mid": 1658.0, "gen_start": 55372151, "gen_end": 55372151, "cadd_score": -1.48737, "y": "0.68235", "x": "0.18523", "z": "0.07764", "deep_score": "GBX1:4.97, ", "id": "chr8:g.55372151C>T", "size": 10}, {"style": "filled", "gen_chrom": "chr8", "all_ref": "A", "name": "chr8:g.55372266A>C", "color": "orange", "all_alt": "C", "mid": 1773.0, "gen_start": 55372266, "gen_end": 55372266, "cadd_score": -1.843607, "y": "0.86001", "x": "0.1166", "z": "0.30553", "id": "chr8:g.55372266A>C", "size": 10}, {"style": "filled", "gen_chrom": "chr8", "all_ref": "G", "name": "chr8:g.55372221G>C", "color": "orange", "all_alt": "C", "mid": 1728.0, "gen_start": 55372221, "gen_end": 55372221, "cadd_score": -1.579372, "y": "0.6906", "x": "0.02959", "z": "0.2823", "deep_score": "RBM4:-5.03, ", "id": "chr8:g.55372221G>C", "size": 10}, {"style": "filled", "gen_chrom": "chr8", "all_ref": "G", "name": "chr8:g.55372109G>T", "color": "orange", "all_alt": "T", "mid": 1616.0, "gen_start": 55372109, "gen_end": 55372109, "cadd_score": -1.522391, "y": "0.73305", "x": "0.34958", "z": "0.01695", "id": "chr8:g.55372109G>T", "size": 10}, {"style": "filled", "gen_chrom": "chr8", "all_ref": "A", "name": "chr8:g.55370748A>G", "color": "orange", "all_alt": "G", "mid": 255.0, "gen_start": 55370748, "rsid": "rs756443236", "gen_end": 55370748, "cadd_score": 0.229643, "y": "0.09384", "x": "0.2308", "z": "0.63476", "id": "chr8:g.55370748A>G", "size": 10}, {"style": "filled", "gen_chrom": "chr8", "all_ref": "A", "name": "chr8:g.55370971A>G", "color": "orange", "all_alt": "G", "mid": 478.0, "gen_start": 55370971, "gen_end": 55370971, "cadd_score": 0.361435, "y": "0.0", "x": "0.4825", "z": "0.51808", "id": "chr8:g.55370971A>G", "size": 10}, {"style": "filled", "gen_chrom": "chr8", "all_ref": "G", "name": "chr8:g.55370858G>T", "color": "orange", "all_alt": "T", "mid": 365.0, "gen_start": 55370858, "gen_end": 55370858, "cadd_score": -0.178538, "y": "0.3276", "x": "0.18463", "z": "0.82909", "id": "chr8:g.55370858G>T", "size": 10}, {"style": "filled", "gen_chrom": "chr8", "all_ref": "C", "name": "chr8:g.55371947C>G", "color": "orange", "all_alt": "G", "mid": 1454.0, "gen_start": 55371947, "gen_end": 55371947, "cadd_score": -1.556615, "y": "0.98045", "x": "0.33325", "z": "0.25933", "id": "chr8:g.55371947C>G", "size": 10}, {"style": "filled", "gen_chrom": "chr8", "all_ref": "G", "name": "chr8:g.55371019G>C", "color": "orange", "all_alt": "C", "mid": 526.0, "gen_start": 55371019, "rsid": "rs754654663", "gen_end": 55371019, "cadd_score": 0.161097, "y": "0.32982", "x": "0.32591", "z": "0.92445", "id": "chr8:g.55371019G>C", "size": 10}, {"style": "filled", "gen_chrom": "chr8", "all_ref": "A", "name": "chr8:g.55371836A>G", "color": "orange", "all_alt": "G", "mid": 1343.0, "gen_start": 55371836, "gen_end": 55371836, "cadd_score": -1.443998, "y": "0.96925", "x": "0.22288", "z": "0.39391", "id": "chr8:g.55371836A>G", "size": 10}, {"style": "filled", "gen_chrom": "chr8", "all_ref": "C", "name": "chr8:g.55372274C>G", "color": "orange", "all_alt": "G", "mid": 1781.0, "gen_start": 55372274, "gen_end": 55372274, "cadd_score": -1.708347, "y": "0.53067", "x": "0.15361", "z": "0.07686", "id": "chr8:g.55372274C>G", "size": 10}, {"style": "filled", "gen_chrom": "chr8", "all_ref": "C", "name": "chr8:g.55294754C>T", "color": "orange", "all_alt": "T", "mid": -75739.0, "gen_start": 55294754, "rsid": "rs184678165", "gen_end": 55294754, "cadd_score": 2.665571, "y": "0.41215", "x": "0.82089", "z": "0.06963", "deep_score": "RBM45:3.48, ", "id": "chr8:g.55294754C>T", "size": 10}, {"style": "filled", "name": "chr8:55366169-55367826", "color": "green", "mid": -3495.5, "tfbs": "CTCF,CtBP2,GATA-2,Pol2,SUZ12", "y": "0.80081", "x": "0.5737", "z": "0.59398", "id": "chr8:55366169-55367826", "size": 25}, {"style": "filled", "gen_chrom": "chr8", "all_ref": "C", "name": "chr8:g.55372268C>A", "color": "orange", "all_alt": "A", "mid": 1775.0, "gen_start": 55372268, "gen_end": 55372268, "cadd_score": -1.554146, "y": "0.87003", "x": "0.09284", "z": "0.46643", "id": "chr8:g.55372268C>A", "size": 10}, {"style": "filled", "gen_chrom": "chr8", "all_ref": "C", "name": "chr8:g.55372268C>G", "color": "orange", "all_alt": "G", "mid": 1775.0, "gen_start": 55372268, "gen_end": 55372268, "cadd_score": -1.835214, "y": "0.57573", "x": "0.28309", "z": "0.0", "id": "chr8:g.55372268C>G", "size": 10}, {"style": "filled", "name": "chr8:55081445-55083297", "color": "grey", "mid": -288122.0, "tfbs": "CEBPB,CTCF,CTCF_(C-20),CTCF_(SC-5916),PU.1,Rad21,SMC3_(ab9263),TFIIIC-110,Znf143_(16618-1-AP)", "y": "0.70301", "x": "0.63975", "z": "0.52117", "id": "chr8:55081445-55083297", "size": 20}, {"style": "filled", "gen_chrom": "chr8", "all_ref": "A", "name": "chr8:g.55379432A>T", "color": "orange", "all_alt": "T", "mid": 8939.0, "gen_start": 55379432, "rsid": "rs140832817", "gen_end": 55379432, "cadd_score": 0.289896, "y": "0.66285", "x": "0.95282", "z": "0.72487", "id": "chr8:g.55379432A>T", "size": 10}, {"style": "filled", "name": "chr8:55378876-55379587", "color": "grey", "mid": 8738.5, "dist2anchor": 5903, "y": "0.71606", "x": "0.76472", "z": "0.83434", "id": "chr8:55378876-55379587", "size": 20}, {"style": "filled", "gen_chrom": "chr8", "all_ref": "C", "name": "chr8:g.55370843C>G", "color": "orange", "all_alt": "G", "mid": 350.0, "gen_start": 55370843, "gen_end": 55370843, "cadd_score": -0.290558, "y": "0.19394", "x": "0.2421", "z": "0.80136", "id": "chr8:g.55370843C>G", "size": 10}, {"style": "filled", "gen_chrom": "chr8", "all_ref": "A", "name": "chr8:g.55370850A>G", "color": "orange", "all_alt": "G", "mid": 357.0, "gen_start": 55370850, "gen_end": 55370850, "cadd_score": -0.041001, "y": "0.1108", "x": "0.57773", "z": "0.8035", "id": "chr8:g.55370850A>G", "size": 10}, {"style": "filled", "gen_chrom": "chr8", "all_ref": "T", "name": "chr8:g.55295075T>G", "color": "orange", "all_alt": "G", "mid": -75418.0, "gen_start": 55295075, "rsid": "rs147665579", "gen_end": 55295075, "cadd_score": 1.225957, "y": "0.58785", "x": "0.78996", "z": "0.04013", "deep_score": "FOS:3.74, JUNB:3.32, USF1:3.17, ", "id": "chr8:g.55295075T>G", "size": 10}, {"style": "filled", "gen_chrom": "chr8", "all_ref": "G", "name": "chr8:g.55370870G>C", "color": "orange", "all_alt": "C", "mid": 377.0, "gen_start": 55370870, "gen_end": 55370870, "cadd_score": -0.487391, "y": "0.15886", "x": "0.42664", "z": "0.85798", "id": "chr8:g.55370870G>C", "size": 10}, {"style": "filled", "gen_chrom": "chr8", "all_ref": "A", "name": "chr8:g.55372138A>C", "color": "orange", "all_alt": "C", "mid": 1645.0, "gen_start": 55372138, "gen_end": 55372138, "cadd_score": -1.537665, "y": "0.72307", "x": "0.0104", "z": "0.4481", "id": "chr8:g.55372138A>C", "size": 10}, {"style": "filled", "gen_chrom": "chr8", "all_ref": "C", "name": "chr8:g.55379176C>G", "color": "orange", "all_alt": "G", "mid": 8683.0, "gen_start": 55379176, "rsid": "rs77944391", "gen_end": 55379176, "cadd_score": 0.742654, "gtex_eqtl_pval": 0.091855, "y": "0.87366", "x": "0.66286", "z": "0.84923", "id": "chr8:g.55379176C>G", "size": 10}], "links": [{"source": 0, "target": 38, "label": ""}, {"source": 0, "target": 27, "label": ""}, {"source": 0, "target": 26, "label": ""}, {"source": 0, "target": 13, "label": ""}, {"source": 0, "target": 39, "label": ""}, {"source": 0, "target": 5, "label": ""}, {"source": 0, "target": 28, "label": ""}, {"source": 0, "target": 7, "label": ""}, {"source": 0, "target": 25, "label": ""}, {"source": 0, "target": 32, "label": ""}, {"source": 0, "target": 34, "label": ""}, {"source": 0, "target": 35, "label": ""}, {"source": 0, "target": 17, "label": ""}, {"source": 0, "target": 47, "label": ""}, {"source": 0, "target": 15, "label": ""}, {"source": 1, "target": 16, "label": ""}, {"source": 2, "target": 3, "label": ""}, {"source": 3, "target": 43, "label": ""}, {"source": 3, "target": 22, "label": ""}, {"source": 3, "target": 29, "label": ""}, {"source": 3, "target": 18, "label": ""}, {"source": 3, "target": 30, "label": ""}, {"source": 3, "target": 20, "label": ""}, {"source": 3, "target": 31, "label": ""}, {"source": 3, "target": 33, "label": ""}, {"source": 3, "target": 10, "label": ""}, {"source": 3, "target": 44, "label": ""}, {"source": 3, "target": 17, "label": ""}, {"source": 3, "target": 23, "label": ""}, {"source": 3, "target": 14, "label": ""}, {"source": 3, "target": 46, "label": ""}, {"source": 4, "capacity": 1, "target": 17, "weight": 2, "label": 1}, {"source": 6, "target": 16, "label": ""}, {"source": 8, "target": 42, "label": ""}, {"source": 9, "target": 42, "label": ""}, {"source": 11, "target": 16, "label": ""}, {"source": 12, "target": 42, "label": ""}, {"source": 16, "target": 19, "label": ""}, {"source": 16, "target": 36, "label": ""}, {"source": 16, "target": 45, "label": ""}, {"source": 17, "capacity": 1, "target": 40, "weight": 10, "label": 1}, {"source": 17, "target": 42, "label": ""}, {"source": 17, "capacity": 1, "target": 37, "weight": 4, "label": 1}, {"source": 19, "capacity": 1, "target": 24, "weight": 3, "label": 1}, {"source": 19, "capacity": 1, "target": 40, "weight": 4, "label": 1}, {"source": 21, "target": 42, "label": ""}, {"source": 37, "capacity": 1, "target": 40, "weight": 2, "label": 1}, {"source": 41, "target": 42, "label": ""}, {"source": 42, "target": 48, "label": ""}], "multigraph": false}