{"directed": false, "graph": {"style": "filled", "data_type": "ChiA-PET", "tissue_type": "Adipose_Visceral_Omentum", "genome_version": "GRCh37.p13", "species": "Homo_Sapiens", "target_gene": "SMAD3"}, "nodes": [{"style": "filled", "gen_chrom": "chr15", "all_ref": "G", "name": "chr15:g.67439509G>A", "color": "orange", "all_alt": "A", "mid": 67511673.0, "gen_start": 67439509, "rsid": "rs57462811", "gen_end": 67439509, "cadd_score": 0.780926, "y": "0.50937", "x": "0.2102", "z": "0.06254", "deep_score": "SRSF10:-7.24, SRSF10:-6.53, HNRNPH2:5.17, ", "id": "chr15:g.67439509G>A", "size": 10}, {"style": "filled", "gen_chrom": "chr15", "all_ref": "C", "name": "chr15:g.67316289C>T", "color": "orange", "all_alt": "T", "mid": 67388453.0, "gen_start": 67316289, "rsid": "rs184141726", "gen_end": 67316289, "cadd_score": 1.330744, "y": "0.30447", "x": "0.43381", "z": "0.9486", "deep_score": "TFAP2C:12.27, TFAP2B:6.45, TFAP2A:3.86, PKNOX1:3.37, ", "id": "chr15:g.67316289C>T", "size": 10}, {"style": "filled", "gen_chrom": "chr15", "all_ref": "C", "name": "chr15:g.67439378C>T", "color": "orange", "all_alt": "T", "mid": 67511542.0, "gen_start": 67439378, "rsid": "rs28375832", "gen_end": 67439378, "cadd_score": 0.531064, "y": "0.65504", "x": "0.3466", "z": "0.01374", "id": "chr15:g.67439378C>T", "size": 10}, {"style": "filled", "gen_chrom": "chr15", "all_ref": "G", "name": "chr15:g.67336732G>A", "color": "orange", "all_alt": "A", "mid": 67408896.0, "gen_start": 67336732, "rsid": "rs116914818", "gen_end": 67336732, "cadd_score": 1.840584, "y": "0.14606", "x": "0.0818", "z": "0.47025", "id": "chr15:g.67336732G>A", "size": 10}, {"style": "filled", "gen_chrom": "chr15", "all_ref": "C", "name": "chr15:g.67336557C>T", "color": "orange", "all_alt": "T", "mid": 67408721.0, "gen_start": 67336557, "rsid": "rs266350", "gen_end": 67336557, "cadd_score": 0.608298, "y": "0.07946", "x": "0.34847", "z": "0.21811", "deep_score": "ERG:3.63, ", "id": "chr15:g.67336557C>T", "size": 10}, {"style": "filled", "gen_chrom": "chr15", "all_ref": "C", "name": "chr15:g.67439383C>G", "color": "orange", "all_alt": "G", "mid": 67511547.0, "gen_start": 67439383, "rsid": "rs78458000", "gen_end": 67439383, "cadd_score": 0.03589, "y": "0.64264", "x": "0.56739", "z": "0.0162", "id": "chr15:g.67439383C>G", "size": 10}, {"style": "filled", "gen_chrom": "chr15", "all_ref": "T", "name": "chr15:g.67316307T>G", "color": "orange", "all_alt": "G", "grasp_pmid": "20686565,20686565,", "mid": 67388471.0, "gen_start": 67316307, "id": "chr15:g.67316307T>G", "rsid": "rs8039785", "gen_end": 67316307, "cadd_score": 1.073096, "grasp_pheno": "Lipid_level_measurements,Lipid_level_measurements,", "y": "0.6163", "x": "0.55752", "z": "0.95944", "gtex_eqtl_pval": 0.021176, "size": 10}, {"style": "filled", "gen_chrom": "chr15", "all_ref": "C", "name": "chr15:g.67439608C>T", "color": "orange", "all_alt": "T", "mid": 67511772.0, "gen_start": 67439608, "rsid": "rs139625997", "gen_end": 67439608, "cadd_score": 0.291152, "y": "0.42703", "x": "0.54367", "z": "0.0", "deep_score": "TFAP4:4.12, ", "id": "chr15:g.67439608C>T", "size": 10}, {"style": "filled", "gen_chrom": "chr15", "all_ref": "C", "name": "chr15:g.67336625C>T", "color": "orange", "all_alt": "T", "mid": 67408789.0, "gen_start": 67336625, "rsid": "rs148074146", "gen_end": 67336625, "cadd_score": 0.300661, "y": "0.17755", "x": "0.08334", "z": "0.61916", "id": "chr15:g.67336625C>T", "size": 10}, {"style": "filled", "name": "chr15:67357792-67358311", "color": "grey", "mid": 67430215.5, "dist2anchor": 0, "y": "0.54371", "x": "0.39281", "z": "0.7671", "id": "chr15:67357792-67358311", "size": 20}, {"style": "filled", "gen_chrom": "chr15", "all_ref": "C", "name": "chr15:g.67322541C>T", "color": "orange", "all_alt": "T", "mid": 67394705.0, "gen_start": 67322541, "rsid": "rs191798772", "gen_end": 67322541, "cadd_score": 0.353515, "y": "0.96611", "x": "0.43628", "z": "0.29596", "id": "chr15:g.67322541C>T", "size": 10}, {"style": "filled", "gen_chrom": "chr15", "all_ref": "C", "name": "chr15:g.67397749C>T", "color": "orange", "all_alt": "T", "mid": 67469913.0, "gen_start": 67397749, "rsid": "rs76476852", "gen_end": 67397749, "cadd_score": 0.4302, "y": "0.34069", "x": "0.81074", "z": "0.81074", "id": "chr15:g.67397749C>T", "size": 10}, {"style": "filled", "gen_chrom": "chr15", "all_ref": "C", "name": "chr15:g.67397795C>T", "color": "orange", "all_alt": "T", "mid": 67469959.0, "gen_start": 67397795, "rsid": "rs118037087", "gen_end": 67397795, "cadd_score": 0.592273, "y": "0.41751", "x": "0.95371", "z": "0.49887", "id": "chr15:g.67397795C>T", "size": 10}, {"style": "filled", "gen_chrom": "chr15", "all_ref": "G", "name": "chr15:g.67322242G>A", "color": "orange", "all_alt": "A", "mid": 67394406.0, "gen_start": 67322242, "rsid": "rs180821592", "gen_end": 67322242, "cadd_score": 0.66066, "y": "0.95859", "x": "0.63493", "z": "0.57506", "deep_score": "CNOT4:11.32, ", "id": "chr15:g.67322242G>A", "size": 10}, {"style": "filled", "gen_chrom": "chr15", "all_ref": "C", "name": "chr15:g.67322485C>A", "color": "orange", "all_alt": "A", "mid": 67394649.0, "gen_start": 67322485, "rsid": "rs187664194", "gen_end": 67322485, "cadd_score": 0.358894, "y": "0.93849", "x": "0.31221", "z": "0.68046", "id": "chr15:g.67322485C>A", "size": 10}, {"style": "filled", "name": "chr15:67438731-67439952", "color": "red", "mid": 81148.5, "tfbs": "BHLHE40,FOSL2,FOXA1_(C-20),FOXA1_(SC-101058),FOXA2_(SC-6554),GR,HDAC2_(SC-6296),HNF4A,HNF4A_(H-171),HNF4G_(SC-6558),JunD,Max,Pol2,Pol2(b),RXRA,SP1,STAT3,Sin3Ak-20,TCF4,USF-1,USF1_(SC-8983),USF2,c-Fos,c-Jun,p300", "y": "0.45287", "x": "0.66342", "z": "0.2751", "id": "chr15:67438731-67439952", "size": 25}, {"style": "filled", "gen_chrom": "chr15", "all_ref": "A", "name": "chr15:g.67397880A>G", "color": "orange", "all_alt": "G", "mid": 67470044.0, "gen_start": 67397880, "rsid": "rs141862099", "gen_end": 67397880, "cadd_score": 0.880334, "y": "0.60872", "x": "0.91389", "z": "0.65285", "id": "chr15:g.67397880A>G", "size": 10}, {"style": "filled", "gene": true, "name": "MIR_1302: chr15:67240390-67241563", "color": "blue", "mid": -78145, "fpkm": 0.0, "tfbs": "CTCF,EBF1_(C-8),MafF_(M8194),MafK_(SC-477),MafK_(ab50322)", "y": "0.45071", "x": "0.89625", "z": "0.36048", "id": "chr15:67240390-67241563", "size": 25}, {"style": "filled", "name": "chr15:67439289-67439714", "color": "grey", "mid": 67511665.5, "dist2anchor": 0, "y": "0.54745", "x": "0.43273", "z": "0.02955", "id": "chr15:67439289-67439714", "size": 20}, {"style": "filled", "gen_chrom": "chr15", "all_ref": "T", "name": "chr15:g.67316305T>C", "color": "orange", "all_alt": "C", "mid": 67388469.0, "gen_start": 67316305, "rsid": "rs115375243", "gen_end": 67316305, "cadd_score": 0.700873, "y": "0.48856", "x": "0.31716", "z": "0.97572", "id": "chr15:g.67316305T>C", "size": 10}, {"style": "filled", "gen_chrom": "chr15", "all_ref": "C", "name": "chr15:g.67439330C>T", "color": "orange", "all_alt": "T", "mid": 67511494.0, "gen_start": 67439330, "rsid": "rs150549320", "gen_end": 67439330, "cadd_score": 0.405647, "y": "0.67094", "x": "0.22134", "z": "0.08497", "id": "chr15:g.67439330C>T", "size": 10}, {"style": "filled", "gen_chrom": "chr15", "all_ref": "A", "name": "chr15:g.67322305A>G", "color": "orange", "all_alt": "G", "grasp_pmid": "19875103,20081858,20339536,20339536,20502693,20686565,20686565,21355061,21909115,", "mid": 67394469.0, "gen_start": 67322305, "id": "chr15:g.67322305A>G", "rsid": "rs266336", "gen_end": 67322305, "cadd_score": 0.171096, "grasp_pheno": "Response_to_antipsychotics,Glucose_homeostasis_traits_(fasting_glucose,_,_fasting_insulin,_,_HOMA-B,_,_HOMA-IR),_,_Response_to_statin_treatment_(simvastatin,_,_pravastatin,_,_atorvastatin),_,_change_in_cholesterol_levels,_,_Response_to_statin_treatment_(simvastatin,_,_pravastatin,_,_atorvastatin),_,_change_in_cholesterol_levels,_,_Gene_expression_in_monocytes,Lipid_level_measurements,Lipid_level_measurements,Albuminuria,_,_in_urine,_,_Blood_pressure,", "y": "1.0", "x": "0.43618", "z": "0.44532", "gtex_eqtl_pval": 0.994538, "size": 10}, {"style": "filled", "name": "chr15:67397640-67397954", "color": "grey", "mid": 67469961.0, "dist2anchor": 0, "y": "0.41819", "x": "0.91576", "z": "0.67149", "id": "chr15:67397640-67397954", "size": 20}, {"style": "filled", "gen_chrom": "chr15", "all_ref": "T", "name": "chr15:g.67322859T>C", "color": "orange", "all_alt": "C", "mid": 67395023.0, "gen_start": 67322859, "rsid": "rs181618754", "gen_end": 67322859, "cadd_score": -0.312858, "y": "0.91762", "x": "0.19001", "z": "0.55923", "id": "chr15:g.67322859T>C", "size": 10}, {"style": "filled", "name": "chr15:67336149-67337393", "color": "red", "mid": -21422.0, "tfbs": "AP-2alpha,AP-2gamma,ATF3,CEBPB,GTF2F1_(RAP-74),JunD,Mxi1_(bHLH),NRSF,RFX5_(N-494),RPC155,Rad21,SMC3_(ab9263),SP1,SRF,STAT3,TBP,TCF12,TFIIIC-110,YY1_(C-20),c-Jun,p300,p300_(N-15)", "y": "0.27895", "x": "0.48022", "z": "0.58051", "id": "chr15:67336149-67337393", "size": 25}, {"style": "filled", "name": "chr15:67383724-67384939", "color": "grey", "mid": 26138.5, "tfbs": "AP-2alpha,AP-2gamma,BATF,BCL11A,BCL3,BCLAF1_(M33-P5B11),Brg1,CCNT2,CEBPB,CHD2_(N-1250),EBF1_(C-8),ELF1_(SC-631),ETS1,Egr-1,FOSL1_(SC-183),GABP,GATA-1,GATA-2,GATA2_(CG2-96),GR,HDAC2_(SC-6296),HMGN3,IRF1,IRF4_(M-17),Ini1,JunD,MEF2A,MEF2C_(SC-13268),MafK_(ab50322),Mxi1_(bHLH),NFKB,NRSF,Oct-2,PAX5-C20,PAX5-N19,POU2F2,PU.1,Pbx3,Pol2,Pol2(b),Pol2-4H8,RXRA,Rad21,SMC3_(ab9263),SP1,SRF,STAT1,STAT2,STAT3,TAF1,TAL1_(SC-12984),TCF12,TCF4,THAP1_(SC-98174),YY1,YY1_(C-20),ZEB1_(SC-25388),ZNF263,c-Fos,c-Jun,c-Myc,eGFP-FOS,eGFP-GATA2,eGFP-JunB,eGFP-JunD,p300,p300_(F-4)", "y": "0.23956", "x": "0.8435", "z": "0.40735", "id": "chr15:67383724-67384939", "size": 20}, {"style": "filled", "gen_chrom": "chr15", "all_ref": "G", "name": "chr15:g.67336709G>T", "color": "orange", "all_alt": "T", "mid": 67408873.0, "gen_start": 67336709, "rsid": "rs147262298", "gen_end": 67336709, "cadd_score": 0.948045, "y": "0.0467", "x": "0.25219", "z": "0.61651", "deep_score": "SRSF1:21.47, ", "id": "chr15:g.67336709G>T", "size": 10}, {"style": "filled", "gen_chrom": "chr15", "all_ref": "A", "name": "chr15:g.67336873A>T", "color": "orange", "all_alt": "T", "mid": 67409037.0, "gen_start": 67336873, "rsid": "rs186266594", "gen_end": 67336873, "cadd_score": 1.533132, "y": "0.27366", "x": "0.0", "z": "0.43235", "id": "chr15:g.67336873A>T", "size": 10}, {"style": "filled", "name": "chr15:67331171-67332528", "color": "red", "mid": -26343.5, "tfbs": "Pol2-4H8,STAT3,ZBTB7A_(SC-34508),ZNF263", "y": "0.48429", "x": "0.76472", "z": "0.64073", "id": "chr15:67331171-67332528", "size": 25}, {"style": "filled", "gen_chrom": "chr15", "all_ref": "T", "name": "chr15:g.67322241T>G", "color": "orange", "all_alt": "G", "mid": 67394405.0, "gen_start": 67322241, "rsid": "rs148807777", "gen_end": 67322241, "cadd_score": 0.540783, "y": "0.93939", "x": "0.50164", "z": "0.72202", "id": "chr15:g.67322241T>G", "size": 10}, {"style": "filled", "name": "chr15:67321816-67323832", "color": "red", "mid": -35369.0, "tfbs": "BCL11A,BHLHE40,CtBP2,FOSL2,FOXA1_(C-20),FOXA1_(SC-101058),FOXA2_(SC-6554),HDAC2_(SC-6296),HNF4A_(H-171),KAP1,Max,NANOG_(SC-33759),RXRA,SP1,TCF12,TCF4,USF-1,USF2,YY1_(C-20),p300", "y": "0.46217", "x": "0.59652", "z": "0.61878", "id": "chr15:67321816-67323832", "size": 25}, {"style": "filled", "gen_chrom": "chr15", "all_ref": "G", "name": "chr15:g.67322423G>A", "color": "orange", "all_alt": "A", "mid": 67394587.0, "gen_start": 67322423, "rsid": "rs115077697", "gen_end": 67322423, "cadd_score": 0.044997, "y": "0.94654", "x": "0.6324", "z": "0.37765", "deep_score": "RBM24:5.45, ", "id": "chr15:g.67322423G>A", "size": 10}, {"style": "filled", "name": "chr15:67336352-67337096", "color": "grey", "mid": 67408888.0, "dist2anchor": 0, "y": "0.11735", "x": "0.21562", "z": "0.41685", "id": "chr15:67336352-67337096", "size": 20}, {"style": "filled", "name": "chr15:67325100-67327348", "color": "green", "mid": -31969.0, "tfbs": "CTCF,USF-1", "y": "0.31029", "x": "0.63534", "z": "0.59137", "id": "chr15:67325100-67327348", "size": 25}, {"style": "filled", "gen_chrom": "chr15", "all_ref": "G", "name": "chr15:g.67357799G>A", "color": "orange", "all_alt": "A", "mid": 67429963.0, "gen_start": 67357799, "rsid": "rs182943052", "gen_end": 67357799, "cadd_score": -0.045543, "y": "0.63305", "x": "0.13335", "z": "0.84931", "id": "chr15:g.67357799G>A", "size": 10}, {"style": "filled", "gen_chrom": "chr15", "all_ref": "C", "name": "chr15:g.67336987C>T", "color": "orange", "all_alt": "T", "mid": 67409151.0, "gen_start": 67336987, "rsid": "rs190733811", "gen_end": 67336987, "cadd_score": 0.145333, "y": "0.16284", "x": "0.21121", "z": "0.19373", "deep_score": "HNRNPH2:3.94, ", "id": "chr15:g.67336987C>T", "size": 10}, {"style": "filled", "gen_chrom": "chr15", "all_ref": "G", "name": "chr15:g.67322650G>A", "color": "orange", "all_alt": "A", "mid": 67394814.0, "gen_start": 67322650, "rsid": "rs139231117", "gen_end": 67322650, "cadd_score": 0.20588, "y": "0.93934", "x": "0.23897", "z": "0.39544", "deep_score": "SP1:10.41, CNOT4:-4.56, ", "id": "chr15:g.67322650G>A", "size": 10}, {"style": "filled", "gen_chrom": "chr15", "all_ref": "C", "name": "chr15:g.67336796C>T", "color": "orange", "all_alt": "T", "mid": 67408960.0, "gen_start": 67336796, "rsid": "rs138132378", "gen_end": 67336796, "cadd_score": 1.953471, "y": "0.00613", "x": "0.42358", "z": "0.35102", "id": "chr15:g.67336796C>T", "size": 10}, {"style": "filled", "gene": true, "name": "SMAD3: chr15:67354807-67361816", "color": "blue", "mid": 1, "fpkm": 10.45831, "tfbs": "AP-2alpha,AP-2gamma,BAF155,BAF170,BCLAF1_(M33-P5B11),Brg1,CCNT2,CEBPB,CHD2_(N-1250),CTCF,CTCFL_(SC-98982),CTCF_(C-20),E2F1,E2F6,E2F6_(H-50),EBF,EBF1_(C-8),ELF1_(SC-631),ETS1,Egr-1,FOXA1_(C-20),FOXA1_(SC-101058),FOXA2_(SC-6554),GATA-1,GATA2_(CG2-96),GR,HA-E2F1,HDAC2_(SC-6296),HEY1,HMGN3,HNF4A,HNF4A_(H-171),HNF4G_(SC-6558),IRF4_(M-17),Ini1,JunD,KAP1,Max,Mxi1_(bHLH),NRSF,Oct-2,PAX5-C20,PAX5-N19,POU2F2,PU.1,Pol2,Pol2(b),Pol2(phosphoS2),Pol2-4H8,RFX5_(N-494),Rad21,SMC3_(ab9263),SP1,STAT3,Sin3Ak-20,TAF1,TAL1_(SC-12984),TBP,TCF12,TCF4,USF-1,USF1_(SC-8983),ZBTB7A_(SC-34508),ZNF263,c-Jun,c-Myc,eGFP-JunB,p300,p300_(N-15)", "y": "0.40881", "x": "0.70371", "z": "0.51683", "id": "chr15:67354807-67361816", "size": 50}, {"style": "filled", "gen_chrom": "chr15", "all_ref": "G", "name": "chr15:g.67336647G>A", "color": "orange", "all_alt": "A", "mid": 67408811.0, "gen_start": 67336647, "rsid": "rs141896328", "gen_end": 67336647, "cadd_score": 0.238433, "y": "0.2324", "x": "0.0743", "z": "0.27292", "id": "chr15:g.67336647G>A", "size": 10}, {"style": "filled", "name": "chr15:67322196-67323109", "color": "grey", "mid": 67394816.5, "dist2anchor": 0, "y": "0.8871", "x": "0.44842", "z": "0.53018", "id": "chr15:67322196-67323109", "size": 20}, {"style": "filled", "name": "chr15:67316199-67316549", "color": "grey", "mid": 67388538.0, "dist2anchor": 5268, "y": "0.45693", "x": "0.50813", "z": "0.9712", "id": "chr15:67316199-67316549", "size": 20}, {"style": "filled", "name": "chr15:67397448-67398426", "color": "green", "mid": 39744.0, "tfbs": "AP-2alpha,AP-2gamma,BAF155,CEBPB,CTCF,FOSL2,FOXA1_(SC-101058),GATA-2,GR,GTF2F1_(RAP-74),HDAC2_(SC-6296),HNF4A,HNF4A_(H-171),HNF4G_(SC-6558),Ini1,JunD,MafF_(M8194),MafK_(ab50322),Mxi1_(bHLH),PRDM1_(Val90),Pol2,Pol2-4H8,RFX5_(N-494),Rad21,SMC3_(ab9263),SP1,SRF,STAT1,STAT3,TBP,TCF4,c-Fos,c-Jun,p300,p300_(N-15)", "y": "0.27787", "x": "0.86949", "z": "0.59374", "id": "chr15:67397448-67398426", "size": 25}, {"style": "filled", "gen_chrom": "chr15", "all_ref": "C", "name": "chr15:g.67336484C>A", "color": "orange", "all_alt": "A", "mid": 67408648.0, "gen_start": 67336484, "rsid": "rs180822331", "gen_end": 67336484, "cadd_score": 0.224858, "y": "0.0", "x": "0.3291", "z": "0.46296", "id": "chr15:g.67336484C>A", "size": 10}], "links": [{"source": 0, "target": 18, "label": ""}, {"source": 1, "target": 41, "label": ""}, {"source": 2, "target": 18, "label": ""}, {"source": 3, "target": 32, "label": ""}, {"source": 4, "target": 32, "label": ""}, {"source": 5, "target": 18, "label": ""}, {"source": 6, "target": 41, "label": ""}, {"source": 7, "target": 18, "label": ""}, {"source": 8, "target": 32, "label": ""}, {"source": 9, "target": 34, "label": ""}, {"source": 9, "target": 38, "label": ""}, {"source": 10, "target": 40, "label": ""}, {"source": 11, "target": 22, "label": ""}, {"source": 12, "target": 22, "label": ""}, {"source": 13, "target": 40, "label": ""}, {"source": 14, "target": 40, "label": ""}, {"source": 15, "target": 18, "label": ""}, {"source": 15, "capacity": 1, "target": 38, "weight": 3, "label": 1}, {"source": 16, "target": 22, "label": ""}, {"source": 17, "capacity": 1, "target": 38, "weight": 2, "label": 1}, {"source": 18, "target": 20, "label": ""}, {"source": 19, "target": 41, "label": ""}, {"source": 21, "target": 40, "label": ""}, {"source": 22, "target": 42, "label": ""}, {"source": 23, "target": 40, "label": ""}, {"source": 24, "target": 32, "label": ""}, {"source": 24, "capacity": 1, "target": 30, "weight": 3, "label": 1}, {"source": 24, "capacity": 1, "target": 33, "weight": 2, "label": 1}, {"source": 25, "capacity": 1, "target": 38, "weight": 2, "label": 1}, {"source": 26, "target": 32, "label": ""}, {"source": 27, "target": 32, "label": ""}, {"source": 28, "capacity": 1, "target": 38, "weight": 3, "label": 1}, {"source": 28, "capacity": 1, "target": 30, "weight": 2, "label": 1}, {"source": 29, "target": 40, "label": ""}, {"source": 30, "capacity": 1, "target": 38, "weight": 7, "label": 1}, {"source": 30, "capacity": 1, "target": 33, "weight": 2, "label": 1}, {"source": 30, "target": 40, "label": ""}, {"source": 30, "target": 41, "label": ""}, {"source": 31, "target": 40, "label": ""}, {"source": 32, "target": 35, "label": ""}, {"source": 32, "target": 37, "label": ""}, {"source": 32, "target": 39, "label": ""}, {"source": 32, "target": 43, "label": ""}, {"source": 33, "capacity": 1, "target": 38, "weight": 4, "label": 1}, {"source": 36, "target": 40, "label": ""}, {"source": 38, "capacity": 1, "target": 42, "weight": 2, "label": 1}], "multigraph": false}