{"directed": false, "graph": {"style": "filled", "data_type": "ChiA-PET", "tissue_type": "Adipose_Visceral_Omentum", "genome_version": "GRCh37.p13", "species": "Homo_Sapiens", "target_gene": "CCDC140,PAX3,DD413687"}, "nodes": [{"style": "filled", "gen_chrom": "chr2", "all_ref": "G", "name": "chr2:g.223183191G>C", "color": "orange", "all_alt": "C", "mid": 223183191.0, "gen_start": 223183191, "gen_end": 223183191, "cadd_score": 0.110753, "y": "0.56601", "x": "0.2129", "z": "0.06385", "id": "chr2:g.223183191G>C", "size": 10}, {"style": "filled", "gen_chrom": "chr2", "all_ref": "A", "name": "chr2:g.223183216A>C", "color": "orange", "all_alt": "C", "mid": 223183216.0, "gen_start": 223183216, "gen_end": 223183216, "cadd_score": 0.252677, "y": "0.71553", "x": "0.27692", "z": "0.08314", "id": "chr2:g.223183216A>C", "size": 10}, {"style": "filled", "name": "chr2:223104587-223105176", "color": "grey", "mid": 223104881.5, "dist2anchor": 0, "y": "0.89846", "x": "0.22155", "z": "0.44572", "id": "chr2:223104587-223105176", "size": 20}, {"style": "filled", "gen_chrom": "chr2", "all_ref": "G", "name": "chr2:g.222891080G>A", "color": "orange", "all_alt": "A", "mid": 222891080.0, "gen_start": 222891080, "rsid": "rs74527892", "gen_end": 222891080, "cadd_score": -0.729787, "y": "0.73697", "x": "0.84273", "z": "0.30245", "deep_score": "USF1:4.42, RBFOX1:3.4, ", "id": "chr2:g.222891080G>A", "size": 10}, {"style": "filled", "gen_chrom": "chr2", "all_ref": "G", "name": "chr2:g.223289501G>C", "color": "orange", "all_alt": "C", "mid": 223289501.0, "gen_start": 223289501, "gen_end": 223289501, "cadd_score": -1.102098, "y": "0.38339", "x": "0.94947", "z": "0.53885", "id": "chr2:g.223289501G>C", "size": 10}, {"style": "filled", "gen_chrom": "chr2", "all_ref": "T", "name": "chr2:g.223232744T>C", "color": "orange", "all_alt": "C", "mid": 223232744.0, "gen_start": 223232744, "rsid": "rs190397889", "gen_end": 223232744, "cadd_score": 0.039055, "y": "0.558", "x": "0.18845", "z": "0.91367", "id": "chr2:g.223232744T>C", "size": 10}, {"style": "filled", "gen_chrom": "chr2", "all_ref": "C", "name": "chr2:g.223298340C>T", "color": "orange", "all_alt": "T", "mid": 223298340.0, "gen_start": 223298340, "rsid": "rs149847930", "gen_end": 223298340, "cadd_score": 0.413816, "y": "0.56683", "x": "0.2983", "z": "0.97022", "deep_score": "USF1:4.4, PHOX2A:3.05, ", "id": "chr2:g.223298340C>T", "size": 10}, {"style": "filled", "gen_chrom": "chr2", "all_ref": "G", "name": "chr2:g.223105012G>A", "color": "orange", "all_alt": "A", "mid": 223105012.0, "gen_start": 223105012, "rsid": "rs75180166", "gen_end": 223105012, "cadd_score": 0.060651, "y": "0.99382", "x": "0.34559", "z": "0.48331", "id": "chr2:g.223105012G>A", "size": 10}, {"style": "filled", "gen_chrom": "chr2", "all_ref": "G", "name": "chr2:g.222890875G>A", "color": "orange", "all_alt": "A", "grasp_pmid": "20159242,20522523,21355061,", "mid": 222890875.0, "gen_start": 222890875, "rsid": "rs6738615", "gen_end": 222890875, "cadd_score": -0.006486, "grasp_pheno": "Asthma,Epilepsy_(partial_epilepsy),Albuminuria,_,_in_urine,_,_", "y": "0.4843", "x": "0.89786", "z": "0.26349", "id": "chr2:g.222890875G>A", "size": 10}, {"style": "filled", "name": "chr2:223169303-223173269", "color": "green", "mid": 2666.0, "tfbs": "CTCF,CtBP2,ELF1_(SC-631),Pol2,SUZ12", "y": "0.40788", "x": "0.22131", "z": "0.50448", "id": "chr2:223169303-223173269", "size": 25}, {"style": "filled", "gen_chrom": "chr2", "all_ref": "C", "name": "chr2:g.223233373C>T", "color": "orange", "all_alt": "T", "mid": 223233373.0, "gen_start": 223233373, "rsid": "rs139837030", "gen_end": 223233373, "cadd_score": 0.181626, "y": "0.8366", "x": "0.45305", "z": "0.8693", "id": "chr2:g.223233373C>T", "size": 10}, {"style": "filled", "gen_chrom": "chr2", "all_ref": "T", "name": "chr2:g.222890338T>C", "color": "orange", "all_alt": "C", "grasp_pmid": "21355061", "mid": 222890338.0, "gen_start": 222890338, "rsid": "rs6714252", "gen_end": 222890338, "cadd_score": -0.074303, "grasp_pheno": "Albuminuria,__in_urine,_,_", "y": "0.76903", "x": "0.73256", "z": "0.19301", "id": "chr2:g.222890338T>C", "size": 10}, {"style": "filled", "gene": true, "name": "CCDC140,PAX3,DD413687: chr2:223161297-223169200", "color": "blue", "mid": 1, "fpkm": 0.0, "tfbs": "CTCF,CtBP2,KAP1,Pol2,SUZ12,ZNF263", "y": "0.44088", "x": "0.25557", "z": "0.46622", "id": "chr2:223161297-223169200", "size": 50}, {"style": "filled", "gen_chrom": "chr2", "all_ref": "G", "name": "chr2:g.223342941G>A", "color": "orange", "all_alt": "A", "mid": 223342941.0, "gen_start": 223342941, "rsid": "rs183148902", "gen_end": 223342941, "cadd_score": -0.421144, "y": "0.00852", "x": "0.49614", "z": "0.60761", "id": "chr2:g.223342941G>A", "size": 10}, {"style": "filled", "gene": true, "name": "LOC440934: chr2:223182076-223186171", "color": "blue", "mid": 16792, "fpkm": 0.0, "tfbs": "CTCF,CTCF_(C-20),CTCF_(SC-5916),CtBP2,EBF1_(C-8),ERalpha_a,Egr-1,HA-E2F1,KAP1,Max,NFKB,Nrf1,Pbx3,Pol2,Rad21,SMC3_(ab9263),STAT3,Sin3Ak-20,TCF12,YY1_(C-20),ZEB1_(SC-25388),Znf143_(16618-1-AP),c-Myc", "y": "0.42232", "x": "0.29754", "z": "0.52398", "id": "chr2:223182076-223186171", "size": 25}, {"style": "filled", "gen_chrom": "chr2", "all_ref": "C", "name": "chr2:g.223426618C>A", "color": "orange", "all_alt": "A", "mid": 223426618.0, "gen_start": 223426618, "rsid": "rs60636230", "gen_end": 223426618, "cadd_score": 0.168661, "y": "0.11986", "x": "0.18987", "z": "0.29219", "id": "chr2:g.223426618C>A", "size": 10}, {"style": "filled", "gen_chrom": "chr2", "all_ref": "G", "name": "chr2:g.223289461G>C", "color": "orange", "all_alt": "C", "mid": 223289461.0, "gen_start": 223289461, "gen_end": 223289461, "cadd_score": -1.423904, "y": "0.29736", "x": "0.91389", "z": "0.49826", "id": "chr2:g.223289461G>C", "size": 10}, {"style": "filled", "name": "chr2:223103428-223105268", "color": "red", "mid": -64272.0, "tfbs": "FOXA1_(C-20),FOXA1_(SC-101058),FOXA2_(SC-6554),KAP1,TCF4", "y": "0.56817", "x": "0.22834", "z": "0.48042", "id": "chr2:223103428-223105268", "size": 25}, {"style": "filled", "gen_chrom": "chr2", "all_ref": "C", "name": "chr2:g.223289412C>G", "color": "orange", "all_alt": "G", "mid": 223289412.0, "gen_start": 223289412, "gen_end": 223289412, "cadd_score": -1.633114, "y": "0.61736", "x": "0.91478", "z": "0.66914", "id": "chr2:g.223289412C>G", "size": 10}, {"style": "filled", "gen_chrom": "chr2", "all_ref": "T", "name": "chr2:g.223426625T>C", "color": "orange", "all_alt": "C", "mid": 223426625.0, "gen_start": 223426625, "rsid": "rs145256373", "gen_end": 223426625, "cadd_score": -0.124257, "y": "0.07761", "x": "0.18272", "z": "0.40702", "id": "chr2:g.223426625T>C", "size": 10}, {"style": "filled", "gen_chrom": "chr2", "all_ref": "G", "name": "chr2:g.222890672G>T", "color": "orange", "all_alt": "T", "mid": 222890672.0, "gen_start": 222890672, "rsid": "rs140762269", "gen_end": 222890672, "cadd_score": 0.084137, "y": "0.5536", "x": "0.7086", "z": "0.07328", "id": "chr2:g.222890672G>T", "size": 10}, {"style": "filled", "gen_chrom": "chr2", "all_ref": "G", "name": "chr2:g.222917922G>A", "color": "orange", "all_alt": "A", "mid": 222917922.0, "gen_start": 222917922, "rsid": "rs77045848", "gen_end": 222917922, "cadd_score": 0.257879, "y": "0.11809", "x": "0.32113", "z": "0.80718", "id": "chr2:g.222917922G>A", "size": 10}, {"style": "filled", "gen_chrom": "chr2", "all_ref": "A", "name": "chr2:g.223183047A>C", "color": "orange", "all_alt": "C", "mid": 223183047.0, "gen_start": 223183047, "gen_end": 223183047, "cadd_score": 0.146967, "y": "0.53051", "x": "0.47256", "z": "0.0", "id": "chr2:g.223183047A>C", "size": 10}, {"style": "filled", "gen_chrom": "chr2", "all_ref": "A", "name": "chr2:g.223289485A>G", "color": "orange", "all_alt": "G", "mid": 223289485.0, "gen_start": 223289485, "gen_end": 223289485, "cadd_score": -1.040864, "y": "0.21993", "x": "0.86632", "z": "0.56958", "id": "chr2:g.223289485A>G", "size": 10}, {"style": "filled", "gene": true, "name": "U6: chr2:223347780-223349058", "color": "blue", "mid": 194389, "fpkm": 0.0, "tfbs": "CTCF,CTCF_(C-20),CTCF_(SC-5916),Rad21,SMC3_(ab9263)", "y": "0.32059", "x": "0.22895", "z": "0.47551", "id": "chr2:223347780-223349058", "size": 25}, {"style": "filled", "gen_chrom": "chr2", "all_ref": "G", "name": "chr2:g.223155911G>C", "color": "orange", "all_alt": "C", "mid": 223155911.0, "gen_start": 223155911, "rsid": "rs12470153", "gen_end": 223155911, "cadd_score": 0.434348, "y": "0.85257", "x": "0.19484", "z": "0.74387", "id": "chr2:g.223155911G>C", "size": 10}, {"style": "filled", "gen_chrom": "chr2", "all_ref": "G", "name": "chr2:g.222890892G>T", "color": "orange", "all_alt": "T", "mid": 222890892.0, "gen_start": 222890892, "rsid": "rs183582100", "gen_end": 222890892, "cadd_score": -0.386818, "y": "0.64125", "x": "0.83695", "z": "0.19878", "id": "chr2:g.222890892G>T", "size": 10}, {"style": "filled", "gen_chrom": "chr2", "all_ref": "G", "name": "chr2:g.222890874G>A", "color": "orange", "all_alt": "A", "grasp_pmid": "20081858", "mid": 222890874.0, "gen_start": 222890874, "rsid": "rs12997868", "gen_end": 222890874, "cadd_score": 0.017084, "grasp_pheno": "Glucose_homeostasis_traits_(fasting_glucose,__fasting_insulin,__HOMA-B,__HOMA-IR),_,_", "y": "0.34918", "x": "0.79732", "z": "0.16369", "id": "chr2:g.222890874G>A", "size": 10}, {"style": "filled", "gen_chrom": "chr2", "all_ref": "C", "name": "chr2:g.223342844C>T", "color": "orange", "all_alt": "T", "mid": 223342844.0, "gen_start": 223342844, "rsid": "rs149810314", "gen_end": 223342844, "cadd_score": 0.094383, "y": "0.0", "x": "0.48119", "z": "0.43686", "id": "chr2:g.223342844C>T", "size": 10}, {"style": "filled", "gen_chrom": "chr2", "all_ref": "A", "name": "chr2:g.222890858A>G", "color": "orange", "all_alt": "G", "mid": 222890858.0, "gen_start": 222890858, "rsid": "rs187756644", "gen_end": 222890858, "cadd_score": -0.088313, "y": "0.73867", "x": "0.80258", "z": "0.22913", "id": "chr2:g.222890858A>G", "size": 10}, {"style": "filled", "name": "chr2:223288888-223290468", "color": "grey", "mid": 223289678.0, "dist2anchor": 0, "y": "0.41336", "x": "0.85551", "z": "0.65311", "id": "chr2:223288888-223290468", "size": 20}, {"style": "filled", "name": "chr2:223335258-223336389", "color": "red", "mid": 167203.5, "tfbs": "KAP1", "y": "0.30687", "x": "0.23506", "z": "0.55878", "id": "chr2:223335258-223336389", "size": 25}, {"style": "filled", "gen_chrom": "chr2", "all_ref": "T", "name": "chr2:g.222917717T>C", "color": "orange", "all_alt": "C", "mid": 222917717.0, "gen_start": 222917717, "rsid": "rs76884805", "gen_end": 222917717, "cadd_score": 0.134749, "y": "0.15236", "x": "0.38672", "z": "0.8666", "id": "chr2:g.222917717T>C", "size": 10}, {"style": "filled", "gen_chrom": "chr2", "all_ref": "G", "name": "chr2:g.223289497G>C", "color": "orange", "all_alt": "C", "mid": 223289497.0, "gen_start": 223289497, "gen_end": 223289497, "cadd_score": -1.61449, "y": "0.47963", "x": "0.94281", "z": "0.63478", "id": "chr2:g.223289497G>C", "size": 10}, {"style": "filled", "name": "chr2:223425677-223427507", "color": "green", "mid": 257972.0, "tfbs": "CTCF,CTCFL_(SC-98982),CTCF_(C-20),CTCF_(SC-5916),Rad21,SMC3_(ab9263),YY1_(C-20),Znf143_(16618-1-AP)", "y": "0.3809", "x": "0.25783", "z": "0.47852", "id": "chr2:223425677-223427507", "size": 25}, {"style": "filled", "gen_chrom": "chr2", "all_ref": "G", "name": "chr2:g.223232850G>A", "color": "orange", "all_alt": "A", "mid": 223232850.0, "gen_start": 223232850, "rsid": "rs137964298", "gen_end": 223232850, "cadd_score": -0.089377, "y": "0.57617", "x": "0.41947", "z": "1.0", "deep_score": "CENPB:10.96, ", "id": "chr2:g.223232850G>A", "size": 10}, {"style": "filled", "name": "chr2:222902621-222903988", "color": "grey", "mid": -265315.5, "tfbs": "CTCF,CTCF_(C-20),CTCF_(SC-5916),Rad21", "y": "0.37573", "x": "0.2795", "z": "0.40296", "id": "chr2:222902621-222903988", "size": 20}, {"style": "filled", "gen_chrom": "chr2", "all_ref": "C", "name": "chr2:g.223105050C>A", "color": "orange", "all_alt": "A", "mid": 223105050.0, "gen_start": 223105050, "rsid": "rs191738675", "gen_end": 223105050, "cadd_score": 0.341203, "y": "0.97976", "x": "0.3394", "z": "0.55923", "id": "chr2:g.223105050C>A", "size": 10}, {"style": "filled", "gen_chrom": "chr2", "all_ref": "G", "name": "chr2:g.222891023G>A", "color": "orange", "all_alt": "A", "mid": 222891023.0, "gen_start": 222891023, "rsid": "rs187988440", "gen_end": 222891023, "cadd_score": -0.297494, "y": "0.53275", "x": "0.85628", "z": "0.19625", "deep_score": "NFAT5:5.33, ", "id": "chr2:g.222891023G>A", "size": 10}, {"style": "filled", "gen_chrom": "chr2", "all_ref": "T", "name": "chr2:g.223156162T>A", "color": "orange", "all_alt": "A", "mid": 223156162.0, "gen_start": 223156162, "rsid": "rs62186072", "gen_end": 223156162, "cadd_score": -0.30736, "y": "0.66194", "x": "0.0", "z": "0.65312", "id": "chr2:g.223156162T>A", "size": 10}, {"style": "filled", "name": "chr2:223158499-223159537", "color": "grey", "mid": -9602.0, "tfbs": "CtBP2,SUZ12", "y": "0.38794", "x": "0.10065", "z": "0.44724", "id": "chr2:223158499-223159537", "size": 20}, {"style": "filled", "gen_chrom": "chr2", "all_ref": "G", "name": "chr2:g.223183246G>C", "color": "orange", "all_alt": "C", "mid": 223183246.0, "gen_start": 223183246, "gen_end": 223183246, "cadd_score": 0.040251, "y": "0.41715", "x": "0.43356", "z": "0.00438", "id": "chr2:g.223183246G>C", "size": 10}, {"style": "filled", "gen_chrom": "chr2", "all_ref": "C", "name": "chr2:g.222917863C>T", "color": "orange", "all_alt": "T", "mid": 222917863.0, "gen_start": 222917863, "rsid": "rs190349496", "gen_end": 222917863, "cadd_score": 0.830958, "y": "0.07901", "x": "0.46798", "z": "0.77741", "deep_score": "PHOX2A:12.23, PHOX2B:8.48, CART1:6.0, UNCX:5.38, ARX:4.75, ", "id": "chr2:g.222917863C>T", "size": 10}, {"style": "filled", "gen_chrom": "chr2", "all_ref": "G", "name": "chr2:g.223183032G>A", "color": "orange", "all_alt": "A", "mid": 223183032.0, "gen_start": 223183032, "gen_end": 223183032, "cadd_score": 0.249736, "y": "0.40828", "x": "0.23522", "z": "0.05787", "id": "chr2:g.223183032G>A", "size": 10}, {"style": "filled", "gen_chrom": "chr2", "all_ref": "G", "name": "chr2:g.223183246G>T", "color": "orange", "all_alt": "T", "mid": 223183246.0, "gen_start": 223183246, "gen_end": 223183246, "cadd_score": 0.186366, "y": "0.54065", "x": "0.33533", "z": "0.01149", "id": "chr2:g.223183246G>T", "size": 10}, {"style": "filled", "gen_chrom": "chr2", "all_ref": "G", "name": "chr2:g.222917891G>A", "color": "orange", "all_alt": "A", "mid": 222917891.0, "gen_start": 222917891, "rsid": "rs193288651", "gen_end": 222917891, "cadd_score": 0.668465, "y": "0.21956", "x": "0.45922", "z": "0.92324", "id": "chr2:g.222917891G>A", "size": 10}, {"style": "filled", "gen_chrom": "chr2", "all_ref": "G", "name": "chr2:g.223183032G>T", "color": "orange", "all_alt": "T", "mid": 223183032.0, "gen_start": 223183032, "gen_end": 223183032, "cadd_score": 0.102835, "y": "0.48328", "x": "0.1673", "z": "0.0976", "id": "chr2:g.223183032G>T", "size": 10}, {"style": "filled", "name": "chr2:222919859-222920854", "color": "grey", "mid": -248263.5, "tfbs": "", "y": "0.44423", "x": "0.15514", "z": "0.58946", "id": "chr2:222919859-222920854", "size": 20}, {"style": "filled", "gen_chrom": "chr2", "all_ref": "T", "name": "chr2:g.223289405T>G", "color": "orange", "all_alt": "G", "mid": 223289405.0, "gen_start": 223289405, "gen_end": 223289405, "cadd_score": -1.177412, "y": "0.48591", "x": "0.95803", "z": "0.52738", "deep_score": "PAX2:9.87, PAX5:5.27, ", "id": "chr2:g.223289405T>G", "size": 10}, {"style": "filled", "gen_chrom": "chr2", "all_ref": "T", "name": "chr2:g.223104980T>C", "color": "orange", "all_alt": "C", "grasp_pmid": "18445777,19875103,20871662,", "mid": 223104980.0, "gen_start": 223104980, "rsid": "rs10498134", "gen_end": 223104980, "cadd_score": 2.307719, "grasp_pheno": "Bone_mineral_density_(BMD),Response_to_antipsychotics,Diabetic_retinopathy,", "y": "0.98582", "x": "0.35623", "z": "0.39986", "deep_score": "GATA3:4.78, GATA1:3.98, ", "id": "chr2:g.223104980T>C", "size": 10}, {"style": "filled", "gen_chrom": "chr2", "all_ref": "G", "name": "chr2:g.223105017G>A", "color": "orange", "all_alt": "A", "mid": 223105017.0, "gen_start": 223105017, "rsid": "rs16863558", "gen_end": 223105017, "cadd_score": -0.022689, "y": "0.88494", "x": "0.17195", "z": "0.3354", "id": "chr2:g.223105017G>A", "size": 10}, {"style": "filled", "gen_chrom": "chr2", "all_ref": "T", "name": "chr2:g.223105079T>C", "color": "orange", "all_alt": "C", "mid": 223105079.0, "gen_start": 223105079, "rsid": "rs4606918", "gen_end": 223105079, "cadd_score": 0.102155, "y": "0.94258", "x": "0.20964", "z": "0.53585", "id": "chr2:g.223105079T>C", "size": 10}, {"style": "filled", "gen_chrom": "chr2", "all_ref": "G", "name": "chr2:g.222890379G>A", "color": "orange", "all_alt": "A", "mid": 222890379.0, "gen_start": 222890379, "rsid": "rs183372586", "gen_end": 222890379, "cadd_score": 0.162918, "y": "0.69244", "x": "0.73915", "z": "0.13476", "id": "chr2:g.222890379G>A", "size": 10}, {"style": "filled", "gen_chrom": "chr2", "all_ref": "T", "name": "chr2:g.223289464T>C", "color": "orange", "all_alt": "C", "mid": 223289464.0, "gen_start": 223289464, "gen_end": 223289464, "cadd_score": -1.614572, "y": "0.45889", "x": "0.83927", "z": "0.8175", "id": "chr2:g.223289464T>C", "size": 10}, {"style": "filled", "gen_chrom": "chr2", "all_ref": "C", "name": "chr2:g.223289482C>G", "color": "orange", "all_alt": "G", "mid": 223289482.0, "gen_start": 223289482, "gen_end": 223289482, "cadd_score": -1.234943, "y": "0.30012", "x": "0.86277", "z": "0.73019", "id": "chr2:g.223289482C>G", "size": 10}, {"style": "filled", "gen_chrom": "chr2", "all_ref": "C", "name": "chr2:g.223232714C>T", "color": "orange", "all_alt": "T", "mid": 223232714.0, "gen_start": 223232714, "rsid": "rs186795845", "gen_end": 223232714, "cadd_score": 0.142767, "y": "0.71551", "x": "0.23239", "z": "0.89373", "id": "chr2:g.223232714C>T", "size": 10}, {"style": "filled", "gen_chrom": "chr2", "all_ref": "C", "name": "chr2:g.223155932C>T", "color": "orange", "all_alt": "T", "mid": 223155932.0, "gen_start": 223155932, "rsid": "rs150216520", "gen_end": 223155932, "cadd_score": 0.971974, "y": "0.84243", "x": "0.13531", "z": "0.67986", "id": "chr2:g.223155932C>T", "size": 10}, {"style": "filled", "name": "chr2:223182828-223183255", "color": "grey", "mid": 223183041.5, "dist2anchor": 0, "y": "0.54221", "x": "0.32768", "z": "0.10451", "id": "chr2:223182828-223183255", "size": 20}, {"style": "filled", "name": "chr2:223179654-223180950", "color": "grey", "mid": 11682.0, "tfbs": "CTCF,CTCF_(C-20),CTCF_(SC-5916),Rad21", "y": "0.38394", "x": "0.16655", "z": "0.39355", "id": "chr2:223179654-223180950", "size": 20}, {"style": "filled", "name": "chr2:223297859-223298370", "color": "grey", "mid": 223298114.5, "dist2anchor": 0, "y": "0.43205", "x": "0.30775", "z": "0.97409", "id": "chr2:223297859-223298370", "size": 20}, {"style": "filled", "name": "chr2:223133543-223134469", "color": "grey", "mid": -34614.0, "tfbs": "", "y": "0.50733", "x": "0.16491", "z": "0.48255", "id": "chr2:223133543-223134469", "size": 20}, {"style": "filled", "gen_chrom": "chr2", "all_ref": "A", "name": "chr2:g.223289436A>T", "color": "orange", "all_alt": "T", "mid": 223289436.0, "gen_start": 223289436, "gen_end": 223289436, "cadd_score": -1.457451, "y": "0.29471", "x": "0.90925", "z": "0.59509", "deep_score": "SRSF1:4.77, ", "id": "chr2:g.223289436A>T", "size": 10}, {"style": "filled", "gen_chrom": "chr2", "all_ref": "C", "name": "chr2:g.222890746C>T", "color": "orange", "all_alt": "T", "mid": 222890746.0, "gen_start": 222890746, "rsid": "rs183087795", "gen_end": 222890746, "cadd_score": -0.410252, "y": "0.38797", "x": "0.85262", "z": "0.21453", "id": "chr2:g.222890746C>T", "size": 10}, {"style": "filled", "name": "chr2:223477976-223479302", "color": "green", "mid": 310019.0, "tfbs": "CTCF,CTCF_(C-20),CTCF_(SC-5916),ELF1_(SC-631),FOXA1_(C-20),FOXA1_(SC-101058),FOXA2_(SC-6554),Rad21,SMC3_(ab9263),Znf143_(16618-1-AP)", "y": "0.44085", "x": "0.3139", "z": "0.43392", "id": "chr2:223477976-223479302", "size": 25}, {"style": "filled", "gen_chrom": "chr2", "all_ref": "C", "name": "chr2:g.223105070C>T", "color": "orange", "all_alt": "T", "mid": 223105070.0, "gen_start": 223105070, "rsid": "rs184194555", "gen_end": 223105070, "cadd_score": 0.158263, "y": "0.9484", "x": "0.2759", "z": "0.34933", "id": "chr2:g.223105070C>T", "size": 10}, {"style": "filled", "name": "chr2:223413248-223414477", "color": "red", "mid": 245242.5, "tfbs": "CTCF,HDAC2_(SC-6296)", "y": "0.33976", "x": "0.13237", "z": "0.56862", "id": "chr2:223413248-223414477", "size": 25}, {"style": "filled", "name": "chr2:223342677-223342947", "color": "grey", "mid": 223342812.0, "dist2anchor": 0, "y": "0.03512", "x": "0.44754", "z": "0.52738", "id": "chr2:223342677-223342947", "size": 20}, {"style": "filled", "name": "chr2:223232677-223233485", "color": "grey", "mid": 223233081.0, "dist2anchor": 46507, "y": "0.65257", "x": "0.36237", "z": "0.87237", "id": "chr2:223232677-223233485", "size": 20}, {"style": "filled", "gen_chrom": "chr2", "all_ref": "G", "name": "chr2:g.223233081G>A", "color": "orange", "all_alt": "A", "mid": 223233081.0, "gen_start": 223233081, "rsid": "rs187580583", "gen_end": 223233081, "cadd_score": 0.746895, "y": "0.78767", "x": "0.39777", "z": "0.91439", "id": "chr2:g.223233081G>A", "size": 10}, {"style": "filled", "gen_chrom": "chr2", "all_ref": "C", "name": "chr2:g.223233263C>T", "color": "orange", "all_alt": "T", "mid": 223233263.0, "gen_start": 223233263, "rsid": "rs149485582", "gen_end": 223233263, "cadd_score": -0.194908, "y": "0.65961", "x": "0.52287", "z": "0.97475", "id": "chr2:g.223233263C>T", "size": 10}, {"style": "filled", "gen_chrom": "chr2", "all_ref": "A", "name": "chr2:g.223289470A>G", "color": "orange", "all_alt": "G", "mid": 223289470.0, "gen_start": 223289470, "gen_end": 223289470, "cadd_score": -1.154835, "y": "0.51768", "x": "0.90226", "z": "0.73781", "id": "chr2:g.223289470A>G", "size": 10}, {"style": "filled", "gen_chrom": "chr2", "all_ref": "A", "name": "chr2:g.223289436A>G", "color": "orange", "all_alt": "G", "mid": 223289436.0, "gen_start": 223289436, "gen_end": 223289436, "cadd_score": -1.344911, "y": "0.59039", "x": "0.87614", "z": "0.76237", "deep_score": "RBM4:3.84, ", "id": "chr2:g.223289436A>G", "size": 10}, {"style": "filled", "gen_chrom": "chr2", "all_ref": "C", "name": "chr2:g.223233148C>T", "color": "orange", "all_alt": "T", "mid": 223233148.0, "gen_start": 223233148, "rsid": "rs189649671", "gen_end": 223233148, "cadd_score": 0.265815, "y": "0.62167", "x": "0.22607", "z": "0.93339", "deep_score": "FOXC2:3.9, FOXD2:3.56, ", "id": "chr2:g.223233148C>T", "size": 10}, {"style": "filled", "gen_chrom": "chr2", "all_ref": "G", "name": "chr2:g.223233287G>A", "color": "orange", "all_alt": "A", "mid": 223233287.0, "gen_start": 223233287, "rsid": "rs57656882", "gen_end": 223233287, "cadd_score": -0.153538, "y": "0.69082", "x": "0.42748", "z": "0.96993", "id": "chr2:g.223233287G>A", "size": 10}, {"style": "filled", "name": "chr2:222917663-222918165", "color": "grey", "mid": 222917914.0, "dist2anchor": 0, "y": "0.1943", "x": "0.4483", "z": "0.8125", "id": "chr2:222917663-222918165", "size": 20}, {"style": "filled", "gen_chrom": "chr2", "all_ref": "G", "name": "chr2:g.223183037G>T", "color": "orange", "all_alt": "T", "mid": 223183037.0, "gen_start": 223183037, "rsid": "rs565953188", "gen_end": 223183037, "cadd_score": -0.101597, "y": "0.62144", "x": "0.41096", "z": "0.01394", "id": "chr2:g.223183037G>T", "size": 10}, {"style": "filled", "gen_chrom": "chr2", "all_ref": "G", "name": "chr2:g.223104897G>C", "color": "orange", "all_alt": "C", "mid": 223104897.0, "gen_start": 223104897, "rsid": "rs186895104", "gen_end": 223104897, "cadd_score": -0.178518, "y": "0.83135", "x": "0.09263", "z": "0.38769", "id": "chr2:g.223104897G>C", "size": 10}, {"style": "filled", "gen_chrom": "chr2", "all_ref": "T", "name": "chr2:g.223155688T>C", "color": "orange", "all_alt": "C", "mid": 223155688.0, "gen_start": 223155688, "rsid": "rs189405142", "gen_end": 223155688, "cadd_score": -0.235649, "y": "0.73376", "x": "0.08717", "z": "0.75731", "deep_score": "CENPB:3.17, ", "id": "chr2:g.223155688T>C", "size": 10}, {"style": "filled", "gen_chrom": "chr2", "all_ref": "C", "name": "chr2:g.223183213C>G", "color": "orange", "all_alt": "G", "mid": 223183213.0, "gen_start": 223183213, "gen_end": 223183213, "cadd_score": 0.162845, "y": "0.65392", "x": "0.1977", "z": "0.10603", "id": "chr2:g.223183213C>G", "size": 10}, {"style": "filled", "gen_chrom": "chr2", "all_ref": "C", "name": "chr2:g.223298214C>T", "color": "orange", "all_alt": "T", "mid": 223298214.0, "gen_start": 223298214, "rsid": "rs189725765", "gen_end": 223298214, "cadd_score": 0.801454, "y": "0.37237", "x": "0.21095", "z": "0.92719", "id": "chr2:g.223298214C>T", "size": 10}, {"style": "filled", "name": "chr2:222890230-222891131", "color": "grey", "mid": 222890680.5, "dist2anchor": 0, "y": "0.54338", "x": "0.74259", "z": "0.21856", "id": "chr2:222890230-222891131", "size": 20}, {"style": "filled", "name": "chr2:222921040-222923982", "color": "grey", "mid": -246109.0, "tfbs": "CTCF,CTCF_(C-20),CTCF_(SC-5916),Rad21,SMC3_(ab9263)", "y": "0.41647", "x": "0.23592", "z": "0.46378", "id": "chr2:222921040-222923982", "size": 20}, {"style": "filled", "gen_chrom": "chr2", "all_ref": "C", "name": "chr2:g.223105027C>T", "color": "orange", "all_alt": "T", "mid": 223105027.0, "gen_start": 223105027, "rsid": "rs75522196", "gen_end": 223105027, "cadd_score": 0.494527, "y": "0.85429", "x": "0.0987", "z": "0.48314", "deep_score": "GBX1:3.88, ", "id": "chr2:g.223105027C>T", "size": 10}, {"style": "filled", "gen_chrom": "chr2", "all_ref": "G", "name": "chr2:g.222890396G>A", "color": "orange", "all_alt": "A", "mid": 222890396.0, "gen_start": 222890396, "rsid": "rs188257534", "gen_end": 222890396, "cadd_score": 0.31114, "y": "0.41216", "x": "0.68855", "z": "0.07982", "id": "chr2:g.222890396G>A", "size": 10}, {"style": "filled", "name": "chr2:223426527-223427036", "color": "grey", "mid": 223426781.5, "dist2anchor": 0, "y": "0.16361", "x": "0.13214", "z": "0.38217", "id": "chr2:223426527-223427036", "size": 20}, {"style": "filled", "gen_chrom": "chr2", "all_ref": "C", "name": "chr2:g.223289505C>G", "color": "orange", "all_alt": "G", "mid": 223289505.0, "gen_start": 223289505, "gen_end": 223289505, "cadd_score": -1.290588, "y": "0.39037", "x": "0.87642", "z": "0.76316", "id": "chr2:g.223289505C>G", "size": 10}, {"style": "filled", "name": "chr2:223174646-223178482", "color": "grey", "mid": 7944.0, "tfbs": "NFKB,SP1,SUZ12", "y": "0.45146", "x": "0.27232", "z": "0.49883", "id": "chr2:223174646-223178482", "size": 20}, {"style": "filled", "gen_chrom": "chr2", "all_ref": "A", "name": "chr2:g.223183229A>C", "color": "orange", "all_alt": "C", "mid": 223183229.0, "gen_start": 223183229, "gen_end": 223183229, "cadd_score": 0.054703, "y": "0.40826", "x": "0.33618", "z": "0.01798", "deep_score": "U2AF2:5.88, ", "id": "chr2:g.223183229A>C", "size": 10}, {"style": "filled", "gen_chrom": "chr2", "all_ref": "A", "name": "chr2:g.223183229A>G", "color": "orange", "all_alt": "G", "mid": 223183229.0, "gen_start": 223183229, "rsid": "rs562189859", "gen_end": 223183229, "cadd_score": 0.237694, "y": "0.76394", "x": "0.39732", "z": "0.08874", "deep_score": "U2AF2:6.89, ", "id": "chr2:g.223183229A>G", "size": 10}, {"style": "filled", "gen_chrom": "chr2", "all_ref": "T", "name": "chr2:g.222918151T>G", "color": "orange", "all_alt": "G", "mid": 222918151.0, "gen_start": 222918151, "rsid": "rs75839635", "gen_end": 222918151, "cadd_score": 0.028733, "y": "0.28548", "x": "0.52003", "z": "0.94876", "deep_score": "CENPB:3.3, ", "id": "chr2:g.222918151T>G", "size": 10}, {"style": "filled", "gen_chrom": "chr2", "all_ref": "A", "name": "chr2:g.223232959A>G", "color": "orange", "all_alt": "G", "mid": 223232959.0, "gen_start": 223232959, "rsid": "rs182090570", "gen_end": 223232959, "cadd_score": 0.270772, "y": "0.76434", "x": "0.52517", "z": "0.92197", "id": "chr2:g.223232959A>G", "size": 10}, {"style": "filled", "name": "chr2:223155563-223156325", "color": "grey", "mid": 223155944.0, "dist2anchor": 0, "y": "0.71771", "x": "0.08538", "z": "0.67325", "id": "chr2:223155563-223156325", "size": 20}, {"style": "filled", "gen_chrom": "chr2", "all_ref": "C", "name": "chr2:g.223183252C>G", "color": "orange", "all_alt": "G", "mid": 223183252.0, "gen_start": 223183252, "gen_end": 223183252, "cadd_score": 0.019991, "y": "0.70552", "x": "0.36897", "z": "0.05177", "id": "chr2:g.223183252C>G", "size": 10}, {"style": "filled", "gen_chrom": "chr2", "all_ref": "T", "name": "chr2:g.222890409T>G", "color": "orange", "all_alt": "G", "mid": 222890409.0, "gen_start": 222890409, "rsid": "rs115334764", "gen_end": 222890409, "cadd_score": 0.126363, "y": "0.64424", "x": "0.88793", "z": "0.29615", "id": "chr2:g.222890409T>G", "size": 10}, {"style": "filled", "gen_chrom": "chr2", "all_ref": "C", "name": "chr2:g.223183252C>A", "color": "orange", "all_alt": "A", "mid": 223183252.0, "gen_start": 223183252, "gen_end": 223183252, "cadd_score": 0.252524, "y": "0.66607", "x": "0.48232", "z": "0.03731", "id": "chr2:g.223183252C>A", "size": 10}, {"style": "filled", "gen_chrom": "chr2", "all_ref": "A", "name": "chr2:g.222891067A>G", "color": "orange", "all_alt": "G", "mid": 222891067.0, "gen_start": 222891067, "rsid": "rs138547264", "gen_end": 222891067, "cadd_score": -0.175126, "y": "0.37606", "x": "0.74624", "z": "0.1134", "id": "chr2:g.222891067A>G", "size": 10}, {"style": "filled", "gen_chrom": "chr2", "all_ref": "C", "name": "chr2:g.223183252C>T", "color": "orange", "all_alt": "T", "mid": 223183252.0, "gen_start": 223183252, "gen_end": 223183252, "cadd_score": 0.191982, "y": "0.33317", "x": "0.33987", "z": "0.05211", "id": "chr2:g.223183252C>T", "size": 10}, {"style": "filled", "name": "chr2:223297635-223298803", "color": "grey", "mid": 129599.0, "tfbs": "BCL11A,IRF4_(M-17),NANOG_(SC-33759),Oct-2,POU2F2,PU.1,Pol2-4H8,TCF12,USF-1", "y": "0.3777", "x": "0.42086", "z": "0.85371", "id": "chr2:223297635-223298803", "size": 20}, {"style": "filled", "gene": true, "name": "SGPP2: chr2:223288521-223290595", "color": "blue", "mid": 120701, "fpkm": 99.24768, "tfbs": "BATF,CEBPB,CTCF,EBF,EBF1_(C-8),ELF1_(SC-631),Egr-1,NFKB,Oct-2,PAX5-C20,PAX5-N19,POU2F2,Pol2,Pol2-4H8,SRF,STAT3,SUZ12,TAF1,TBP,ZEB1_(SC-25388),Znf143_(16618-1-AP)", "y": "0.39297", "x": "0.45741", "z": "0.6382", "id": "chr2:223288521-223290595", "size": 25}, {"style": "filled", "gen_chrom": "chr2", "all_ref": "G", "name": "chr2:g.223289410G>C", "color": "orange", "all_alt": "C", "mid": 223289410.0, "gen_start": 223289410, "gen_end": 223289410, "cadd_score": -1.078299, "y": "0.57518", "x": "0.94678", "z": "0.59272", "deep_score": "PAX2:8.04, ", "id": "chr2:g.223289410G>C", "size": 10}, {"style": "filled", "name": "chr2:223342397-223343764", "color": "grey", "mid": 174460.5, "tfbs": "NANOG_(SC-33759)", "y": "0.32641", "x": "0.36612", "z": "0.54522", "id": "chr2:223342397-223343764", "size": 20}, {"style": "filled", "gen_chrom": "chr2", "all_ref": "G", "name": "chr2:g.223289515G>C", "color": "orange", "all_alt": "C", "mid": 223289515.0, "gen_start": 223289515, "gen_end": 223289515, "cadd_score": -1.132022, "y": "0.23239", "x": "0.8475", "z": "0.67274", "id": "chr2:g.223289515G>C", "size": 10}, {"style": "filled", "name": "chr2:223154899-223157473", "color": "red", "mid": -12434.0, "tfbs": "BCL3,CTCF,CtBP2,Egr-1,JunD,NANOG_(SC-33759),Rad21,SP1,TBP,TCF12,YY1_(C-20)", "y": "0.47125", "x": "0.21831", "z": "0.54063", "id": "chr2:223154899-223157473", "size": 25}, {"style": "filled", "gen_chrom": "chr2", "all_ref": "T", "name": "chr2:g.222917874T>C", "color": "orange", "all_alt": "C", "mid": 222917874.0, "gen_start": 222917874, "rsid": "rs142380848", "gen_end": 222917874, "cadd_score": 0.118943, "y": "0.24169", "x": "0.59947", "z": "0.90237", "deep_score": "PHOX2B:3.42, PROP1:3.08, ", "id": "chr2:g.222917874T>C", "size": 10}, {"style": "filled", "name": "chr2:222917050-222918715", "color": "green", "mid": -250737.5, "tfbs": "BCL11A,CTCF,CTCF_(SC-5916),JunD,NANOG_(SC-33759),PAX5-C20,Pol2-4H8,RXRA,Rad21,SP1,SUZ12,TCF12,YY1_(C-20)", "y": "0.3661", "x": "0.31916", "z": "0.52511", "id": "chr2:222917050-222918715", "size": 25}, {"style": "filled", "gen_chrom": "chr2", "all_ref": "G", "name": "chr2:g.222890431G>A", "color": "orange", "all_alt": "A", "mid": 222890431.0, "gen_start": 222890431, "rsid": "rs193167399", "gen_end": 222890431, "cadd_score": 0.018533, "y": "0.48996", "x": "0.78445", "z": "0.11642", "deep_score": "CENPB:3.09, ", "id": "chr2:g.222890431G>A", "size": 10}, {"style": "filled", "gen_chrom": "chr2", "all_ref": "G", "name": "chr2:g.222917828G>C", "color": "orange", "all_alt": "C", "mid": 222917828.0, "gen_start": 222917828, "rsid": "rs148810600", "gen_end": 222917828, "cadd_score": -0.114759, "y": "0.15214", "x": "0.58661", "z": "0.83931", "id": "chr2:g.222917828G>C", "size": 10}, {"style": "filled", "name": "chr2:222889124-222891585", "color": "red", "mid": -278265.5, "tfbs": "BCL11A,CTCF,CTCF_(C-20),CTCF_(SC-5916),HDAC2_(SC-6296),JunD,MafK_(ab50322),NANOG_(SC-33759),POU5F1_(SC-9081),Rad21,SP1,Sin3Ak-20,TCF12,USF-1,Znf143_(16618-1-AP)", "y": "0.41533", "x": "0.3647", "z": "0.45316", "id": "chr2:222889124-222891585", "size": 25}, {"style": "filled", "gen_chrom": "chr2", "all_ref": "A", "name": "chr2:g.223342678A>T", "color": "orange", "all_alt": "T", "mid": 223342678.0, "gen_start": 223342678, "rsid": "rs13398445", "gen_end": 223342678, "cadd_score": 0.111372, "y": "0.01827", "x": "0.58299", "z": "0.53006", "id": "chr2:g.223342678A>T", "size": 10}], "links": [{"source": 0, "target": 57, "label": ""}, {"source": 1, "target": 57, "label": ""}, {"source": 2, "target": 51, "label": ""}, {"source": 2, "target": 64, "label": ""}, {"source": 2, "target": 7, "label": ""}, {"source": 2, "target": 17, "label": ""}, {"source": 2, "target": 82, "label": ""}, {"source": 2, "target": 49, "label": ""}, {"source": 2, "target": 76, "label": ""}, {"source": 2, "target": 50, "label": ""}, {"source": 2, "target": 37, "label": ""}, {"source": 3, "target": 80, "label": ""}, {"source": 4, "target": 30, "label": ""}, {"source": 5, "target": 67, "label": ""}, {"source": 6, "target": 59, "label": ""}, {"source": 8, "target": 80, "label": ""}, {"source": 9, "capacity": 1, "target": 12, "weight": 7, "label": 1}, {"source": 9, "capacity": 1, "target": 40, "weight": 2, "label": 1}, {"source": 9, "capacity": 1, "target": 47, "weight": 2, "label": 1}, {"source": 9, "capacity": 1, "target": 81, "weight": 4, "label": 1}, {"source": 9, "capacity": 1, "target": 86, "weight": 7, "label": 1}, {"source": 9, "capacity": 1, "target": 65, "weight": 2, "label": 1}, {"source": 9, "capacity": 1, "target": 107, "weight": 2, "label": 1}, {"source": 9, "capacity": 1, "target": 34, "weight": 3, "label": 1}, {"source": 9, "capacity": 1, "target": 102, "weight": 4, "label": 1}, {"source": 9, "capacity": 1, "target": 36, "weight": 2, "label": 1}, {"source": 9, "capacity": 1, "target": 104, "weight": 3, "label": 1}, {"source": 10, "target": 67, "label": ""}, {"source": 11, "target": 80, "label": ""}, {"source": 12, "capacity": 1, "target": 14, "weight": 7, "label": 1}, {"source": 12, "capacity": 1, "target": 60, "weight": 4, "label": 1}, {"source": 12, "capacity": 1, "target": 104, "weight": 2, "label": 1}, {"source": 12, "capacity": 1, "target": 81, "weight": 9, "label": 1}, {"source": 12, "capacity": 1, "target": 86, "weight": 8, "label": 1}, {"source": 12, "capacity": 1, "target": 107, "weight": 3, "label": 1}, {"source": 12, "capacity": 1, "target": 63, "weight": 3, "label": 1}, {"source": 12, "capacity": 1, "target": 34, "weight": 2, "label": 1}, {"source": 12, "capacity": 1, "target": 102, "weight": 3, "label": 1}, {"source": 12, "capacity": 1, "target": 36, "weight": 3, "label": 1}, {"source": 12, "capacity": 1, "target": 58, "weight": 2, "label": 1}, {"source": 13, "target": 66, "label": ""}, {"source": 14, "capacity": 1, "target": 47, "weight": 2, "label": 1}, {"source": 14, "capacity": 1, "target": 63, "weight": 5, "label": 1}, {"source": 14, "capacity": 1, "target": 17, "weight": 2, "label": 1}, {"source": 14, "capacity": 1, "target": 86, "weight": 8, "label": 1}, {"source": 14, "capacity": 1, "target": 98, "weight": 5, "label": 1}, {"source": 14, "target": 67, "label": ""}, {"source": 14, "capacity": 1, "target": 81, "weight": 7, "label": 1}, {"source": 14, "capacity": 1, "target": 65, "weight": 2, "label": 1}, {"source": 14, "capacity": 1, "target": 107, "weight": 2, "label": 1}, {"source": 14, "capacity": 1, "target": 34, "weight": 8, "label": 1}, {"source": 14, "capacity": 1, "target": 100, "weight": 4, "label": 1}, {"source": 14, "target": 57, "label": ""}, {"source": 14, "capacity": 1, "target": 102, "weight": 3, "label": 1}, {"source": 14, "capacity": 1, "target": 31, "weight": 4, "label": 1}, {"source": 14, "capacity": 1, "target": 24, "weight": 4, "label": 1}, {"source": 14, "capacity": 1, "target": 104, "weight": 4, "label": 1}, {"source": 15, "target": 84, "label": ""}, {"source": 16, "target": 30, "label": ""}, {"source": 17, "capacity": 1, "target": 102, "weight": 2, "label": 1}, {"source": 17, "capacity": 1, "target": 34, "weight": 2, "label": 1}, {"source": 17, "capacity": 1, "target": 81, "weight": 2, "label": 1}, {"source": 18, "target": 30, "label": ""}, {"source": 19, "target": 84, "label": ""}, {"source": 20, "target": 80, "label": ""}, {"source": 21, "target": 74, "label": ""}, {"source": 22, "target": 57, "label": ""}, {"source": 23, "target": 30, "label": ""}, {"source": 24, "capacity": 1, "target": 81, "weight": 3, "label": 1}, {"source": 24, "capacity": 1, "target": 34, "weight": 4, "label": 1}, {"source": 25, "target": 91, "label": ""}, {"source": 26, "target": 80, "label": ""}, {"source": 27, "target": 80, "label": ""}, {"source": 28, "target": 66, "label": ""}, {"source": 29, "target": 80, "label": ""}, {"source": 30, "target": 85, "label": ""}, {"source": 30, "target": 70, "label": ""}, {"source": 30, "target": 61, "label": ""}, {"source": 30, "target": 33, "label": ""}, {"source": 30, "target": 53, "label": ""}, {"source": 30, "target": 98, "label": ""}, {"source": 30, "target": 48, "label": ""}, {"source": 30, "target": 99, "label": ""}, {"source": 30, "target": 54, "label": ""}, {"source": 30, "target": 71, "label": ""}, {"source": 30, "target": 101, "label": ""}, {"source": 31, "capacity": 1, "target": 34, "weight": 3, "label": 1}, {"source": 32, "target": 74, "label": ""}, {"source": 34, "target": 84, "label": ""}, {"source": 34, "capacity": 1, "target": 86, "weight": 2, "label": 1}, {"source": 34, "capacity": 1, "target": 107, "weight": 5, "label": 1}, {"source": 34, "capacity": 1, "target": 81, "weight": 6, "label": 1}, {"source": 34, "capacity": 1, "target": 102, "weight": 2, "label": 1}, {"source": 34, "capacity": 1, "target": 104, "weight": 3, "label": 1}, {"source": 34, "capacity": 1, "target": 58, "weight": 2, "label": 1}, {"source": 35, "target": 67, "label": ""}, {"source": 36, "capacity": 1, "target": 63, "weight": 2, "label": 1}, {"source": 36, "capacity": 1, "target": 81, "weight": 2, "label": 1}, {"source": 36, "capacity": 1, "target": 104, "weight": 2, "label": 1}, {"source": 38, "target": 80, "label": ""}, {"source": 39, "target": 91, "label": ""}, {"source": 40, "capacity": 1, "target": 81, "weight": 3, "label": 1}, {"source": 41, "target": 57, "label": ""}, {"source": 42, "target": 74, "label": ""}, {"source": 43, "target": 57, "label": ""}, {"source": 44, "target": 57, "label": ""}, {"source": 45, "target": 74, "label": ""}, {"source": 46, "target": 57, "label": ""}, {"source": 47, "capacity": 1, "target": 102, "weight": 5, "label": 1}, {"source": 52, "target": 80, "label": ""}, {"source": 55, "target": 67, "label": ""}, {"source": 56, "target": 91, "label": ""}, {"source": 57, "target": 75, "label": ""}, {"source": 57, "target": 92, "label": ""}, {"source": 57, "target": 94, "label": ""}, {"source": 57, "target": 87, "label": ""}, {"source": 57, "target": 88, "label": ""}, {"source": 57, "target": 78, "label": ""}, {"source": 57, "target": 96, "label": ""}, {"source": 58, "capacity": 1, "target": 81, "weight": 4, "label": 1}, {"source": 59, "target": 79, "label": ""}, {"source": 59, "target": 97, "label": ""}, {"source": 60, "capacity": 1, "target": 102, "weight": 3, "label": 1}, {"source": 60, "capacity": 1, "target": 86, "weight": 2, "label": 1}, {"source": 62, "target": 80, "label": ""}, {"source": 63, "capacity": 1, "target": 86, "weight": 2, "label": 1}, {"source": 63, "capacity": 1, "target": 81, "weight": 3, "label": 1}, {"source": 63, "capacity": 1, "target": 107, "weight": 4, "label": 1}, {"source": 66, "target": 100, "label": ""}, {"source": 66, "target": 108, "label": ""}, {"source": 67, "target": 69, "label": ""}, {"source": 67, "target": 72, "label": ""}, {"source": 67, "target": 73, "label": ""}, {"source": 67, "target": 68, "label": ""}, {"source": 67, "target": 90, "label": ""}, {"source": 74, "target": 106, "label": ""}, {"source": 74, "target": 89, "label": ""}, {"source": 74, "target": 103, "label": ""}, {"source": 74, "target": 104, "label": ""}, {"source": 77, "target": 91, "label": ""}, {"source": 80, "target": 105, "label": ""}, {"source": 80, "target": 93, "label": ""}, {"source": 80, "target": 107, "label": ""}, {"source": 80, "target": 83, "label": ""}, {"source": 80, "target": 95, "label": ""}, {"source": 81, "capacity": 1, "target": 107, "weight": 2, "label": 1}, {"source": 81, "capacity": 1, "target": 102, "weight": 4, "label": 1}, {"source": 81, "capacity": 1, "target": 86, "weight": 3, "label": 1}, {"source": 81, "capacity": 1, "target": 104, "weight": 3, "label": 1}, {"source": 86, "capacity": 1, "target": 107, "weight": 3, "label": 1}, {"source": 86, "capacity": 1, "target": 102, "weight": 3, "label": 1}, {"source": 86, "capacity": 1, "target": 104, "weight": 2, "label": 1}, {"source": 91, "target": 102, "label": ""}, {"source": 97, "capacity": 1, "target": 98, "weight": 2, "label": 1}, {"source": 98, "capacity": 1, "target": 100, "weight": 2, "label": 1}, {"source": 100, "capacity": 1, "target": 102, "weight": 2, "label": 1}, {"source": 100, "capacity": 1, "target": 107, "weight": 3, "label": 1}, {"source": 104, "capacity": 1, "target": 107, "weight": 6, "label": 1}], "multigraph": false}