{"directed": false, "graph": {"style": "filled", "data_type": "ChiA-PET", "tissue_type": "Adipose_Visceral_Omentum", "genome_version": "GRCh37.p13", "species": "Homo_Sapiens", "target_gene": "SOX2"}, "nodes": [{"style": "filled", "name": "chr3:181860337-181861633", "color": "red", "mid": 431275.0, "tfbs": "POU5F1_(SC-9081),TCF12", "y": "0.54337", "x": "0.68252", "z": "0.28269", "id": "chr3:181860337-181861633", "size": 25}, {"style": "filled", "name": "chr3:181857737-181858167", "color": "grey", "mid": 428242.0, "dist2anchor": 0, "y": "0.91458", "x": "0.61619", "z": "0.70356", "id": "chr3:181857737-181858167", "size": 20}, {"style": "filled", "name": "chr3:181576934-181578196", "color": "red", "mid": 147855.0, "tfbs": "", "y": "0.46148", "x": "0.5449", "z": "0.46037", "id": "chr3:181576934-181578196", "size": 25}, {"style": "filled", "name": "chr3:181474128-181474915", "color": "grey", "mid": 44811.5, "dist2anchor": 0, "y": "0.42277", "x": "0.35421", "z": "0.12748", "id": "chr3:181474128-181474915", "size": 20}, {"style": "filled", "gene": true, "name": "SOX2: chr3:181425366-181431526", "color": "blue", "mid": 1, "fpkm": 648.6337, "tfbs": "BCL11A,CTCF,CTCF_(C-20),CTCF_(SC-5916),Egr-1,FOXA1_(C-20),HA-E2F1,HDAC2_(SC-6296),Max,NANOG_(SC-33759),NRSF,Pol2,Pol2-4H8,RFX5_(N-494),Rad21,SMC3_(ab9263),SP1,Sin3Ak-20,TAF1,TAF7_(SQ-8),TBP,TCF12,USF-1,USF1_(SC-8983),YY1_(C-20),c-Myc", "y": "0.44101", "x": "0.45411", "z": "0.64334", "id": "chr3:181425366-181431526", "size": 50}, {"style": "filled", "gen_chrom": "chr3", "all_ref": "C", "name": "chr3:g.181428761C>T", "color": "orange", "all_alt": "T", "mid": -949.0, "gen_start": 181428761, "rsid": "rs184910307", "gen_end": 181428761, "cadd_score": 0.988669, "y": "0.46871", "x": "0.97519", "z": "0.70733", "id": "chr3:g.181428761C>T", "size": 10}, {"style": "filled", "gen_chrom": "chr3", "all_ref": "C", "name": "chr3:g.181858047C>T", "color": "orange", "all_alt": "T", "mid": 428337.0, "gen_start": 181858047, "rsid": "rs145352497", "gen_end": 181858047, "cadd_score": 2.00722, "y": "0.95239", "x": "0.55805", "z": "0.73987", "id": "chr3:g.181858047C>T", "size": 10}, {"style": "filled", "name": "chr3:181473333-181476453", "color": "red", "mid": 45183.0, "tfbs": "BCL11A,HDAC2_(SC-6296),NANOG_(SC-33759),POU5F1_(SC-9081),SP1,TCF12,YY1_(C-20),p300", "y": "0.39539", "x": "0.40251", "z": "0.52727", "id": "chr3:181473333-181476453", "size": 25}, {"style": "filled", "gen_chrom": "chr3", "all_ref": "A", "name": "chr3:g.181860824A>G", "color": "orange", "all_alt": "G", "mid": 431114.0, "gen_start": 181860824, "rsid": "rs148530317", "gen_end": 181860824, "cadd_score": 1.089208, "y": "0.80287", "x": "0.77025", "z": "0.17887", "deep_score": "RBFOX1:5.33, ", "id": "chr3:g.181860824A>G", "size": 10}, {"style": "filled", "gen_chrom": "chr3", "all_ref": "C", "name": "chr3:g.181412709C>T", "color": "orange", "all_alt": "T", "mid": -17001.0, "gen_start": 181412709, "rsid": "rs77358050", "gen_end": 181412709, "cadd_score": 0.344162, "y": "0.62287", "x": "0.15544", "z": "0.85766", "id": "chr3:g.181412709C>T", "size": 10}, {"style": "filled", "name": "chr3:181435105-181436160", "color": "red", "mid": 5922.5, "tfbs": "Pol2,Pol2-4H8", "y": "0.4048", "x": "0.24551", "z": "0.62919", "id": "chr3:181435105-181436160", "size": 25}, {"style": "filled", "gen_chrom": "chr3", "all_ref": "A", "name": "chr3:g.181860628A>G", "color": "orange", "all_alt": "G", "mid": 430918.0, "gen_start": 181860628, "rsid": "rs189756584", "gen_end": 181860628, "cadd_score": -0.659698, "y": "0.66432", "x": "0.67551", "z": "0.04931", "id": "chr3:g.181860628A>G", "size": 10}, {"style": "filled", "gene": true, "name": "FLJ46066: chr3:182207859-182209641", "color": "blue", "mid": 774440, "fpkm": 0.0, "tfbs": "CTCF,CTCF_(C-20),CTCF_(SC-5916),FOXA1_(C-20),GATA3_(SC-268),Rad21,SMC3_(ab9263)", "y": "0.73533", "x": "0.47295", "z": "0.57459", "id": "chr3:182207859-182209641", "size": 25}, {"style": "filled", "gen_chrom": "chr3", "all_ref": "G", "name": "chr3:g.182119180G>A", "color": "orange", "all_alt": "A", "mid": 689470.0, "gen_start": 182119180, "rsid": "rs189712868", "gen_end": 182119180, "cadd_score": -0.127432, "y": "0.9492", "x": "0.53132", "z": "0.27212", "deep_score": "KHDRBS1:-3.04, ", "id": "chr3:g.182119180G>A", "size": 10}, {"style": "filled", "gen_chrom": "chr3", "all_ref": "T", "name": "chr3:g.181429095T>G", "color": "orange", "all_alt": "G", "mid": -615.0, "gen_start": 181429095, "rsid": "rs112714090", "gen_end": 181429095, "cadd_score": 0.467925, "y": "0.69892", "x": "0.96163", "z": "0.61472", "id": "chr3:g.181429095T>G", "size": 10}, {"style": "filled", "gen_chrom": "chr3", "all_ref": "C", "name": "chr3:g.182045263C>T", "color": "orange", "all_alt": "T", "mid": 615553.0, "gen_start": 182045263, "rsid": "rs78974688", "gen_end": 182045263, "cadd_score": 0.522108, "y": "0.01366", "x": "0.64113", "z": "0.47329", "id": "chr3:g.182045263C>T", "size": 10}, {"style": "filled", "gen_chrom": "chr3", "all_ref": "G", "name": "chr3:g.181956230G>C", "color": "orange", "all_alt": "C", "mid": 526520.0, "gen_start": 181956230, "rsid": "rs187147767", "gen_end": 181956230, "cadd_score": 1.27154, "y": "0.1631", "x": "0.74567", "z": "0.80218", "id": "chr3:g.181956230G>C", "size": 10}, {"style": "filled", "name": "chr3:181857233-181858583", "color": "grey", "mid": 428198.0, "tfbs": "BCL11A,CTCF,HDAC2_(SC-6296),JunD,NANOG_(SC-33759),POU5F1_(SC-9081),TCF12", "y": "0.61203", "x": "0.49868", "z": "0.6842", "id": "chr3:181857233-181858583", "size": 20}, {"style": "filled", "gen_chrom": "chr3", "all_ref": "C", "name": "chr3:g.182045082C>T", "color": "orange", "all_alt": "T", "mid": 615372.0, "gen_start": 182045082, "rsid": "rs75166362", "gen_end": 182045082, "cadd_score": 1.336642, "gtex_eqtl_pval": 0.221238, "y": "0.0", "x": "0.52484", "z": "0.6088", "id": "chr3:g.182045082C>T", "size": 10}, {"style": "filled", "name": "chr3:182400046-182400989", "color": "grey", "mid": 970807.5, "dist2anchor": 0, "y": "0.52885", "x": "0.0725", "z": "0.47569", "id": "chr3:182400046-182400989", "size": 20}, {"style": "filled", "gen_chrom": "chr3", "all_ref": "C", "name": "chr3:g.181500743C>T", "color": "orange", "all_alt": "T", "mid": 71033.0, "gen_start": 181500743, "rsid": "rs191071316", "gen_end": 181500743, "cadd_score": 0.222933, "y": "0.27413", "x": "0.82235", "z": "0.17522", "deep_score": "ELF1:3.59, ", "id": "chr3:g.181500743C>T", "size": 10}, {"style": "filled", "name": "chr3:181944297-181945611", "color": "grey", "mid": 515244.0, "tfbs": "CTCF,CTCF_(SC-5916),Rad21", "y": "0.3024", "x": "0.56565", "z": "0.81325", "id": "chr3:181944297-181945611", "size": 20}, {"style": "filled", "gen_chrom": "chr3", "all_ref": "C", "name": "chr3:g.181500158C>A", "color": "orange", "all_alt": "A", "mid": 70448.0, "gen_start": 181500158, "rsid": "rs73884645", "gen_end": 181500158, "cadd_score": 0.448305, "gtex_eqtl_pval": 0.439951, "y": "0.25384", "x": "0.14546", "z": "0.76346", "id": "chr3:g.181500158C>A", "size": 10}, {"style": "filled", "name": "chr3:182218028-182218548", "color": "grey", "mid": 788578.0, "dist2anchor": 0, "y": "0.86377", "x": "0.18333", "z": "0.34383", "id": "chr3:182218028-182218548", "size": 20}, {"style": "filled", "name": "chr3:181612068-181613164", "color": "green", "mid": 182906.0, "tfbs": "CTCF,CTCF_(SC-5916),Rad21", "y": "0.32884", "x": "0.44162", "z": "0.6606", "id": "chr3:181612068-181613164", "size": 25}, {"style": "filled", "gen_chrom": "chr3", "all_ref": "C", "name": "chr3:g.181428309C>T", "color": "orange", "all_alt": "T", "mid": -1401.0, "gen_start": 181428309, "rsid": "rs147389341", "gen_end": 181428309, "cadd_score": 2.493273, "y": "0.44038", "x": "0.92838", "z": "0.78791", "id": "chr3:g.181428309C>T", "size": 10}, {"style": "filled", "name": "chr3:181500427-181500783", "color": "grey", "mid": 70895.0, "dist2anchor": 23975, "y": "0.26299", "x": "0.76348", "z": "0.33066", "id": "chr3:181500427-181500783", "size": 20}, {"style": "filled", "gen_chrom": "chr3", "all_ref": "G", "name": "chr3:g.181930438G>A", "color": "orange", "all_alt": "A", "mid": 500728.0, "gen_start": 181930438, "rsid": "rs149111847", "gen_end": 181930438, "cadd_score": 0.714831, "y": "0.2285", "x": "0.21566", "z": "0.18037", "id": "chr3:g.181930438G>A", "size": 10}, {"style": "filled", "gen_chrom": "chr3", "all_ref": "T", "name": "chr3:g.181500715T>A", "color": "orange", "all_alt": "A", "mid": 71005.0, "gen_start": 181500715, "rsid": "rs143752029", "gen_end": 181500715, "cadd_score": 0.311371, "y": "0.33585", "x": "0.92962", "z": "0.26797", "id": "chr3:g.181500715T>A", "size": 10}, {"style": "filled", "gene": true, "name": "U6: chr3:180927542-180929004", "color": "blue", "mid": -480186, "fpkm": 0.0, "tfbs": "CTCF,CTCF_(C-20),CTCF_(SC-5916),Rad21", "y": "0.5703", "x": "0.33433", "z": "0.74597", "id": "chr3:180927542-180929004", "size": 25}, {"style": "filled", "name": "chr3:181428192-181429786", "color": "grey", "mid": -721.0, "dist2anchor": 0, "y": "0.57969", "x": "0.85452", "z": "0.73487", "id": "chr3:181428192-181429786", "size": 20}, {"style": "filled", "gen_chrom": "chr3", "all_ref": "T", "name": "chr3:g.181429017T>C", "color": "orange", "all_alt": "C", "mid": -693.0, "gen_start": 181429017, "rsid": "rs148602532", "gen_end": 181429017, "cadd_score": 0.435362, "y": "0.62908", "x": "0.89984", "z": "0.80687", "id": "chr3:g.181429017T>C", "size": 10}, {"style": "filled", "gene": true, "name": "SOX2-OT: chr3:181326648-181328707", "color": "blue", "mid": -101589, "fpkm": 0.0, "tfbs": "JunD,SP1", "y": "0.43595", "x": "0.45037", "z": "0.79016", "id": "chr3:181326648-181328707", "size": 25}, {"style": "filled", "name": "chr3:181632911-181633952", "color": "grey", "mid": 203721.5, "tfbs": "GATA-2", "y": "0.38413", "x": "0.18926", "z": "0.73044", "id": "chr3:181632911-181633952", "size": 20}, {"style": "filled", "name": "chr3:182109475-182111135", "color": "grey", "mid": 680595.0, "tfbs": "CTCF,CTCF_(C-20),CTCF_(SC-5916),Rad21", "y": "0.68218", "x": "0.43151", "z": "0.54887", "id": "chr3:182109475-182111135", "size": 20}, {"style": "filled", "name": "chr3:181930227-181930653", "color": "grey", "mid": 500730.0, "dist2anchor": 0, "y": "0.13339", "x": "0.29069", "z": "0.23855", "id": "chr3:181930227-181930653", "size": 20}, {"style": "filled", "gene": true, "name": "JA611300: chr3:181416708-181421117", "color": "blue", "mid": -16074, "fpkm": 0.0, "tfbs": "CEBPB,CTCF,CTCFL_(SC-98982),CTCF_(C-20),CTCF_(SC-5916),ELF1_(SC-631),JunD,Nrf1,Rad21,SMC3_(ab9263),SP1,STAT3,TBP,YY1_(C-20),Znf143_(16618-1-AP)", "y": "0.48242", "x": "0.38481", "z": "0.70048", "id": "chr3:181416708-181421117", "size": 25}, {"style": "filled", "gen_chrom": "chr3", "all_ref": "T", "name": "chr3:g.181474629T>C", "color": "orange", "all_alt": "C", "mid": 44919.0, "gen_start": 181474629, "rsid": "rs186495167", "gen_end": 181474629, "cadd_score": 1.487228, "y": "0.37652", "x": "0.42417", "z": "0.01324", "id": "chr3:g.181474629T>C", "size": 10}, {"style": "filled", "gen_chrom": "chr3", "all_ref": "G", "name": "chr3:g.181473852G>A", "color": "orange", "all_alt": "A", "mid": 44142.0, "gen_start": 181473852, "rsid": "rs75901046", "gen_end": 181473852, "cadd_score": 0.249487, "y": "0.21562", "x": "0.08892", "z": "0.49204", "id": "chr3:g.181473852G>A", "size": 10}, {"style": "filled", "name": "chr3:181929961-181930981", "color": "red", "mid": 500761.0, "tfbs": "CEBPB,FOSL2,FOXA1_(C-20),FOXA1_(SC-101058),FOXA2_(SC-6554),GATA3_(SC-268),GTF2F1_(RAP-74),JunD,KAP1,Pol2-4H8,STAT3,TCF12,TCF4,c-Fos,c-Jun,eGFP-FOS,p300,p300_(N-15)", "y": "0.25674", "x": "0.38183", "z": "0.46085", "id": "chr3:181929961-181930981", "size": 25}, {"style": "filled", "name": "chr3:181955983-181956314", "color": "grey", "mid": 526438.5, "dist2anchor": 10373, "y": "0.21341", "x": "0.68599", "z": "0.883", "id": "chr3:181955983-181956314", "size": 20}, {"style": "filled", "name": "chr3:181657900-181659735", "color": "red", "mid": 229107.5, "tfbs": "NANOG_(SC-33759),POU5F1_(SC-9081)", "y": "0.52392", "x": "0.27603", "z": "0.50411", "id": "chr3:181657900-181659735", "size": 25}, {"style": "filled", "gen_chrom": "chr3", "all_ref": "C", "name": "chr3:g.181500498C>T", "color": "orange", "all_alt": "T", "mid": 70788.0, "gen_start": 181500498, "rsid": "rs6808192", "gen_end": 181500498, "cadd_score": 0.398563, "y": "0.16382", "x": "0.77521", "z": "0.22952", "id": "chr3:g.181500498C>T", "size": 10}, {"style": "filled", "gen_chrom": "chr3", "all_ref": "C", "name": "chr3:g.182400861C>T", "color": "orange", "all_alt": "T", "mid": 971151.0, "gen_start": 182400861, "rsid": "rs192972467", "gen_end": 182400861, "cadd_score": 0.669479, "y": "0.57772", "x": "0.00597", "z": "0.42693", "id": "chr3:g.182400861C>T", "size": 10}, {"style": "filled", "gen_chrom": "chr3", "all_ref": "A", "name": "chr3:g.181860751A>G", "color": "orange", "all_alt": "G", "mid": 431041.0, "gen_start": 181860751, "rsid": "rs191432939", "gen_end": 181860751, "cadd_score": 0.74792, "y": "0.58449", "x": "0.80197", "z": "0.08766", "id": "chr3:g.181860751A>G", "size": 10}, {"style": "filled", "gen_chrom": "chr3", "all_ref": "C", "name": "chr3:g.181413380C>T", "color": "orange", "all_alt": "T", "mid": -16330.0, "gen_start": 181413380, "rsid": "rs187969838", "gen_end": 181413380, "cadd_score": 0.921846, "y": "0.70938", "x": "0.27555", "z": "0.91111", "id": "chr3:g.181413380C>T", "size": 10}, {"style": "filled", "name": "chr3:181101609-181101913", "color": "grey", "mid": -327949.0, "dist2anchor": 55811, "y": "0.47855", "x": "0.37788", "z": "0.98841", "id": "chr3:181101609-181101913", "size": 20}, {"style": "filled", "name": "chr3:181432161-181434526", "color": "red", "mid": 3633.5, "tfbs": "BCL11A,FOXA1_(C-20),GATA3_(SC-268),JunD,NANOG_(SC-33759),POU5F1_(SC-9081),Pol2,Sin3Ak-20,TAF1,TAF7_(SQ-8),TBP,USF-1,c-Jun", "y": "0.40539", "x": "0.35958", "z": "0.68798", "id": "chr3:181432161-181434526", "size": 25}, {"style": "filled", "gen_chrom": "chr3", "all_ref": "T", "name": "chr3:g.181412919T>C", "color": "orange", "all_alt": "C", "grasp_pmid": "20339536,20453842,", "mid": -16791.0, "gen_start": 181412919, "id": "chr3:g.181412919T>C", "rsid": "rs7643765", "gen_end": 181412919, "cadd_score": 0.236641, "grasp_pheno": "Response_to_statin_treatment_(simvastatin,_,_pravastatin,_,_atorvastatin),_,_change_in_cholesterol_levels,_,_Rheumatoid_arthritis,", "y": "0.81099", "x": "0.28804", "z": "0.85073", "gtex_eqtl_pval": 0.132448, "size": 10}, {"style": "filled", "gen_chrom": "chr3", "all_ref": "A", "name": "chr3:g.181474406A>G", "color": "orange", "all_alt": "G", "mid": 44696.0, "gen_start": 181474406, "rsid": "rs138732410", "gen_end": 181474406, "cadd_score": 1.735264, "y": "0.55572", "x": "0.36873", "z": "0.01198", "id": "chr3:g.181474406A>G", "size": 10}, {"style": "filled", "gen_chrom": "chr3", "all_ref": "A", "name": "chr3:g.181428606A>G", "color": "orange", "all_alt": "G", "mid": -1104.0, "gen_start": 181428606, "rsid": "rs7626501", "gen_end": 181428606, "cadd_score": 1.126081, "y": "0.70471", "x": "0.82324", "z": "0.84806", "deep_score": "NFAT5:3.7, ", "id": "chr3:g.181428606A>G", "size": 10}, {"style": "filled", "gen_chrom": "chr3", "all_ref": "T", "name": "chr3:g.182119115T>A", "color": "orange", "all_alt": "A", "mid": 689405.0, "gen_start": 182119115, "rsid": "rs140780834", "gen_end": 182119115, "cadd_score": -0.222427, "y": "0.9048", "x": "0.43187", "z": "0.19838", "deep_score": "EOMES:3.41, ", "id": "chr3:g.182119115T>A", "size": 10}, {"style": "filled", "gen_chrom": "chr3", "all_ref": "G", "name": "chr3:g.181500538G>A", "color": "orange", "all_alt": "A", "mid": 70828.0, "gen_start": 181500538, "rsid": "rs148993062", "gen_end": 181500538, "cadd_score": 0.131353, "y": "0.17589", "x": "0.87307", "z": "0.37299", "id": "chr3:g.181500538G>A", "size": 10}, {"style": "filled", "gen_chrom": "chr3", "all_ref": "C", "name": "chr3:g.181474334C>T", "color": "orange", "all_alt": "T", "mid": 44624.0, "gen_start": 181474334, "rsid": "rs150209445", "gen_end": 181474334, "cadd_score": 1.984729, "y": "0.54269", "x": "0.2615", "z": "0.05478", "id": "chr3:g.181474334C>T", "size": 10}, {"style": "filled", "gen_chrom": "chr3", "all_ref": "T", "name": "chr3:g.181500748T>G", "color": "orange", "all_alt": "G", "mid": 71038.0, "gen_start": 181500748, "rsid": "rs116218302", "gen_end": 181500748, "cadd_score": 0.073615, "y": "0.28177", "x": "0.94641", "z": "0.3662", "deep_score": "ELF1:3.71, ", "id": "chr3:g.181500748T>G", "size": 10}, {"style": "filled", "gen_chrom": "chr3", "all_ref": "G", "name": "chr3:g.181428905G>A", "color": "orange", "all_alt": "A", "mid": -805.0, "gen_start": 181428905, "rsid": "rs144884537", "gen_end": 181428905, "cadd_score": 0.691406, "y": "0.59054", "x": "0.81351", "z": "0.89639", "id": "chr3:g.181428905G>A", "size": 10}, {"style": "filled", "gen_chrom": "chr3", "all_ref": "C", "name": "chr3:g.181500526C>G", "color": "orange", "all_alt": "G", "mid": 70816.0, "gen_start": 181500526, "rsid": "rs186153636", "gen_end": 181500526, "cadd_score": 0.733466, "y": "0.23736", "x": "0.8781", "z": "0.26919", "id": "chr3:g.181500526C>G", "size": 10}, {"style": "filled", "name": "chr3:182338012-182340384", "color": "grey", "mid": 909488.0, "tfbs": "CTCF,CTCF_(C-20),CTCF_(SC-5916),Rad21", "y": "0.58443", "x": "0.45472", "z": "0.60482", "id": "chr3:182338012-182340384", "size": 20}, {"style": "filled", "name": "chr3:182002098-182003407", "color": "grey", "mid": 573042.5, "tfbs": "ERalpha_a,FOXA1_(C-20),FOXA1_(SC-101058),GATA3_(SC-268),HA-E2F1,TCF12,p300", "y": "0.41046", "x": "0.51826", "z": "0.64069", "id": "chr3:182002098-182003407", "size": 20}, {"style": "filled", "gen_chrom": "chr3", "all_ref": "T", "name": "chr3:g.181428894T>G", "color": "orange", "all_alt": "G", "mid": -816.0, "gen_start": 181428894, "rsid": "rs185326201", "gen_end": 181428894, "cadd_score": 0.677564, "y": "0.60681", "x": "0.98774", "z": "0.64218", "id": "chr3:g.181428894T>G", "size": 10}, {"style": "filled", "gen_chrom": "chr3", "all_ref": "A", "name": "chr3:g.181860990A>G", "color": "orange", "all_alt": "G", "mid": 431280.0, "gen_start": 181860990, "rsid": "rs142824049", "gen_end": 181860990, "cadd_score": -0.460306, "y": "0.55306", "x": "0.7328", "z": "0.04715", "id": "chr3:g.181860990A>G", "size": 10}, {"style": "filled", "gen_chrom": "chr3", "all_ref": "G", "name": "chr3:g.181412820G>A", "color": "orange", "all_alt": "A", "mid": -16890.0, "gen_start": 181412820, "rsid": "rs182546480", "gen_end": 181412820, "cadd_score": 0.145372, "y": "0.79078", "x": "0.15515", "z": "0.74522", "id": "chr3:g.181412820G>A", "size": 10}, {"style": "filled", "gen_chrom": "chr3", "all_ref": "G", "name": "chr3:g.181428839G>A", "color": "orange", "all_alt": "A", "mid": -871.0, "gen_start": 181428839, "rsid": "rs193128738", "gen_end": 181428839, "cadd_score": 0.800974, "y": "0.51231", "x": "0.88806", "z": "0.84547", "id": "chr3:g.181428839G>A", "size": 10}, {"style": "filled", "gen_chrom": "chr3", "all_ref": "C", "name": "chr3:g.181473997C>T", "color": "orange", "all_alt": "T", "mid": 44287.0, "gen_start": 181473997, "rsid": "rs188173187", "gen_end": 181473997, "cadd_score": 0.337241, "y": "0.09915", "x": "0.20263", "z": "0.56795", "id": "chr3:g.181473997C>T", "size": 10}, {"style": "filled", "gen_chrom": "chr3", "all_ref": "G", "name": "chr3:g.181930474G>A", "color": "orange", "all_alt": "A", "mid": 500764.0, "gen_start": 181930474, "rsid": "rs56247000", "gen_end": 181930474, "cadd_score": -0.271349, "gtex_eqtl_pval": 0.963465, "y": "0.16113", "x": "0.36155", "z": "0.15038", "id": "chr3:g.181930474G>A", "size": 10}, {"style": "filled", "name": "chr3:181436648-181438841", "color": "red", "mid": 8034.5, "tfbs": "Pol2,TAL1_(SC-12984)", "y": "0.31959", "x": "0.3682", "z": "0.72511", "id": "chr3:181436648-181438841", "size": 25}, {"style": "filled", "name": "chr3:181412682-181413438", "color": "grey", "mid": -16650.0, "dist2anchor": 3271, "y": "0.71734", "x": "0.20179", "z": "0.7987", "id": "chr3:181412682-181413438", "size": 20}, {"style": "filled", "gen_chrom": "chr3", "all_ref": "A", "name": "chr3:g.182045429A>T", "color": "orange", "all_alt": "T", "grasp_pmid": "20383146", "mid": 615719.0, "gen_start": 182045429, "rsid": "rs7631783", "gen_end": 182045429, "cadd_score": 0.947478, "grasp_pheno": "Chronic_kidney_disease_(CKD)_and_renal_traits", "y": "0.04089", "x": "0.55802", "z": "0.71786", "id": "chr3:g.182045429A>T", "size": 10}, {"style": "filled", "gen_chrom": "chr3", "all_ref": "C", "name": "chr3:g.182118912C>T", "color": "orange", "all_alt": "T", "mid": 689202.0, "gen_start": 182118912, "rsid": "rs184390535", "gen_end": 182118912, "cadd_score": -0.231826, "y": "1.0", "x": "0.43435", "z": "0.41369", "id": "chr3:g.182118912C>T", "size": 10}, {"style": "filled", "gen_chrom": "chr3", "all_ref": "G", "name": "chr3:g.181474729G>T", "color": "orange", "all_alt": "T", "mid": 45019.0, "gen_start": 181474729, "rsid": "rs143625673", "gen_end": 181474729, "cadd_score": 1.550568, "y": "0.42698", "x": "0.2548", "z": "0.0629", "deep_score": "GBX1:4.44, ", "id": "chr3:g.181474729G>T", "size": 10}, {"style": "filled", "gen_chrom": "chr3", "all_ref": "A", "name": "chr3:g.181413306A>T", "color": "orange", "all_alt": "T", "mid": -16404.0, "gen_start": 181413306, "rsid": "rs114212749", "gen_end": 181413306, "cadd_score": 0.092402, "y": "0.7809", "x": "0.11323", "z": "0.6704", "deep_score": "SRSF1:4.39, SRSF1:3.43, ", "id": "chr3:g.181413306A>T", "size": 10}, {"style": "filled", "name": "chr3:182118704-182119271", "color": "grey", "mid": 689277.5, "dist2anchor": 7570, "y": "0.92921", "x": "0.42172", "z": "0.33905", "id": "chr3:182118704-182119271", "size": 20}, {"style": "filled", "gen_chrom": "chr3", "all_ref": "C", "name": "chr3:g.181473971C>T", "color": "orange", "all_alt": "T", "mid": 44261.0, "gen_start": 181473971, "rsid": "rs183532738", "gen_end": 181473971, "cadd_score": 0.580937, "y": "0.18203", "x": "0.12693", "z": "0.38634", "id": "chr3:g.181473971C>T", "size": 10}, {"style": "filled", "gen_chrom": "chr3", "all_ref": "C", "name": "chr3:g.182118906C>T", "color": "orange", "all_alt": "T", "mid": 689196.0, "gen_start": 182118906, "rsid": "rs150973710", "gen_end": 182118906, "cadd_score": -0.155172, "y": "0.89928", "x": "0.32897", "z": "0.23622", "id": "chr3:g.182118906C>T", "size": 10}, {"style": "filled", "gen_chrom": "chr3", "all_ref": "A", "name": "chr3:g.181860644A>T", "color": "orange", "all_alt": "T", "mid": 430934.0, "gen_start": 181860644, "rsid": "rs186645721", "gen_end": 181860644, "cadd_score": -1.048839, "y": "0.76226", "x": "0.70403", "z": "0.1044", "deep_score": "PABPN1:7.9, SART3:6.17, ", "id": "chr3:g.181860644A>T", "size": 10}, {"style": "filled", "gen_chrom": "chr3", "all_ref": "G", "name": "chr3:g.181861036G>A", "color": "orange", "all_alt": "A", "mid": 431326.0, "gen_start": 181861036, "rsid": "rs151035728", "gen_end": 181861036, "cadd_score": 0.823602, "y": "0.56098", "x": "0.87097", "z": "0.1538", "id": "chr3:g.181861036G>A", "size": 10}, {"style": "filled", "gen_chrom": "chr3", "all_ref": "A", "name": "chr3:g.181860995A>G", "color": "orange", "all_alt": "G", "mid": 431285.0, "gen_start": 181860995, "rsid": "rs188487743", "gen_end": 181860995, "cadd_score": -0.302027, "y": "0.76403", "x": "0.85411", "z": "0.23045", "id": "chr3:g.181860995A>G", "size": 10}, {"style": "filled", "gen_chrom": "chr3", "all_ref": "T", "name": "chr3:g.181428892T>A", "color": "orange", "all_alt": "A", "mid": -818.0, "gen_start": 181428892, "rsid": "rs149885815", "gen_end": 181428892, "cadd_score": 0.666243, "y": "0.76119", "x": "0.86799", "z": "0.74886", "id": "chr3:g.181428892T>A", "size": 10}, {"style": "filled", "gen_chrom": "chr3", "all_ref": "A", "name": "chr3:g.181858084A>G", "color": "orange", "all_alt": "G", "mid": 428374.0, "gen_start": 181858084, "rsid": "rs192624168", "gen_end": 181858084, "cadd_score": 1.966674, "y": "0.95407", "x": "0.71062", "z": "0.6138", "id": "chr3:g.181858084A>G", "size": 10}, {"style": "filled", "gene": true, "name": "7SK,BC036236: chr3:181665206-181666976", "color": "blue", "mid": 256536, "fpkm": 0.0, "tfbs": "CTCF,CTCF_(C-20),CTCF_(SC-5916),ERalpha_a,GATA-2,GATA3_(SC-268),Rad21", "y": "0.48986", "x": "0.31705", "z": "0.88752", "id": "chr3:181665206-181666976", "size": 25}, {"style": "filled", "gen_chrom": "chr3", "all_ref": "T", "name": "chr3:g.182218386T>C", "color": "orange", "all_alt": "C", "mid": 788676.0, "gen_start": 182218386, "rsid": "rs141034192", "gen_end": 182218386, "cadd_score": 1.156871, "y": "0.92722", "x": "0.2828", "z": "0.32718", "deep_score": "HSFY2:3.84, ", "id": "chr3:g.182218386T>C", "size": 10}, {"style": "filled", "gen_chrom": "chr3", "all_ref": "T", "name": "chr3:g.181955986T>C", "color": "orange", "all_alt": "C", "mid": 526276.0, "gen_start": 181955986, "rsid": "rs182867518", "gen_end": 181955986, "cadd_score": 1.368069, "y": "0.27834", "x": "0.7578", "z": "0.89175", "deep_score": "HuR:3.24, ", "id": "chr3:g.181955986T>C", "size": 10}, {"style": "filled", "name": "chr3:181975285-181978200", "color": "green", "mid": 547032.5, "tfbs": "CTCF,CTCF_(C-20),CTCF_(SC-5916),FOXA1_(C-20),Rad21,SMC3_(ab9263),STAT3,TBP", "y": "0.45519", "x": "0.45428", "z": "0.70457", "id": "chr3:181975285-181978200", "size": 25}, {"style": "filled", "gen_chrom": "chr3", "all_ref": "G", "name": "chr3:g.182044946G>A", "color": "orange", "all_alt": "A", "mid": 615236.0, "gen_start": 182044946, "rsid": "rs73884196", "gen_end": 182044946, "cadd_score": 1.813847, "gtex_eqtl_pval": 0.526843, "y": "0.06003", "x": "0.74739", "z": "0.56811", "id": "chr3:g.182044946G>A", "size": 10}, {"style": "filled", "gen_chrom": "chr3", "all_ref": "A", "name": "chr3:g.182045333A>G", "color": "orange", "all_alt": "G", "mid": 615623.0, "gen_start": 182045333, "rsid": "rs183754246", "gen_end": 182045333, "cadd_score": 0.224619, "y": "0.00621", "x": "0.6295", "z": "0.56362", "id": "chr3:g.182045333A>G", "size": 10}, {"style": "filled", "name": "chr3:182044872-182045515", "color": "grey", "mid": 615483.5, "dist2anchor": 41466, "y": "0.08072", "x": "0.62104", "z": "0.62257", "id": "chr3:182044872-182045515", "size": 20}, {"style": "filled", "gen_chrom": "chr3", "all_ref": "A", "name": "chr3:g.181474896A>G", "color": "orange", "all_alt": "G", "mid": 45186.0, "gen_start": 181474896, "rsid": "rs138203103", "gen_end": 181474896, "cadd_score": 1.486981, "y": "0.30208", "x": "0.43035", "z": "0.04763", "id": "chr3:g.181474896A>G", "size": 10}, {"style": "filled", "gen_chrom": "chr3", "all_ref": "G", "name": "chr3:g.181413035G>A", "color": "orange", "all_alt": "A", "grasp_pmid": "20339536,20453842,", "mid": -16675.0, "gen_start": 181413035, "id": "chr3:g.181413035G>A", "rsid": "rs7632216", "gen_end": 181413035, "cadd_score": 0.265089, "grasp_pheno": "Response_to_statin_treatment_(simvastatin,_,_pravastatin,_,_atorvastatin),_,_change_in_cholesterol_levels,_,_Rheumatoid_arthritis,", "y": "0.86434", "x": "0.23911", "z": "0.75225", "gtex_eqtl_pval": 0.131403, "size": 10}, {"style": "filled", "gen_chrom": "chr3", "all_ref": "G", "name": "chr3:g.181857899G>C", "color": "orange", "all_alt": "C", "mid": 428189.0, "gen_start": 181857899, "rsid": "rs73884842", "gen_end": 181857899, "cadd_score": 1.593451, "y": "0.99364", "x": "0.61464", "z": "0.58197", "id": "chr3:g.181857899G>C", "size": 10}, {"style": "filled", "name": "chr3:182217626-182218870", "color": "red", "mid": 788538.0, "tfbs": "BCL11A,NANOG_(SC-33759),TCF12,YY1,YY1_(C-20),p300", "y": "0.69758", "x": "0.15937", "z": "0.40062", "id": "chr3:182217626-182218870", "size": 25}, {"style": "filled", "gen_chrom": "chr3", "all_ref": "G", "name": "chr3:g.182400898G>A", "color": "orange", "all_alt": "A", "mid": 971188.0, "gen_start": 182400898, "rsid": "rs114581980", "gen_end": 182400898, "cadd_score": 0.70561, "y": "0.44296", "x": "0.0302", "z": "0.34808", "id": "chr3:g.182400898G>A", "size": 10}, {"style": "filled", "gen_chrom": "chr3", "all_ref": "G", "name": "chr3:g.181473992G>A", "color": "orange", "all_alt": "A", "mid": 44282.0, "gen_start": 181473992, "rsid": "rs76673861", "gen_end": 181473992, "cadd_score": 0.193175, "y": "0.05899", "x": "0.2613", "z": "0.44356", "id": "chr3:g.181473992G>A", "size": 10}, {"style": "filled", "name": "chr3:181970061-181971039", "color": "grey", "mid": 540840.0, "tfbs": "CEBPB", "y": "0.38727", "x": "0.47929", "z": "0.91816", "id": "chr3:181970061-181971039", "size": 20}, {"style": "filled", "name": "chr3:181473828-181474058", "color": "grey", "mid": 44233.0, "dist2anchor": 0, "y": "0.15751", "x": "0.19664", "z": "0.47397", "id": "chr3:181473828-181474058", "size": 20}, {"style": "filled", "name": "chr3:181860620-181861125", "color": "grey", "mid": 431162.5, "dist2anchor": 0, "y": "0.67201", "x": "0.79699", "z": "0.12453", "id": "chr3:181860620-181861125", "size": 20}, {"style": "filled", "gen_chrom": "chr3", "all_ref": "C", "name": "chr3:g.181930531C>T", "color": "orange", "all_alt": "T", "mid": 500821.0, "gen_start": 181930531, "rsid": "rs190063271", "gen_end": 181930531, "cadd_score": 1.465999, "y": "0.08064", "x": "0.34863", "z": "0.27501", "deep_score": "A1CF:3.57, ", "id": "chr3:g.181930531C>T", "size": 10}, {"style": "filled", "name": "chr3:181442823-181449326", "color": "red", "mid": 16364.5, "tfbs": "CTCF,CTCF_(SC-5916),E2F6_(H-50),FOXA1_(C-20),FOXA1_(SC-101058),FOXA2_(SC-6554),GATA-2,Max,NANOG_(SC-33759),Rad21,TCF4,USF-1,USF2", "y": "0.44412", "x": "0.37139", "z": "0.62298", "id": "chr3:181442823-181449326", "size": 25}, {"style": "filled", "gen_chrom": "chr3", "all_ref": "G", "name": "chr3:g.181428815G>A", "color": "orange", "all_alt": "A", "mid": -895.0, "gen_start": 181428815, "rsid": "rs188179465", "gen_end": 181428815, "cadd_score": 0.631356, "y": "0.70689", "x": "0.93202", "z": "0.70303", "id": "chr3:g.181428815G>A", "size": 10}, {"style": "filled", "gen_chrom": "chr3", "all_ref": "A", "name": "chr3:g.181474594A>G", "color": "orange", "all_alt": "G", "mid": 44884.0, "gen_start": 181474594, "rsid": "rs149337551", "gen_end": 181474594, "cadd_score": 1.666063, "y": "0.46593", "x": "0.40687", "z": "0.0", "deep_score": "SOX10:3.44, ", "id": "chr3:g.181474594A>G", "size": 10}, {"style": "filled", "name": "chr3:181043848-181045799", "color": "grey", "mid": -384886.5, "tfbs": "CTCF,CTCF_(C-20),CTCF_(SC-5916),Rad21,SMC3_(ab9263),Znf143_(16618-1-AP)", "y": "0.50876", "x": "0.38371", "z": "0.76325", "id": "chr3:181043848-181045799", "size": 20}, {"style": "filled", "gen_chrom": "chr3", "all_ref": "G", "name": "chr3:g.182400404G>A", "color": "orange", "all_alt": "A", "mid": 970694.0, "gen_start": 182400404, "rsid": "rs188073734", "gen_end": 182400404, "cadd_score": 0.686125, "y": "0.56658", "x": "0.03181", "z": "0.32195", "id": "chr3:g.182400404G>A", "size": 10}, {"style": "filled", "name": "chr3:182335024-182337249", "color": "grey", "mid": 906426.5, "tfbs": "CTCF,CTCF_(C-20),CTCF_(SC-5916),GATA3_(SC-268),Rad21,SMC3_(ab9263),p300", "y": "0.53156", "x": "0.45234", "z": "0.62683", "id": "chr3:182335024-182337249", "size": 20}, {"style": "filled", "gen_chrom": "chr3", "all_ref": "A", "name": "chr3:g.181413171A>G", "color": "orange", "all_alt": "G", "mid": -16539.0, "gen_start": 181413171, "rsid": "rs13060544", "gen_end": 181413171, "cadd_score": 0.581756, "gtex_eqtl_pval": 0.110201, "y": "0.66063", "x": "0.08639", "z": "0.739", "id": "chr3:g.181413171A>G", "size": 10}, {"style": "filled", "name": "chr3:182399542-182402283", "color": "green", "mid": 971202.5, "tfbs": "CTCF,CTCFL_(SC-98982),CTCF_(C-20),CTCF_(SC-5916),E2F6_(H-50),EBF1_(C-8),ELF1_(SC-631),Egr-1,FOXA1_(C-20),GABP,GATA3_(SC-268),NFKB,PAX5-C20,Pol2,Rad21,SMC3_(ab9263),USF-1,WHIP,YY1,YY1_(C-20),ZBTB7A_(SC-34508),Znf143_(16618-1-AP)", "y": "0.52534", "x": "0.38794", "z": "0.64585", "id": "chr3:182399542-182402283", "size": 25}, {"style": "filled", "gen_chrom": "chr3", "all_ref": "T", "name": "chr3:g.181428745T>C", "color": "orange", "all_alt": "C", "mid": -965.0, "gen_start": 181428745, "rsid": "rs116428122", "gen_end": 181428745, "cadd_score": 1.95207, "y": "0.5164", "x": "0.9981", "z": "0.62849", "id": "chr3:g.181428745T>C", "size": 10}, {"style": "filled", "gen_chrom": "chr3", "all_ref": "C", "name": "chr3:g.182400696C>G", "color": "orange", "all_alt": "G", "mid": 970986.0, "gen_start": 182400696, "rsid": "rs9853592", "gen_end": 182400696, "cadd_score": 0.49677, "y": "0.459", "x": "0.0", "z": "0.51288", "id": "chr3:g.182400696C>G", "size": 10}, {"style": "filled", "name": "chr3:181500091-181500345", "color": "grey", "mid": 70508.0, "dist2anchor": 23639, "y": "0.20443", "x": "0.19977", "z": "0.66367", "id": "chr3:181500091-181500345", "size": 20}, {"style": "filled", "gen_chrom": "chr3", "all_ref": "G", "name": "chr3:g.181860899G>A", "color": "orange", "all_alt": "A", "mid": 431189.0, "gen_start": 181860899, "rsid": "rs183589133", "gen_end": 181860899, "cadd_score": 1.010024, "y": "0.67509", "x": "0.89585", "z": "0.212", "deep_score": "HNRNPH2:4.21, ", "id": "chr3:g.181860899G>A", "size": 10}], "links": [{"source": 0, "target": 94, "label": ""}, {"source": 0, "capacity": 1, "target": 2, "weight": 2, "label": 1}, {"source": 1, "target": 78, "label": ""}, {"source": 1, "target": 17, "label": ""}, {"source": 1, "target": 6, "label": ""}, {"source": 1, "target": 88, "label": ""}, {"source": 2, "capacity": 1, "target": 4, "weight": 3, "label": 1}, {"source": 2, "capacity": 1, "target": 7, "weight": 2, "label": 1}, {"source": 3, "target": 86, "label": ""}, {"source": 3, "target": 98, "label": ""}, {"source": 3, "target": 37, "label": ""}, {"source": 3, "target": 53, "label": ""}, {"source": 3, "target": 7, "label": ""}, {"source": 3, "target": 69, "label": ""}, {"source": 3, "target": 49, "label": ""}, {"source": 4, "capacity": 1, "target": 32, "weight": 3, "label": 1}, {"source": 4, "capacity": 1, "target": 96, "weight": 13, "label": 1}, {"source": 4, "capacity": 1, "target": 24, "weight": 4, "label": 1}, {"source": 4, "capacity": 1, "target": 21, "weight": 2, "label": 1}, {"source": 4, "capacity": 1, "target": 17, "weight": 3, "label": 1}, {"source": 4, "capacity": 1, "target": 65, "weight": 2, "label": 1}, {"source": 4, "capacity": 1, "target": 36, "weight": 9, "label": 1}, {"source": 4, "capacity": 1, "target": 101, "weight": 7, "label": 1}, {"source": 4, "target": 30, "label": ""}, {"source": 4, "capacity": 1, "target": 47, "weight": 4, "label": 1}, {"source": 4, "capacity": 1, "target": 103, "weight": 6, "label": 1}, {"source": 4, "capacity": 1, "target": 7, "weight": 6, "label": 1}, {"source": 4, "capacity": 1, "target": 39, "weight": 2, "label": 1}, {"source": 4, "capacity": 1, "target": 82, "weight": 16, "label": 1}, {"source": 5, "target": 30, "label": ""}, {"source": 7, "capacity": 1, "target": 96, "weight": 10, "label": 1}, {"source": 7, "capacity": 1, "target": 36, "weight": 3, "label": 1}, {"source": 7, "target": 26, "label": ""}, {"source": 7, "capacity": 1, "target": 41, "weight": 2, "label": 1}, {"source": 7, "target": 106, "label": ""}, {"source": 7, "target": 93, "label": ""}, {"source": 8, "target": 94, "label": ""}, {"source": 9, "target": 66, "label": ""}, {"source": 10, "capacity": 1, "target": 96, "weight": 5, "label": 1}, {"source": 11, "target": 94, "label": ""}, {"source": 12, "capacity": 1, "target": 57, "weight": 3, "label": 1}, {"source": 12, "capacity": 1, "target": 34, "weight": 4, "label": 1}, {"source": 13, "target": 71, "label": ""}, {"source": 14, "target": 30, "label": ""}, {"source": 15, "target": 85, "label": ""}, {"source": 16, "target": 40, "label": ""}, {"source": 17, "capacity": 1, "target": 96, "weight": 2, "label": 1}, {"source": 18, "target": 85, "label": ""}, {"source": 19, "target": 105, "label": ""}, {"source": 19, "target": 100, "label": ""}, {"source": 19, "target": 90, "label": ""}, {"source": 19, "target": 103, "label": ""}, {"source": 19, "target": 43, "label": ""}, {"source": 20, "target": 26, "label": ""}, {"source": 21, "target": 40, "label": ""}, {"source": 22, "target": 106, "label": ""}, {"source": 23, "target": 80, "label": ""}, {"source": 23, "target": 89, "label": ""}, {"source": 24, "capacity": 1, "target": 96, "weight": 2, "label": 1}, {"source": 25, "target": 30, "label": ""}, {"source": 26, "target": 42, "label": ""}, {"source": 26, "target": 52, "label": ""}, {"source": 26, "target": 28, "label": ""}, {"source": 26, "target": 54, "label": ""}, {"source": 26, "target": 56, "label": ""}, {"source": 27, "target": 35, "label": ""}, {"source": 29, "capacity": 1, "target": 99, "weight": 2, "label": 1}, {"source": 29, "capacity": 1, "target": 36, "weight": 2, "label": 1}, {"source": 29, "capacity": 1, "target": 103, "weight": 4, "label": 1}, {"source": 30, "target": 50, "label": ""}, {"source": 30, "target": 97, "label": ""}, {"source": 30, "target": 59, "label": ""}, {"source": 30, "target": 77, "label": ""}, {"source": 30, "target": 62, "label": ""}, {"source": 30, "target": 104, "label": ""}, {"source": 30, "target": 55, "label": ""}, {"source": 30, "target": 31, "label": ""}, {"source": 32, "capacity": 1, "target": 36, "weight": 3, "label": 1}, {"source": 33, "capacity": 1, "target": 96, "weight": 2, "label": 1}, {"source": 34, "target": 71, "label": ""}, {"source": 34, "capacity": 1, "target": 103, "weight": 2, "label": 1}, {"source": 34, "capacity": 1, "target": 101, "weight": 4, "label": 1}, {"source": 35, "target": 95, "label": ""}, {"source": 35, "target": 39, "label": ""}, {"source": 35, "target": 64, "label": ""}, {"source": 36, "capacity": 1, "target": 96, "weight": 7, "label": 1}, {"source": 36, "capacity": 1, "target": 99, "weight": 12, "label": 1}, {"source": 36, "target": 66, "label": ""}, {"source": 36, "capacity": 1, "target": 79, "weight": 2, "label": 1}, {"source": 36, "capacity": 1, "target": 47, "weight": 3, "label": 1}, {"source": 36, "capacity": 1, "target": 101, "weight": 3, "label": 1}, {"source": 36, "capacity": 1, "target": 103, "weight": 4, "label": 1}, {"source": 36, "capacity": 1, "target": 82, "weight": 4, "label": 1}, {"source": 38, "target": 93, "label": ""}, {"source": 40, "target": 81, "label": ""}, {"source": 41, "capacity": 1, "target": 96, "weight": 4, "label": 1}, {"source": 41, "capacity": 1, "target": 89, "weight": 2, "label": 1}, {"source": 44, "target": 94, "label": ""}, {"source": 45, "target": 66, "label": ""}, {"source": 46, "target": 99, "label": ""}, {"source": 47, "capacity": 1, "target": 96, "weight": 6, "label": 1}, {"source": 48, "target": 66, "label": ""}, {"source": 51, "target": 71, "label": ""}, {"source": 57, "capacity": 1, "target": 96, "weight": 2, "label": 1}, {"source": 57, "capacity": 1, "target": 58, "weight": 2, "label": 1}, {"source": 57, "capacity": 1, "target": 103, "weight": 4, "label": 1}, {"source": 58, "capacity": 1, "target": 82, "weight": 3, "label": 1}, {"source": 58, "capacity": 1, "target": 103, "weight": 2, "label": 1}, {"source": 58, "capacity": 1, "target": 101, "weight": 2, "label": 1}, {"source": 58, "target": 85, "label": ""}, {"source": 60, "target": 94, "label": ""}, {"source": 61, "target": 66, "label": ""}, {"source": 63, "target": 93, "label": ""}, {"source": 65, "capacity": 1, "target": 96, "weight": 2, "label": 1}, {"source": 66, "target": 87, "label": ""}, {"source": 66, "target": 102, "label": ""}, {"source": 66, "target": 70, "label": ""}, {"source": 67, "target": 85, "label": ""}, {"source": 68, "target": 71, "label": ""}, {"source": 71, "target": 73, "label": ""}, {"source": 72, "target": 93, "label": ""}, {"source": 74, "target": 94, "label": ""}, {"source": 75, "target": 94, "label": ""}, {"source": 76, "target": 94, "label": ""}, {"source": 82, "capacity": 1, "target": 96, "weight": 2, "label": 1}, {"source": 82, "capacity": 1, "target": 99, "weight": 2, "label": 1}, {"source": 82, "capacity": 1, "target": 101, "weight": 3, "label": 1}, {"source": 82, "capacity": 1, "target": 103, "weight": 3, "label": 1}, {"source": 82, "capacity": 1, "target": 92, "weight": 2, "label": 1}, {"source": 83, "target": 85, "label": ""}, {"source": 84, "target": 85, "label": ""}, {"source": 91, "target": 93, "label": ""}, {"source": 94, "target": 107, "label": ""}, {"source": 96, "capacity": 1, "target": 103, "weight": 2, "label": 1}, {"source": 99, "capacity": 1, "target": 103, "weight": 4, "label": 1}, {"source": 101, "capacity": 1, "target": 103, "weight": 4, "label": 1}], "multigraph": false}