{"directed": false, "graph": {"style": "filled", "data_type": "ChiA-PET", "tissue_type": "Adipose_Visceral_Omentum", "genome_version": "GRCh37.p13", "species": "Homo_Sapiens", "target_gene": "TBX3"}, "nodes": [{"style": "filled", "name": "chr12:115105938-115106322", "color": "grey", "mid": -15838.0, "dist2anchor": 0, "y": "0.1077", "x": "0.57378", "z": "0.09321", "id": "chr12:115105938-115106322", "size": 20}, {"style": "filled", "name": "chr12:115129071-115131141", "color": "green", "mid": 8138.0, "tfbs": "CTCF,SUZ12", "y": "0.23912", "x": "0.7876", "z": "0.40399", "id": "chr12:115129071-115131141", "size": 25}, {"style": "filled", "name": "chr12:115140380-115142014", "color": "grey", "mid": 19229.0, "tfbs": "CTCF,GATA-2,NRSF", "y": "0.0", "x": "0.68343", "z": "0.45876", "id": "chr12:115140380-115142014", "size": 20}, {"style": "filled", "name": "chr12:115076650-115077217", "color": "grey", "mid": -45034.5, "dist2anchor": 0, "y": "0.44733", "x": "0.0088", "z": "0.49588", "id": "chr12:115076650-115077217", "size": 20}, {"style": "filled", "gen_chrom": "chr12", "all_ref": "A", "name": "chr12:g.115121732A>G", "color": "orange", "all_alt": "G", "mid": -236.0, "gen_start": 115121732, "rsid": "rs36203374", "gen_end": 115121732, "cadd_score": 0.962943, "y": "0.82995", "x": "0.81587", "z": "0.67182", "id": "chr12:g.115121732A>G", "size": 10}, {"style": "filled", "name": "chr12:115121689-115122838", "color": "grey", "mid": 295.5, "dist2anchor": 0, "y": "0.71917", "x": "0.72549", "z": "0.68142", "id": "chr12:115121689-115122838", "size": 20}, {"style": "filled", "gen_chrom": "chr12", "all_ref": "G", "name": "chr12:g.115121862G>T", "color": "orange", "all_alt": "T", "mid": -106.0, "gen_start": 115121862, "rsid": "rs78033245", "gen_end": 115121862, "cadd_score": -0.410918, "y": "0.88179", "x": "0.75697", "z": "0.45337", "deep_score": "HNRNPH2:6.69, SRSF10:6.64, SRSF1:6.49, SRSF1:3.73, ", "id": "chr12:g.115121862G>T", "size": 10}, {"style": "filled", "gen_chrom": "chr12", "all_ref": "G", "name": "chr12:g.115121988G>A", "color": "orange", "all_alt": "A", "mid": 20.0, "gen_start": 115121988, "rsid": "rs192634560", "gen_end": 115121988, "cadd_score": 2.00257, "y": "0.61435", "x": "0.81873", "z": "0.90569", "id": "chr12:g.115121988G>A", "size": 10}, {"style": "filled", "name": "chr12:115062445-115063983", "color": "green", "mid": -58754.0, "tfbs": "CTCF,CTCF_(C-20),CTCF_(SC-5916),Egr-1,RXRA,Rad21,SMC3_(ab9263),Znf143_(16618-1-AP)", "y": "0.16952", "x": "0.76207", "z": "0.63145", "id": "chr12:115062445-115063983", "size": 25}, {"style": "filled", "name": "chr12:115124588-115125487", "color": "grey", "mid": 3069.5, "tfbs": "CtBP2,SUZ12", "y": "0.24868", "x": "0.74697", "z": "0.23684", "id": "chr12:115124588-115125487", "size": 20}, {"style": "filled", "name": "chr12:115104481-115108091", "color": "green", "mid": -15682.0, "tfbs": "AP-2alpha,AP-2gamma,BAF155,BRCA1_(C-1863),CEBPB,CTCF,CTCF_(C-20),CTCF_(SC-5916),CtBP2,HA-E2F1,HEY1,HNF4G_(SC-6558),JunD,NRSF,Pol2,RXRA,Rad21,SMC3_(ab9263),SP1,SUZ12,TCF4,TR4,c-Fos", "y": "0.17361", "x": "0.67428", "z": "0.46004", "id": "chr12:115104481-115108091", "size": 25}, {"style": "filled", "name": "chr12:115134611-115137476", "color": "grey", "mid": 14075.5, "tfbs": "BCL3,CtBP2,Egr-1,SP1,SUZ12,TCF12", "y": "0.1272", "x": "0.79947", "z": "0.45816", "id": "chr12:115134611-115137476", "size": 20}, {"style": "filled", "gen_chrom": "chr12", "all_ref": "C", "name": "chr12:g.115077102C>G", "color": "orange", "all_alt": "G", "mid": -44866.0, "gen_start": 115077102, "rsid": "rs188544321", "gen_end": 115077102, "cadd_score": 0.084807, "y": "0.51008", "x": "0.03913", "z": "0.72719", "deep_score": "TIA1:3.7, ", "id": "chr12:g.115077102C>G", "size": 10}, {"style": "filled", "gene": true, "name": "METAZOA_SRP: chr12:116190091-116191851", "color": "blue", "mid": 1033554, "fpkm": 0.0, "tfbs": "CTCF,CTCF_(C-20),CTCF_(SC-5916),Rad21,SMC3_(ab9263)", "y": "0.13323", "x": "0.6632", "z": "0.68541", "id": "chr12:116190091-116191851", "size": 25}, {"style": "filled", "gen_chrom": "chr12", "all_ref": "C", "name": "chr12:g.115106231C>T", "color": "orange", "all_alt": "T", "mid": -15737.0, "gen_start": 115106231, "rsid": "rs145635272", "gen_end": 115106231, "cadd_score": 2.09976, "y": "0.06771", "x": "0.71502", "z": "0.15508", "id": "chr12:g.115106231C>T", "size": 10}, {"style": "filled", "gen_chrom": "chr12", "all_ref": "G", "name": "chr12:g.115105941G>T", "color": "orange", "all_alt": "T", "mid": -16027.0, "gen_start": 115105941, "rsid": "rs751267", "gen_end": 115105941, "cadd_score": 1.395201, "y": "0.27444", "x": "0.46738", "z": "0.0", "deep_score": "SRSF1:43.53, SRSF1:5.42, POLR2A:3.63, ", "id": "chr12:g.115105941G>T", "size": 10}, {"style": "filled", "name": "chr12:115604236-115605592", "color": "grey", "mid": 482946.0, "tfbs": "CTCF,CTCF_(SC-5916),MafK_(ab50322),Rad21,SMC3_(ab9263)", "y": "0.12403", "x": "0.86951", "z": "0.77305", "id": "chr12:115604236-115605592", "size": 20}, {"style": "filled", "gen_chrom": "chr12", "all_ref": "C", "name": "chr12:g.115106230C>A", "color": "orange", "all_alt": "A", "mid": -15738.0, "gen_start": 115106230, "rsid": "rs76107203", "gen_end": 115106230, "cadd_score": 2.097006, "y": "0.00617", "x": "0.46596", "z": "0.1631", "id": "chr12:g.115106230C>A", "size": 10}, {"style": "filled", "name": "chr12:115671557-115672803", "color": "grey", "mid": 550212.0, "tfbs": "GATA-2,Rad21,p300", "y": "0.0735", "x": "0.59823", "z": "0.90464", "id": "chr12:115671557-115672803", "size": 20}, {"style": "filled", "gen_chrom": "chr12", "all_ref": "A", "name": "chr12:g.115076926A>T", "color": "orange", "all_alt": "T", "mid": -45042.0, "gen_start": 115076926, "rsid": "rs183220571", "gen_end": 115076926, "cadd_score": 0.20813, "y": "0.63149", "x": "0.02929", "z": "0.58977", "id": "chr12:g.115076926A>T", "size": 10}, {"style": "filled", "name": "chr12:115109197-115113284", "color": "green", "mid": -10727.5, "tfbs": "CtBP2,Pol2,SUZ12,USF1_(SC-8983),p300", "y": "0.19896", "x": "0.83453", "z": "0.51078", "id": "chr12:115109197-115113284", "size": 25}, {"style": "filled", "name": "chr12:115113549-115114544", "color": "grey", "mid": -7921.5, "tfbs": "", "y": "0.3595", "x": "0.78403", "z": "0.36836", "id": "chr12:115113549-115114544", "size": 20}, {"style": "filled", "gen_chrom": "chr12", "all_ref": "G", "name": "chr12:g.115076965G>A", "color": "orange", "all_alt": "A", "mid": -45003.0, "gen_start": 115076965, "rsid": "rs118080166", "gen_end": 115076965, "cadd_score": 0.601073, "y": "0.43313", "x": "0.01052", "z": "0.31428", "id": "chr12:g.115076965G>A", "size": 10}, {"style": "filled", "name": "chr12:115101738-115104366", "color": "green", "mid": -18916.0, "tfbs": "SUZ12", "y": "0.10211", "x": "0.62036", "z": "0.56602", "id": "chr12:115101738-115104366", "size": 25}, {"style": "filled", "gen_chrom": "chr12", "all_ref": "C", "name": "chr12:g.115076656C>T", "color": "orange", "all_alt": "T", "mid": -45312.0, "gen_start": 115076656, "rsid": "rs148073540", "gen_end": 115076656, "cadd_score": -0.052196, "y": "0.55502", "x": "0.07691", "z": "0.25772", "id": "chr12:g.115076656C>T", "size": 10}, {"style": "filled", "gen_chrom": "chr12", "all_ref": "C", "name": "chr12:g.115122686C>T", "color": "orange", "all_alt": "T", "mid": 718.0, "gen_start": 115122686, "rsid": "rs36203378", "gen_end": 115122686, "cadd_score": 1.582014, "y": "0.8928", "x": "0.50686", "z": "0.71405", "id": "chr12:g.115122686C>T", "size": 10}, {"style": "filled", "gen_chrom": "chr12", "all_ref": "T", "name": "chr12:g.115076842T>G", "color": "orange", "all_alt": "G", "mid": -45126.0, "gen_start": 115076842, "rsid": "rs118149953", "gen_end": 115076842, "cadd_score": 0.004511, "y": "0.26446", "x": "0.0", "z": "0.43366", "id": "chr12:g.115076842T>G", "size": 10}, {"style": "filled", "gen_chrom": "chr12", "all_ref": "G", "name": "chr12:g.115121737G>T", "color": "orange", "all_alt": "T", "mid": -231.0, "gen_start": 115121737, "rsid": "rs189001123", "gen_end": 115121737, "cadd_score": 0.081776, "y": "0.73482", "x": "0.92954", "z": "0.56214", "deep_score": "U2AF2:-3.01, ", "id": "chr12:g.115121737G>T", "size": 10}, {"style": "filled", "name": "chr12:115137487-115138668", "color": "green", "mid": 16109.5, "tfbs": "SUZ12", "y": "0.32297", "x": "1.0", "z": "0.50671", "id": "chr12:115137487-115138668", "size": 25}, {"style": "filled", "name": "chr12:115076415-115077562", "color": "grey", "mid": -44979.5, "tfbs": "HDAC2_(SC-6296),NANOG_(SC-33759),POU5F1_(SC-9081),SP1,TCF12,TCF4,p300", "y": "0.18338", "x": "0.22183", "z": "0.55087", "id": "chr12:115076415-115077562", "size": 20}, {"style": "filled", "gen_chrom": "chr12", "all_ref": "G", "name": "chr12:g.115076685G>C", "color": "orange", "all_alt": "C", "mid": -45283.0, "gen_start": 115076685, "rsid": "rs141625695", "gen_end": 115076685, "cadd_score": 0.185483, "y": "0.67645", "x": "0.06754", "z": "0.40946", "id": "chr12:g.115076685G>C", "size": 10}, {"style": "filled", "gen_chrom": "chr12", "all_ref": "G", "name": "chr12:g.115122825G>T", "color": "orange", "all_alt": "T", "mid": 857.0, "gen_start": 115122825, "rsid": "rs73196925", "gen_end": 115122825, "cadd_score": 0.987686, "y": "0.92948", "x": "0.61563", "z": "0.57717", "id": "chr12:g.115122825G>T", "size": 10}, {"style": "filled", "gen_chrom": "chr12", "all_ref": "C", "name": "chr12:g.115122175C>T", "color": "orange", "all_alt": "T", "mid": 207.0, "gen_start": 115122175, "rsid": "rs185667383", "gen_end": 115122175, "cadd_score": 2.068262, "y": "0.7828", "x": "0.55645", "z": "0.89011", "id": "chr12:g.115122175C>T", "size": 10}, {"style": "filled", "name": "chr12:115093742-115096631", "color": "red", "mid": -26781.5, "tfbs": "CTCF,ELF1_(SC-631),Egr-1,FOSL2,FOXA1_(C-20),FOXA1_(SC-101058),FOXA2_(SC-6554),GR,HDAC2_(SC-6296),HEY1,HNF4A_(H-171),HNF4G_(SC-6558),KAP1,Pol2,RXRA,SP1,SRF,TBP,TCF12,TCF4,USF-1,p300", "y": "0.15167", "x": "0.46845", "z": "0.54201", "id": "chr12:115093742-115096631", "size": 25}, {"style": "filled", "gene": true, "name": "TBX3: chr12:115120049-115124290", "color": "blue", "mid": 1, "fpkm": 52.87709, "tfbs": "BAF155,CEBPB,CHD2_(N-1250),CTCF,CTCF_(SC-5916),CtBP2,E2F1,E2F4,E2F6_(H-50),Egr-1,FOXA1_(C-20),FOXA1_(SC-101058),FOXA2_(SC-6554),GATA-2,GATA3_(SC-268),GTF2F1_(RAP-74),HA-E2F1,HEY1,Ini1,JunD,KAP1,Max,NANOG_(SC-33759),NRSF,Pol2,Pol2(b),Pol2(phosphoS2),Pol2-4H8,RFX5_(N-494),Rad21,SMC3_(ab9263),SP1,STAT1,SUZ12,Sin3Ak-20,TAF1,TBP,TCF12,TCF4,USF1_(SC-8983),YY1_(C-20),ZNF263,c-Myc,p300", "y": "0.24058", "x": "0.75122", "z": "0.53693", "id": "chr12:115120049-115124290", "size": 50}, {"style": "filled", "gen_chrom": "chr12", "all_ref": "A", "name": "chr12:g.115122209A>G", "color": "orange", "all_alt": "G", "mid": 241.0, "gen_start": 115122209, "rsid": "rs36203375", "gen_end": 115122209, "cadd_score": 1.64584, "y": "0.73348", "x": "0.75256", "z": "0.86928", "id": "chr12:g.115122209A>G", "size": 10}, {"style": "filled", "name": "chr12:115099934-115101601", "color": "green", "mid": -21200.5, "tfbs": "CEBPB,CTCF,CTCF_(C-20),CTCF_(SC-5916),GR,JunD,RFX5_(N-494),Rad21,SMC3_(ab9263),STAT1,STAT3,YY1_(C-20),Znf143_(16618-1-AP),c-Fos,c-Jun,p300", "y": "0.18566", "x": "0.61702", "z": "0.62264", "id": "chr12:115099934-115101601", "size": 25}, {"style": "filled", "gen_chrom": "chr12", "all_ref": "G", "name": "chr12:g.115076839G>T", "color": "orange", "all_alt": "T", "mid": -45129.0, "gen_start": 115076839, "rsid": "rs150496544", "gen_end": 115076839, "cadd_score": -0.161914, "y": "0.28838", "x": "0.01441", "z": "0.64318", "id": "chr12:g.115076839G>T", "size": 10}], "links": [{"source": 0, "target": 14, "label": ""}, {"source": 0, "target": 15, "label": ""}, {"source": 0, "target": 17, "label": ""}, {"source": 0, "target": 10, "label": ""}, {"source": 1, "capacity": 1, "target": 34, "weight": 7, "label": 1}, {"source": 1, "capacity": 1, "target": 11, "weight": 2, "label": 1}, {"source": 1, "capacity": 1, "target": 20, "weight": 2, "label": 1}, {"source": 1, "capacity": 1, "target": 9, "weight": 2, "label": 1}, {"source": 1, "capacity": 1, "target": 10, "weight": 2, "label": 1}, {"source": 2, "capacity": 1, "target": 11, "weight": 2, "label": 1}, {"source": 2, "capacity": 1, "target": 23, "weight": 2, "label": 1}, {"source": 2, "capacity": 1, "target": 10, "weight": 3, "label": 1}, {"source": 3, "target": 30, "label": ""}, {"source": 3, "target": 29, "label": ""}, {"source": 3, "target": 26, "label": ""}, {"source": 3, "target": 12, "label": ""}, {"source": 3, "target": 19, "label": ""}, {"source": 3, "target": 22, "label": ""}, {"source": 3, "target": 37, "label": ""}, {"source": 3, "target": 24, "label": ""}, {"source": 4, "target": 5, "label": ""}, {"source": 5, "target": 25, "label": ""}, {"source": 5, "target": 27, "label": ""}, {"source": 5, "target": 6, "label": ""}, {"source": 5, "target": 34, "label": ""}, {"source": 5, "target": 31, "label": ""}, {"source": 5, "target": 32, "label": ""}, {"source": 5, "target": 35, "label": ""}, {"source": 5, "target": 7, "label": ""}, {"source": 8, "capacity": 1, "target": 10, "weight": 3, "label": 1}, {"source": 8, "capacity": 1, "target": 34, "weight": 6, "label": 1}, {"source": 8, "capacity": 1, "target": 13, "weight": 3, "label": 1}, {"source": 8, "capacity": 1, "target": 20, "weight": 2, "label": 1}, {"source": 8, "capacity": 1, "target": 16, "weight": 2, "label": 1}, {"source": 8, "capacity": 1, "target": 36, "weight": 3, "label": 1}, {"source": 9, "capacity": 1, "target": 10, "weight": 2, "label": 1}, {"source": 10, "capacity": 1, "target": 11, "weight": 2, "label": 1}, {"source": 10, "capacity": 1, "target": 20, "weight": 2, "label": 1}, {"source": 10, "capacity": 1, "target": 13, "weight": 2, "label": 1}, {"source": 10, "capacity": 1, "target": 33, "weight": 4, "label": 1}, {"source": 10, "capacity": 1, "target": 34, "weight": 5, "label": 1}, {"source": 10, "capacity": 1, "target": 21, "weight": 2, "label": 1}, {"source": 10, "capacity": 1, "target": 36, "weight": 2, "label": 1}, {"source": 11, "capacity": 1, "target": 20, "weight": 5, "label": 1}, {"source": 11, "capacity": 1, "target": 34, "weight": 5, "label": 1}, {"source": 13, "capacity": 1, "target": 34, "weight": 3, "label": 1}, {"source": 13, "capacity": 1, "target": 36, "weight": 5, "label": 1}, {"source": 13, "capacity": 1, "target": 23, "weight": 3, "label": 1}, {"source": 13, "capacity": 1, "target": 18, "weight": 2, "label": 1}, {"source": 20, "capacity": 1, "target": 34, "weight": 8, "label": 1}, {"source": 21, "capacity": 1, "target": 34, "weight": 2, "label": 1}, {"source": 23, "capacity": 1, "target": 33, "weight": 3, "label": 1}, {"source": 23, "capacity": 1, "target": 34, "weight": 5, "label": 1}, {"source": 28, "capacity": 1, "target": 34, "weight": 2, "label": 1}, {"source": 29, "capacity": 1, "target": 33, "weight": 3, "label": 1}, {"source": 33, "capacity": 1, "target": 36, "weight": 3, "label": 1}, {"source": 34, "capacity": 1, "target": 36, "weight": 3, "label": 1}], "multigraph": false}