{"directed": false, "graph": {"style": "filled", "data_type": "ChiA-PET", "tissue_type": "Adipose_Visceral_Omentum", "genome_version": "GRCh37.p13", "species": "Homo_Sapiens", "target_gene": "LEFTY1"}, "nodes": [{"style": "filled", "gen_chrom": "chr1", "all_ref": "G", "name": "chr1:g.228270410G>C", "color": "orange", "all_alt": "C", "mid": 2193565.0, "gen_start": 228270410, "rsid": "rs187898639", "gen_end": 228270410, "cadd_score": 0.522743, "y": "0.00386", "x": "0.18783", "z": "0.39169", "deep_score": "YY1:5.31, ", "id": "chr1:g.228270410G>C", "size": 10}, {"style": "filled", "gen_chrom": "chr1", "all_ref": "G", "name": "chr1:g.228290944G>C", "color": "orange", "all_alt": "C", "mid": 2214099.0, "gen_start": 228290944, "rsid": "rs371891094", "gen_end": 228290944, "cadd_score": 0.261244, "y": "0.23962", "x": "0.85499", "z": "0.13234", "id": "chr1:g.228290944G>C", "size": 10}, {"style": "filled", "gen_chrom": "chr1", "all_ref": "T", "name": "chr1:g.228247861T>A", "color": "orange", "all_alt": "A", "mid": 2171016.0, "gen_start": 228247861, "rsid": "rs778704895", "gen_end": 228247861, "cadd_score": 0.149157, "y": "0.09515", "x": "0.49054", "z": "0.90655", "id": "chr1:g.228247861T>A", "size": 10}, {"style": "filled", "gen_chrom": "chr1", "all_ref": "C", "name": "chr1:g.228270026C>A", "color": "orange", "all_alt": "A", "mid": 2193181.0, "gen_start": 228270026, "rsid": "rs183378628", "gen_end": 228270026, "cadd_score": 0.720247, "y": "0.42463", "x": "0.0", "z": "0.49971", "id": "chr1:g.228270026C>A", "size": 10}, {"style": "filled", "gen_chrom": "chr1", "all_ref": "C", "name": "chr1:g.226078403C>T", "color": "orange", "all_alt": "T", "mid": 1558.0, "gen_start": 226078403, "rsid": "rs3806259", "gen_end": 226078403, "cadd_score": 0.186247, "y": "0.51037", "x": "1.0", "z": "0.49464", "id": "chr1:g.226078403C>T", "size": 10}, {"style": "filled", "gen_chrom": "chr1", "all_ref": "G", "name": "chr1:g.228247849G>C", "color": "orange", "all_alt": "C", "mid": 2171004.0, "gen_start": 228247849, "rsid": "rs146171382", "gen_end": 228247849, "cadd_score": 0.15004, "y": "0.41603", "x": "0.63703", "z": "0.97387", "deep_score": "ZIC4:3.85, ", "id": "chr1:g.228247849G>C", "size": 10}, {"style": "filled", "gen_chrom": "chr1", "all_ref": "T", "name": "chr1:g.228290945T>C", "color": "orange", "all_alt": "C", "mid": 2214100.0, "gen_start": 228290945, "rsid": "rs763433617", "gen_end": 228290945, "cadd_score": 0.23852, "y": "0.38201", "x": "0.86409", "z": "0.11408", "id": "chr1:g.228290945T>C", "size": 10}, {"style": "filled", "name": "chr1:228246335-228249238", "color": "red", "mid": 2170941.5, "tfbs": "CTCF,EBF1_(C-8),ELF1_(SC-631),Egr-1,IRF1,Pol2,ZNF263", "y": "0.48602", "x": "0.44617", "z": "0.53666", "id": "chr1:228246335-228249238", "size": 25}, {"style": "filled", "gen_chrom": "chr1", "all_ref": "G", "name": "chr1:g.228290917G>T", "color": "orange", "all_alt": "T", "mid": 2214072.0, "gen_start": 228290917, "gen_end": 228290917, "cadd_score": 0.252675, "y": "0.25761", "x": "0.62012", "z": "0.0", "deep_score": "GBX1:3.12, ", "id": "chr1:g.228290917G>T", "size": 10}, {"style": "filled", "name": "chr1:228192024-228192873", "color": "grey", "mid": 2115603.5, "dist2anchor": 0, "y": "0.83512", "x": "0.59048", "z": "0.3887", "id": "chr1:228192024-228192873", "size": 20}, {"style": "filled", "name": "chr1:228224985-228226460", "color": "green", "mid": 2148877.5, "tfbs": "BCL3,Egr-1,NFKB,STAT3,SUZ12", "y": "0.59221", "x": "0.42468", "z": "0.56113", "id": "chr1:228224985-228226460", "size": 25}, {"style": "filled", "gen_chrom": "chr1", "all_ref": "A", "name": "chr1:g.228248508A>G", "color": "orange", "all_alt": "G", "mid": 2171663.0, "gen_start": 228248508, "rsid": "rs41270177", "gen_end": 228248508, "cadd_score": 0.036671, "y": "0.41877", "x": "0.5272", "z": "0.99446", "id": "chr1:g.228248508A>G", "size": 10}, {"style": "filled", "gen_chrom": "chr1", "all_ref": "G", "name": "chr1:g.228270138G>A", "color": "orange", "all_alt": "A", "mid": 2193293.0, "gen_start": 228270138, "rsid": "rs187966915", "gen_end": 228270138, "cadd_score": -0.064011, "y": "0.07014", "x": "0.11875", "z": "0.38308", "id": "chr1:g.228270138G>A", "size": 10}, {"style": "filled", "gen_chrom": "chr1", "all_ref": "T", "name": "chr1:g.228290908T>C", "color": "orange", "all_alt": "C", "mid": 2214063.0, "gen_start": 228290908, "gen_end": 228290908, "cadd_score": -0.034562, "y": "0.0", "x": "0.64104", "z": "0.18175", "id": "chr1:g.228290908T>C", "size": 10}, {"style": "filled", "gen_chrom": "chr1", "all_ref": "G", "name": "chr1:g.228269381G>A", "color": "orange", "all_alt": "A", "mid": 2192536.0, "gen_start": 228269381, "rsid": "rs186306550", "gen_end": 228269381, "cadd_score": 0.165551, "y": "0.28914", "x": "0.02728", "z": "0.32882", "id": "chr1:g.228269381G>A", "size": 10}, {"style": "filled", "gen_chrom": "chr1", "all_ref": "C", "name": "chr1:g.228290978C>G", "color": "orange", "all_alt": "G", "mid": 2214133.0, "gen_start": 228290978, "rsid": "rs766437719", "gen_end": 228290978, "cadd_score": 0.230632, "y": "0.00075", "x": "0.75898", "z": "0.2765", "id": "chr1:g.228290978C>G", "size": 10}, {"style": "filled", "gen_chrom": "chr1", "all_ref": "T", "name": "chr1:g.228270118T>C", "color": "orange", "all_alt": "C", "mid": 2193273.0, "gen_start": 228270118, "rsid": "rs115647813", "gen_end": 228270118, "cadd_score": 0.033388, "y": "0.25587", "x": "0.07979", "z": "0.24048", "id": "chr1:g.228270118T>C", "size": 10}, {"style": "filled", "gen_chrom": "chr1", "all_ref": "G", "name": "chr1:g.228192397G>A", "color": "orange", "all_alt": "A", "grasp_pmid": "20081858,20081858,20383146,20686565,21909115,21909115,", "mid": 2115552.0, "gen_start": 228192397, "rsid": "rs697761", "gen_end": 228192397, "cadd_score": 0.422656, "grasp_pheno": "Glucose_homeostasis_traits_(fasting_glucose,_,_fasting_insulin,_,_HOMA-B,_,_HOMA-IR),_,_Glucose_homeostasis_traits_(fasting_glucose,_,_fasting_insulin,_,_HOMA-B,_,_HOMA-IR),_,_Chronic_kidney_disease_(CKD)_and_renal_traits,Lipid_level_measurements,Blood_pressure,Blood_pressure,", "y": "0.88005", "x": "0.591", "z": "0.5881", "deep_score": "SRSF1:6.96, MAX:3.25, USF1:3.16, ", "id": "chr1:g.228192397G>A", "size": 10}, {"style": "filled", "gen_chrom": "chr1", "all_ref": "T", "name": "chr1:g.228192349T>C", "color": "orange", "all_alt": "C", "mid": 2115504.0, "gen_start": 228192349, "rsid": "rs184164995", "gen_end": 228192349, "cadd_score": 0.683484, "y": "0.78325", "x": "0.56793", "z": "0.17728", "deep_score": "PAX2:4.74, ", "id": "chr1:g.228192349T>C", "size": 10}, {"style": "filled", "gen_chrom": "chr1", "all_ref": "A", "name": "chr1:g.228290911A>G", "color": "orange", "all_alt": "G", "mid": 2214066.0, "gen_start": 228290911, "gen_end": 228290911, "cadd_score": -0.091479, "y": "0.08901", "x": "0.83378", "z": "0.22248", "id": "chr1:g.228290911A>G", "size": 10}, {"style": "filled", "gen_chrom": "chr1", "all_ref": "G", "name": "chr1:g.228247966G>T", "color": "orange", "all_alt": "T", "mid": 2171121.0, "gen_start": 228247966, "rsid": "rs762211395", "gen_end": 228247966, "cadd_score": 0.253248, "y": "0.02622", "x": "0.44456", "z": "0.83837", "id": "chr1:g.228247966G>T", "size": 10}, {"style": "filled", "name": "chr1:228247213-228248866", "color": "grey", "mid": 2171194.5, "dist2anchor": 0, "y": "0.24488", "x": "0.53204", "z": "0.88041", "id": "chr1:228247213-228248866", "size": 20}, {"style": "filled", "name": "chr1:228195576-228197169", "color": "grey", "mid": 2119527.5, "tfbs": "EBF,EBF1_(C-8),SUZ12", "y": "0.69545", "x": "0.33001", "z": "0.26332", "id": "chr1:228195576-228197169", "size": 20}, {"style": "filled", "gen_chrom": "chr1", "all_ref": "G", "name": "chr1:g.228247992G>A", "color": "orange", "all_alt": "A", "mid": 2171147.0, "gen_start": 228247992, "rsid": "rs753943147", "gen_end": 228247992, "cadd_score": 0.336314, "y": "0.33135", "x": "0.33799", "z": "0.95299", "id": "chr1:g.228247992G>A", "size": 10}, {"style": "filled", "gen_chrom": "chr1", "all_ref": "T", "name": "chr1:g.226078392T>G", "color": "orange", "all_alt": "G", "mid": 1547.0, "gen_start": 226078392, "rsid": "rs3820238", "gen_end": 226078392, "cadd_score": 0.259016, "y": "0.36443", "x": "0.96938", "z": "0.68653", "id": "chr1:g.226078392T>G", "size": 10}, {"style": "filled", "gen_chrom": "chr1", "all_ref": "C", "name": "chr1:g.228270311C>T", "color": "orange", "all_alt": "T", "mid": 2193466.0, "gen_start": 228270311, "rsid": "rs1832733", "gen_end": 228270311, "cadd_score": 0.866376, "y": "0.1978", "x": "0.08246", "z": "0.68742", "id": "chr1:g.228270311C>T", "size": 10}, {"style": "filled", "gen_chrom": "chr1", "all_ref": "C", "name": "chr1:g.228269539C>T", "color": "orange", "all_alt": "T", "mid": 2192694.0, "gen_start": 228269539, "rsid": "rs182964692", "gen_end": 228269539, "cadd_score": 0.587443, "y": "0.37159", "x": "0.03385", "z": "0.65418", "id": "chr1:g.228269539C>T", "size": 10}, {"style": "filled", "gen_chrom": "chr1", "all_ref": "C", "name": "chr1:g.228269985C>A", "color": "orange", "all_alt": "A", "mid": 2193140.0, "gen_start": 228269985, "rsid": "rs191518376", "gen_end": 228269985, "cadd_score": 0.91564, "y": "0.38844", "x": "0.00527", "z": "0.38052", "deep_score": "USF1:4.0, ", "id": "chr1:g.228269985C>A", "size": 10}, {"style": "filled", "name": "chr1:226078002-226078485", "color": "grey", "mid": 1398.5, "dist2anchor": 0, "y": "0.47664", "x": "0.96811", "z": "0.62871", "id": "chr1:226078002-226078485", "size": 20}, {"style": "filled", "name": "chr1:228269216-228270772", "color": "grey", "mid": 2193149.0, "dist2anchor": 0, "y": "0.22309", "x": "0.10227", "z": "0.46444", "id": "chr1:228269216-228270772", "size": 20}, {"style": "filled", "gen_chrom": "chr1", "all_ref": "T", "name": "chr1:g.228247351T>C", "color": "orange", "all_alt": "C", "grasp_pmid": "20383146,21909115,21909115,", "mid": 2170506.0, "gen_start": 228247351, "rsid": "rs752107", "gen_end": 228247351, "cadd_score": 0.129522, "grasp_pheno": "Chronic_kidney_disease_(CKD)_and_renal_traits,Blood_pressure,Blood_pressure,", "y": "0.1467", "x": "0.3538", "z": "0.89893", "id": "chr1:g.228247351T>C", "size": 10}, {"style": "filled", "gen_chrom": "chr1", "all_ref": "G", "name": "chr1:g.228290920G>C", "color": "orange", "all_alt": "C", "mid": 2214075.0, "gen_start": 228290920, "gen_end": 228290920, "cadd_score": -0.32057, "y": "0.13809", "x": "0.64913", "z": "0.0569", "id": "chr1:g.228290920G>C", "size": 10}, {"style": "filled", "gen_chrom": "chr1", "all_ref": "T", "name": "chr1:g.228192753T>A", "color": "orange", "all_alt": "A", "grasp_pmid": "20081858,20383146,21909115,21909115,", "mid": 2115908.0, "gen_start": 228192753, "rsid": "rs708113", "gen_end": 228192753, "cadd_score": 0.709823, "grasp_pheno": "Glucose_homeostasis_traits_(fasting_glucose,_,_fasting_insulin,_,_HOMA-B,_,_HOMA-IR),_,_Chronic_kidney_disease_(CKD)_and_renal_traits,Blood_pressure,Blood_pressure,", "y": "0.86262", "x": "0.61541", "z": "0.31414", "deep_score": "NR2F1:3.97, ", "id": "chr1:g.228192753T>A", "size": 10}, {"style": "filled", "gen_chrom": "chr1", "all_ref": "T", "name": "chr1:g.228290971T>C", "color": "orange", "all_alt": "C", "mid": 2214126.0, "gen_start": 228290971, "rsid": "rs762304555", "gen_end": 228290971, "cadd_score": 0.060046, "y": "0.3617", "x": "0.68339", "z": "0.00577", "id": "chr1:g.228290971T>C", "size": 10}, {"style": "filled", "gen_chrom": "chr1", "all_ref": "G", "name": "chr1:g.228192452G>A", "color": "orange", "all_alt": "A", "grasp_pmid": "20081858,20081858,20081858,20383146,21909115,21909115,", "mid": 2115607.0, "gen_start": 228192452, "rsid": "rs708112", "gen_end": 228192452, "cadd_score": 0.15668, "grasp_pheno": "Glucose_homeostasis_traits_(fasting_glucose,_,_fasting_insulin,_,_HOMA-B,_,_HOMA-IR),_,_Glucose_homeostasis_traits_(fasting_glucose,_,_fasting_insulin,_,_HOMA-B,_,_HOMA-IR),_,_Glucose_homeostasis_traits_(fasting_glucose,_,_fasting_insulin,_,_HOMA-B,_,_HOMA-IR),_,_Chronic_kidney_disease_(CKD)_and_renal_traits,Blood_pressure,Blood_pressure,", "y": "0.89142", "x": "0.45132", "z": "0.39013", "id": "chr1:g.228192452G>A", "size": 10}, {"style": "filled", "name": "chr1:228186502-228187956", "color": "green", "mid": 2110384.0, "tfbs": "CTCF,CTCF_(C-20),CTCF_(SC-5916),EBF1_(C-8),ELF1_(SC-631),GABP,MafF_(M8194),MafK_(SC-477),PU.1,Rad21,SMC3_(ab9263),TAF7_(SQ-8),YY1_(C-20),ZNF263,Znf143_(16618-1-AP),c-Myc", "y": "0.51843", "x": "0.38383", "z": "0.39047", "id": "chr1:228186502-228187956", "size": 25}, {"style": "filled", "gen_chrom": "chr1", "all_ref": "G", "name": "chr1:g.228192394G>A", "color": "orange", "all_alt": "A", "mid": 2115549.0, "gen_start": 228192394, "rsid": "rs190717922", "gen_end": 228192394, "cadd_score": 0.295782, "y": "0.83018", "x": "0.75953", "z": "0.45939", "deep_score": "SRSF1:-5.7, SRSF10:-4.66, ", "id": "chr1:g.228192394G>A", "size": 10}, {"style": "filled", "gen_chrom": "chr1", "all_ref": "G", "name": "chr1:g.228187224G>T", "color": "orange", "all_alt": "T", "mid": 2110379.0, "gen_start": 228187224, "rsid": "rs183638587", "gen_end": 228187224, "cadd_score": -0.279242, "y": "0.78139", "x": "0.20577", "z": "0.6167", "deep_score": "FOXM1:3.29, ", "id": "chr1:g.228187224G>T", "size": 10}, {"style": "filled", "gen_chrom": "chr1", "all_ref": "G", "name": "chr1:g.228290920G>A", "color": "orange", "all_alt": "A", "mid": 2214075.0, "gen_start": 228290920, "gen_end": 228290920, "cadd_score": 0.135621, "y": "0.08948", "x": "0.88522", "z": "0.31535", "id": "chr1:g.228290920G>A", "size": 10}, {"style": "filled", "gene": true, "name": "ARF1: chr1:228268914-228271777", "color": "blue", "mid": 2194005, "fpkm": 373.7471, "tfbs": "AP-2gamma,CCNT2,CTCF,CTCFL_(SC-98982),E2F4,E2F6,E2F6_(H-50),ELF1_(SC-631),ETS1,Egr-1,FOSL2,GABP,GATA-1,HA-E2F1,HEY1,HMGN3,IRF1,JunD,Max,Nrf1,Oct-2,POU2F2,Pol2,Pol2(phosphoS2),Pol2-4H8,SIX5,SP1,Sin3Ak-20,TAF1,TAF7_(SQ-8),TBP,YY1,YY1_(C-20),ZBTB7A_(SC-34508),ZNF263,Znf143_(16618-1-AP),c-Myc", "y": "0.37785", "x": "0.43719", "z": "0.44108", "id": "chr1:228268914-228271777", "size": 25}, {"style": "filled", "gen_chrom": "chr1", "all_ref": "A", "name": "chr1:g.228247947A>G", "color": "orange", "all_alt": "G", "mid": 2171102.0, "gen_start": 228247947, "rsid": "rs777547224", "gen_end": 228247947, "cadd_score": 0.32113, "y": "0.25934", "x": "0.58489", "z": "0.97491", "id": "chr1:g.228247947A>G", "size": 10}, {"style": "filled", "gen_chrom": "chr1", "all_ref": "C", "name": "chr1:g.228192033C>T", "color": "orange", "all_alt": "T", "mid": 2115188.0, "gen_start": 228192033, "rsid": "rs113304793", "gen_end": 228192033, "cadd_score": 0.180263, "y": "0.83263", "x": "0.46155", "z": "0.24633", "id": "chr1:g.228192033C>T", "size": 10}, {"style": "filled", "gen_chrom": "chr1", "all_ref": "G", "name": "chr1:g.228290935G>C", "color": "orange", "all_alt": "C", "mid": 2214090.0, "gen_start": 228290935, "rsid": "rs746615017", "gen_end": 228290935, "cadd_score": -0.012949, "y": "0.31077", "x": "0.92961", "z": "0.21116", "id": "chr1:g.228290935G>C", "size": 10}, {"style": "filled", "gen_chrom": "chr1", "all_ref": "T", "name": "chr1:g.228187153T>C", "color": "orange", "all_alt": "C", "mid": 2110308.0, "gen_start": 228187153, "rsid": "rs1342351", "gen_end": 228187153, "cadd_score": -0.135138, "y": "0.79199", "x": "0.21313", "z": "0.41189", "id": "chr1:g.228187153T>C", "size": 10}, {"style": "filled", "gen_chrom": "chr1", "all_ref": "G", "name": "chr1:g.226078102G>A", "color": "orange", "all_alt": "A", "mid": 1257.0, "gen_start": 226078102, "rsid": "rs184132544", "gen_end": 226078102, "cadd_score": 1.297683, "y": "0.58032", "x": "0.97111", "z": "0.5936", "deep_score": "HNRNPH2:4.25, ", "id": "chr1:g.226078102G>A", "size": 10}, {"style": "filled", "gene": true, "name": "LEFTY1: chr1:226077680-226078560", "color": "blue", "mid": 1, "fpkm": 253.2055, "tfbs": "FOXA1_(SC-101058),FOXA2_(SC-6554),HDAC2_(SC-6296),HNF4A_(H-171),HNF4G_(SC-6558),NANOG_(SC-33759),POU5F1_(SC-9081),RXRA,SP1,p300", "y": "0.40538", "x": "0.69707", "z": "0.52835", "id": "chr1:226077680-226078560", "size": 50}, {"style": "filled", "gen_chrom": "chr1", "all_ref": "G", "name": "chr1:g.228270349G>T", "color": "orange", "all_alt": "T", "mid": 2193504.0, "gen_start": 228270349, "rsid": "rs183631631", "gen_end": 228270349, "cadd_score": 0.283642, "y": "0.12668", "x": "0.12689", "z": "0.26722", "deep_score": "SP1:13.0, ", "id": "chr1:g.228270349G>T", "size": 10}, {"style": "filled", "gen_chrom": "chr1", "all_ref": "G", "name": "chr1:g.228192648G>T", "color": "orange", "all_alt": "T", "mid": 2115803.0, "gen_start": 228192648, "rsid": "rs150352640", "gen_end": 228192648, "cadd_score": 0.195851, "y": "0.78946", "x": "0.67486", "z": "0.2245", "deep_score": "SRSF1:9.98, SRSF1:4.82, GBX1:3.32, ", "id": "chr1:g.228192648G>T", "size": 10}, {"style": "filled", "name": "chr1:228290881-228291503", "color": "grey", "mid": 2214347.0, "dist2anchor": 0, "y": "0.20802", "x": "0.73792", "z": "0.16277", "id": "chr1:228290881-228291503", "size": 20}, {"style": "filled", "name": "chr1:228260983-228262433", "color": "green", "mid": 2184863.0, "tfbs": "CTCF,CTCF_(C-20),CTCF_(SC-5916),Pol2,Rad21,SMC3_(ab9263)", "y": "0.53834", "x": "0.39247", "z": "0.44241", "id": "chr1:228260983-228262433", "size": 25}, {"style": "filled", "gen_chrom": "chr1", "all_ref": "A", "name": "chr1:g.228270268A>G", "color": "orange", "all_alt": "G", "mid": 2193423.0, "gen_start": 228270268, "rsid": "rs822733", "gen_end": 228270268, "cadd_score": -0.072621, "y": "0.21638", "x": "0.03356", "z": "0.59734", "id": "chr1:g.228270268A>G", "size": 10}, {"style": "filled", "gen_chrom": "chr1", "all_ref": "G", "name": "chr1:g.228247997G>C", "color": "orange", "all_alt": "C", "mid": 2171152.0, "gen_start": 228247997, "rsid": "rs759461721", "gen_end": 228247997, "cadd_score": 0.043574, "y": "0.01032", "x": "0.57397", "z": "0.80164", "id": "chr1:g.228247997G>C", "size": 10}, {"style": "filled", "gen_chrom": "chr1", "all_ref": "A", "name": "chr1:g.228247935A>C", "color": "orange", "all_alt": "C", "mid": 2171090.0, "gen_start": 228247935, "rsid": "rs754889166", "gen_end": 228247935, "cadd_score": 0.263788, "y": "0.07046", "x": "0.70431", "z": "0.82164", "id": "chr1:g.228247935A>C", "size": 10}, {"style": "filled", "gen_chrom": "chr1", "all_ref": "A", "name": "chr1:g.228290911A>T", "color": "orange", "all_alt": "T", "mid": 2214066.0, "gen_start": 228290911, "gen_end": 228290911, "cadd_score": -0.548558, "y": "0.06703", "x": "0.71633", "z": "0.1398", "deep_score": "RBM45:3.13, ", "id": "chr1:g.228290911A>T", "size": 10}, {"style": "filled", "gen_chrom": "chr1", "all_ref": "C", "name": "chr1:g.228270297C>T", "color": "orange", "all_alt": "T", "mid": 2193452.0, "gen_start": 228270297, "rsid": "rs139734880", "gen_end": 228270297, "cadd_score": 1.047559, "y": "0.17221", "x": "0.04297", "z": "0.42242", "id": "chr1:g.228270297C>T", "size": 10}, {"style": "filled", "gen_chrom": "chr1", "all_ref": "C", "name": "chr1:g.228247955C>T", "color": "orange", "all_alt": "T", "mid": 2171110.0, "gen_start": 228247955, "rsid": "rs770598373", "gen_end": 228247955, "cadd_score": 0.273552, "y": "0.41652", "x": "0.42228", "z": "0.98429", "id": "chr1:g.228247955C>T", "size": 10}, {"style": "filled", "gen_chrom": "chr1", "all_ref": "G", "name": "chr1:g.228269555G>C", "color": "orange", "all_alt": "C", "mid": 2192710.0, "gen_start": 228269555, "rsid": "rs187257280", "gen_end": 228269555, "cadd_score": 0.650253, "y": "0.01302", "x": "0.17143", "z": "0.52474", "deep_score": "CENPB:8.46, SRSF10:3.13, SRSF10:3.04, ", "id": "chr1:g.228269555G>C", "size": 10}, {"style": "filled", "gen_chrom": "chr1", "all_ref": "G", "name": "chr1:g.228269577G>A", "color": "orange", "all_alt": "A", "mid": 2192732.0, "gen_start": 228269577, "rsid": "rs146400368", "gen_end": 228269577, "cadd_score": 0.84137, "y": "0.08205", "x": "0.10626", "z": "0.59463", "id": "chr1:g.228269577G>A", "size": 10}, {"style": "filled", "gen_chrom": "chr1", "all_ref": "G", "name": "chr1:g.228290917G>C", "color": "orange", "all_alt": "C", "mid": 2214072.0, "gen_start": 228290917, "gen_end": 228290917, "cadd_score": 0.18928, "y": "0.33322", "x": "0.77333", "z": "0.04864", "id": "chr1:g.228290917G>C", "size": 10}, {"style": "filled", "gen_chrom": "chr1", "all_ref": "T", "name": "chr1:g.228247896T>C", "color": "orange", "all_alt": "C", "mid": 2171051.0, "gen_start": 228247896, "rsid": "rs746487405", "gen_end": 228247896, "cadd_score": -0.051605, "y": "0.31805", "x": "0.71515", "z": "0.9435", "deep_score": "SP1:5.43, ", "id": "chr1:g.228247896T>C", "size": 10}, {"style": "filled", "name": "chr1:228191496-228194056", "color": "green", "mid": 2115931.0, "tfbs": "CTCF,CTCFL_(SC-98982),CTCF_(C-20),CTCF_(SC-5916),Rad21,SMC3_(ab9263),SUZ12,USF-1,USF2", "y": "0.59956", "x": "0.42383", "z": "0.40498", "id": "chr1:228191496-228194056", "size": 25}, {"style": "filled", "gen_chrom": "chr1", "all_ref": "A", "name": "chr1:g.228248210A>C", "color": "orange", "all_alt": "C", "mid": 2171365.0, "gen_start": 228248210, "rsid": "rs115017967", "gen_end": 228248210, "cadd_score": 0.190088, "y": "0.24979", "x": "0.41228", "z": "0.97177", "id": "chr1:g.228248210A>C", "size": 10}, {"style": "filled", "gene": true, "name": "WNT3A: chr1:228194446-228195382", "color": "blue", "mid": 2117877, "fpkm": 41.36127, "tfbs": "Egr-1", "y": "0.55763", "x": "0.2616", "z": "0.2101", "id": "chr1:228194446-228195382", "size": 25}, {"style": "filled", "gen_chrom": "chr1", "all_ref": "G", "name": "chr1:g.228192622G>C", "color": "orange", "all_alt": "C", "grasp_pmid": "20383146,21909115,21909115,", "mid": 2115777.0, "gen_start": 228192622, "rsid": "rs697763", "gen_end": 228192622, "cadd_score": -0.068423, "grasp_pheno": "Chronic_kidney_disease_(CKD)_and_renal_traits,Blood_pressure,Blood_pressure,", "y": "0.80846", "x": "0.7613", "z": "0.33648", "id": "chr1:g.228192622G>C", "size": 10}, {"style": "filled", "gen_chrom": "chr1", "all_ref": "A", "name": "chr1:g.226078337A>G", "color": "orange", "all_alt": "G", "mid": 1492.0, "gen_start": 226078337, "rsid": "rs360060", "gen_end": 226078337, "cadd_score": -0.17935, "y": "0.58763", "x": "0.91024", "z": "0.71996", "id": "chr1:g.226078337A>G", "size": 10}, {"style": "filled", "gene": true, "name": "MIR3620,C1ORF35: chr1:228289489-228291531", "color": "blue", "mid": 2214177, "fpkm": 214.2611, "tfbs": "ATF3,BRCA1_(C-1863),CCNT2,CTCF,CTCFL_(SC-98982),CTCF_(C-20),CTCF_(SC-5916),E2F1,E2F4,E2F6,E2F6_(H-50),ELF1_(SC-631),ETS1,Egr-1,GATA-1,GRp20,HA-E2F1,HDAC2_(SC-6296),HEY1,HMGN3,HNF4A,IRF1,Ini1,JunD,Max,Mxi1_(bHLH),NFKB,NRSF,Nrf1,PAX5-C20,PAX5-N19,PU.1,Pol2,Pol2(phosphoS2),Pol2-4H8,RFX5_(N-494),SETDB1,SIX5,SP1,SRF,Sin3Ak-20,TAF1,TBP,THAP1_(SC-98174),TR4,YY1,YY1_(C-20),ZBTB33,ZBTB7A_(SC-34508),ZNF263,c-Jun,c-Myc,eGFP-JunD", "y": "0.44044", "x": "0.48124", "z": "0.37318", "id": "chr1:228289489-228291531", "size": 25}, {"style": "filled", "gen_chrom": "chr1", "all_ref": "C", "name": "chr1:g.228248049C>G", "color": "orange", "all_alt": "G", "mid": 2171204.0, "gen_start": 228248049, "rsid": "rs773510049", "gen_end": 228248049, "cadd_score": 0.31648, "y": "0.10408", "x": "0.63553", "z": "0.88982", "id": "chr1:g.228248049C>G", "size": 10}, {"style": "filled", "gen_chrom": "chr1", "all_ref": "A", "name": "chr1:g.228290974A>T", "color": "orange", "all_alt": "T", "mid": 2214129.0, "gen_start": 228290974, "rsid": "rs750726448", "gen_end": 228290974, "cadd_score": -0.061525, "y": "0.13005", "x": "0.55251", "z": "0.0491", "id": "chr1:g.228290974A>T", "size": 10}, {"style": "filled", "gen_chrom": "chr1", "all_ref": "G", "name": "chr1:g.228290920G>T", "color": "orange", "all_alt": "T", "mid": 2214075.0, "gen_start": 228290920, "gen_end": 228290920, "cadd_score": -0.185735, "y": "0.2013", "x": "0.93311", "z": "0.2728", "id": "chr1:g.228290920G>T", "size": 10}, {"style": "filled", "gen_chrom": "chr1", "all_ref": "G", "name": "chr1:g.228270163G>A", "color": "orange", "all_alt": "A", "mid": 2193318.0, "gen_start": 228270163, "rsid": "rs192793671", "gen_end": 228270163, "cadd_score": 0.446391, "y": "0.33154", "x": "0.00107", "z": "0.56437", "deep_score": "RBM4:3.34, GBX1:3.19, ", "id": "chr1:g.228270163G>A", "size": 10}, {"style": "filled", "gen_chrom": "chr1", "all_ref": "C", "name": "chr1:g.228192173C>T", "color": "orange", "all_alt": "T", "mid": 2115328.0, "gen_start": 228192173, "rsid": "rs192779550", "gen_end": 228192173, "cadd_score": 0.836197, "y": "0.89827", "x": "0.49693", "z": "0.52931", "id": "chr1:g.228192173C>T", "size": 10}, {"style": "filled", "gen_chrom": "chr1", "all_ref": "G", "name": "chr1:g.228247991G>A", "color": "orange", "all_alt": "A", "mid": 2171146.0, "gen_start": 228247991, "rsid": "rs766463625", "gen_end": 228247991, "cadd_score": 0.254419, "y": "0.19888", "x": "0.73622", "z": "0.89904", "deep_score": "PAX2:-5.43, ", "id": "chr1:g.228247991G>A", "size": 10}, {"style": "filled", "name": "chr1:228186712-228187375", "color": "grey", "mid": 2110198.5, "dist2anchor": 0, "y": "0.72377", "x": "0.18164", "z": "0.47601", "id": "chr1:228186712-228187375", "size": 20}, {"style": "filled", "gen_chrom": "chr1", "all_ref": "C", "name": "chr1:g.228192746C>G", "color": "orange", "all_alt": "G", "mid": 2115901.0, "gen_start": 228192746, "rsid": "rs76129308", "gen_end": 228192746, "cadd_score": 0.37085, "y": "0.84958", "x": "0.69556", "z": "0.5598", "id": "chr1:g.228192746C>G", "size": 10}], "links": [{"source": 0, "target": 29, "label": ""}, {"source": 1, "target": 48, "label": ""}, {"source": 2, "target": 21, "label": ""}, {"source": 3, "target": 29, "label": ""}, {"source": 4, "target": 28, "label": ""}, {"source": 5, "target": 21, "label": ""}, {"source": 6, "target": 48, "label": ""}, {"source": 7, "capacity": 1, "target": 35, "weight": 2, "label": 1}, {"source": 7, "capacity": 1, "target": 60, "weight": 2, "label": 1}, {"source": 7, "target": 21, "label": ""}, {"source": 7, "capacity": 1, "target": 10, "weight": 5, "label": 1}, {"source": 7, "capacity": 1, "target": 65, "weight": 3, "label": 1}, {"source": 7, "capacity": 1, "target": 49, "weight": 3, "label": 1}, {"source": 8, "target": 48, "label": ""}, {"source": 9, "target": 36, "label": ""}, {"source": 9, "target": 17, "label": ""}, {"source": 9, "target": 18, "label": ""}, {"source": 9, "target": 47, "label": ""}, {"source": 9, "target": 60, "label": ""}, {"source": 9, "target": 34, "label": ""}, {"source": 9, "target": 63, "label": ""}, {"source": 9, "target": 73, "label": ""}, {"source": 9, "target": 70, "label": ""}, {"source": 9, "target": 41, "label": ""}, {"source": 9, "target": 32, "label": ""}, {"source": 10, "capacity": 1, "target": 60, "weight": 2, "label": 1}, {"source": 11, "target": 21, "label": ""}, {"source": 12, "target": 29, "label": ""}, {"source": 13, "target": 48, "label": ""}, {"source": 14, "target": 29, "label": ""}, {"source": 15, "target": 48, "label": ""}, {"source": 16, "target": 29, "label": ""}, {"source": 19, "target": 48, "label": ""}, {"source": 20, "target": 21, "label": ""}, {"source": 21, "target": 51, "label": ""}, {"source": 21, "target": 52, "label": ""}, {"source": 21, "target": 55, "label": ""}, {"source": 21, "target": 40, "label": ""}, {"source": 21, "target": 61, "label": ""}, {"source": 21, "target": 23, "label": ""}, {"source": 21, "target": 66, "label": ""}, {"source": 21, "target": 30, "label": ""}, {"source": 21, "target": 71, "label": ""}, {"source": 21, "target": 59, "label": ""}, {"source": 22, "capacity": 1, "target": 60, "weight": 2, "label": 1}, {"source": 24, "target": 28, "label": ""}, {"source": 25, "target": 29, "label": ""}, {"source": 26, "target": 29, "label": ""}, {"source": 27, "target": 29, "label": ""}, {"source": 28, "target": 64, "label": ""}, {"source": 28, "target": 44, "label": ""}, {"source": 28, "target": 45, "label": ""}, {"source": 29, "target": 56, "label": ""}, {"source": 29, "target": 57, "label": ""}, {"source": 29, "target": 39, "label": ""}, {"source": 29, "target": 50, "label": ""}, {"source": 29, "target": 46, "label": ""}, {"source": 29, "target": 54, "label": ""}, {"source": 29, "target": 69, "label": ""}, {"source": 31, "target": 48, "label": ""}, {"source": 33, "target": 48, "label": ""}, {"source": 35, "capacity": 1, "target": 39, "weight": 3, "label": 1}, {"source": 35, "capacity": 1, "target": 60, "weight": 7, "label": 1}, {"source": 35, "capacity": 1, "target": 49, "weight": 14, "label": 1}, {"source": 35, "capacity": 1, "target": 65, "weight": 6, "label": 1}, {"source": 35, "target": 72, "label": ""}, {"source": 35, "capacity": 1, "target": 62, "weight": 2, "label": 1}, {"source": 37, "target": 72, "label": ""}, {"source": 38, "target": 48, "label": ""}, {"source": 39, "capacity": 1, "target": 45, "weight": 2, "label": 1}, {"source": 39, "capacity": 1, "target": 65, "weight": 4, "label": 1}, {"source": 42, "target": 48, "label": ""}, {"source": 43, "target": 72, "label": ""}, {"source": 48, "target": 58, "label": ""}, {"source": 48, "target": 65, "label": ""}, {"source": 48, "target": 53, "label": ""}, {"source": 48, "target": 68, "label": ""}, {"source": 48, "target": 67, "label": ""}, {"source": 49, "capacity": 1, "target": 60, "weight": 5, "label": 1}, {"source": 60, "capacity": 1, "target": 65, "weight": 2, "label": 1}], "multigraph": false}