{"directed": false, "graph": {"style": "filled", "data_type": "ChiA-PET", "tissue_type": "Adipose_Visceral_Omentum", "genome_version": "GRCh37.p13", "species": "Homo_Sapiens", "target_gene": "PSORS1C3,POU5F1"}, "nodes": [{"style": "filled", "gen_chrom": "chr6", "all_ref": "G", "name": "chr6:g.31126409G>T", "color": "orange", "all_alt": "T", "grasp_pmid": "20860503", "mid": -19266.0, "gen_start": 31126409, "rsid": "rs17197101", "gen_end": 31126409, "cadd_score": 0.447061, "grasp_pheno": "Asthma", "y": "0.62625", "x": "0.45438", "z": "0.00815", "id": "chr6:g.31126409G>T", "size": 10}, {"style": "filled", "gen_chrom": "chr6", "all_ref": "G", "name": "chr6:g.31140518G>A", "color": "orange", "all_alt": "A", "mid": -5157.0, "gen_start": 31140518, "rsid": "rs6909939", "gen_end": 31140518, "cadd_score": 0.034131, "y": "0.31356", "x": "0.5265", "z": "0.98447", "id": "chr6:g.31140518G>A", "size": 10}, {"style": "filled", "gen_chrom": "chr6", "all_ref": "G", "name": "chr6:g.31140808G>A", "color": "orange", "all_alt": "A", "mid": -4867.0, "gen_start": 31140808, "rsid": "rs6910473", "gen_end": 31140808, "cadd_score": 0.295254, "y": "0.43026", "x": "0.68316", "z": "0.96992", "deep_score": "HNRNPH2:5.84, ", "id": "chr6:g.31140808G>A", "size": 10}, {"style": "filled", "gen_chrom": "chr6", "all_ref": "C", "name": "chr6:g.31140445C>T", "color": "orange", "all_alt": "T", "mid": -5230.0, "gen_start": 31140445, "rsid": "rs9501064", "gen_end": 31140445, "cadd_score": 0.13055, "y": "0.37091", "x": "0.85913", "z": "0.83888", "id": "chr6:g.31140445C>T", "size": 10}, {"style": "filled", "gen_chrom": "chr6", "all_ref": "C", "name": "chr6:g.31160380C>T", "color": "orange", "all_alt": "T", "mid": 14705.0, "gen_start": 31160380, "rsid": "rs137895370", "gen_end": 31160380, "cadd_score": 0.262424, "y": "0.34163", "x": "0.04729", "z": "0.70935", "id": "chr6:g.31160380C>T", "size": 10}, {"style": "filled", "gen_chrom": "chr6", "all_ref": "G", "name": "chr6:g.31107502G>C", "color": "orange", "all_alt": "C", "mid": -38173.0, "gen_start": 31107502, "gen_end": 31107502, "cadd_score": -1.508347, "y": "0.0", "x": "0.29678", "z": "0.38518", "deep_score": "SRSF1:10.28, SRSF1:7.89, SRSF1:6.14, CENPB:3.66, ", "id": "chr6:g.31107502G>C", "size": 10}, {"style": "filled", "gen_chrom": "chr6", "all_ref": "C", "name": "chr6:g.31105466C>G", "color": "orange", "all_alt": "G", "grasp_pmid": "20453842", "mid": -40209.0, "gen_start": 31105466, "rsid": "rs3132558", "gen_end": 31105466, "cadd_score": 0.289829, "grasp_pheno": "Rheumatoid_arthritis", "y": "0.2323", "x": "0.87955", "z": "0.22892", "deep_score": "ZNF784:4.44, ", "id": "chr6:g.31105466C>G", "size": 10}, {"style": "filled", "gen_chrom": "chr6", "all_ref": "C", "name": "chr6:g.31126252C>A", "color": "orange", "all_alt": "A", "grasp_pmid": "19060906,20383146,20453842,20686565,20686565,20686565,20881960,21355061,", "mid": -19423.0, "gen_start": 31126252, "rsid": "rs3130456", "gen_end": 31126252, "cadd_score": 1.320964, "grasp_pheno": "Lipid_level_measurements,Chronic_kidney_disease_(CKD)_and_renal_traits,Rheumatoid_arthritis,Lipid_level_measurements,Lipid_level_measurements,Lipid_level_measurements,Height,Albuminuria,_,_in_urine,_,_", "y": "0.79253", "x": "0.67107", "z": "0.12474", "id": "chr6:g.31126252C>A", "size": 10}, {"style": "filled", "gen_chrom": "chr6", "all_ref": "G", "name": "chr6:g.31140759G>A", "color": "orange", "all_alt": "A", "mid": -4916.0, "gen_start": 31140759, "rsid": "rs190951129", "gen_end": 31140759, "cadd_score": 0.259516, "y": "0.15287", "x": "0.43045", "z": "0.89968", "id": "chr6:g.31140759G>A", "size": 10}, {"style": "filled", "name": "chr6:31110751-31111346", "color": "grey", "mid": -34626.5, "dist2anchor": 0, "y": "0.88334", "x": "0.57541", "z": "0.633", "id": "chr6:31110751-31111346", "size": 20}, {"style": "filled", "gen_chrom": "chr6", "all_ref": "T", "name": "chr6:g.31140088T>C", "color": "orange", "all_alt": "C", "mid": -5587.0, "gen_start": 31140088, "rsid": "rs3132519", "gen_end": 31140088, "cadd_score": -0.090889, "y": "0.25711", "x": "0.88252", "z": "0.76255", "id": "chr6:g.31140088T>C", "size": 10}, {"style": "filled", "gen_chrom": "chr6", "all_ref": "G", "name": "chr6:g.31140737G>T", "color": "orange", "all_alt": "T", "mid": -4938.0, "gen_start": 31140737, "rsid": "rs186547408", "gen_end": 31140737, "cadd_score": -0.013604, "y": "0.36579", "x": "0.76352", "z": "0.92372", "id": "chr6:g.31140737G>T", "size": 10}, {"style": "filled", "name": "chr6:31107264-31107776", "color": "grey", "mid": -38155.0, "dist2anchor": 0, "y": "0.16288", "x": "0.25397", "z": "0.20468", "id": "chr6:31107264-31107776", "size": 20}, {"style": "filled", "gen_chrom": "chr6", "all_ref": "G", "name": "chr6:g.31140125G>C", "color": "orange", "all_alt": "C", "mid": -5550.0, "gen_start": 31140125, "rsid": "rs181411189", "gen_end": 31140125, "cadd_score": 0.198036, "y": "0.41477", "x": "0.5536", "z": "1.0", "id": "chr6:g.31140125G>C", "size": 10}, {"style": "filled", "gene": true, "name": "PSORS1C2: chr6:31106989-31108031", "color": "blue", "mid": -38548, "fpkm": 0.0, "tfbs": "CTCF", "y": "0.24576", "x": "0.40987", "z": "0.34006", "id": "chr6:31106989-31108031", "size": 25}, {"style": "filled", "gen_chrom": "chr6", "all_ref": "C", "name": "chr6:g.31107473C>G", "color": "orange", "all_alt": "G", "mid": -38202.0, "gen_start": 31107473, "gen_end": 31107473, "cadd_score": -1.436479, "y": "0.04079", "x": "0.37434", "z": "0.20912", "id": "chr6:g.31107473C>G", "size": 10}, {"style": "filled", "gen_chrom": "chr6", "all_ref": "T", "name": "chr6:g.31107665T>G", "color": "orange", "all_alt": "G", "mid": -38010.0, "gen_start": 31107665, "gen_end": 31107665, "cadd_score": -1.600888, "y": "0.10466", "x": "0.46026", "z": "0.10917", "id": "chr6:g.31107665T>G", "size": 10}, {"style": "filled", "gen_chrom": "chr6", "all_ref": "A", "name": "chr6:g.31110785A>C", "color": "orange", "all_alt": "C", "mid": -34890.0, "gen_start": 31110785, "gen_end": 31110785, "cadd_score": -1.389056, "y": "0.83439", "x": "0.71516", "z": "0.77496", "id": "chr6:g.31110785A>C", "size": 10}, {"style": "filled", "gen_chrom": "chr6", "all_ref": "G", "name": "chr6:g.31160381G>A", "color": "orange", "all_alt": "A", "mid": 14706.0, "gen_start": 31160381, "rsid": "rs190229656", "gen_end": 31160381, "cadd_score": 0.130604, "y": "0.56962", "x": "0.0", "z": "0.59227", "id": "chr6:g.31160381G>A", "size": 10}, {"style": "filled", "gene": true, "name": "PSORS1C3,POU5F1: chr6:31139238-31141623", "color": "blue", "mid": 1, "fpkm": 0.0, "tfbs": "BCL11A,BCL3,CtBP2,JunD,MafK_(ab50322),NANOG_(SC-33759),POU5F1_(SC-9081),Pol2,Pol2-4H8,RXRA,SP1,Sin3Ak-20,TAF1,TAF7_(SQ-8),TBP,TCF12,YY1_(C-20),eGFP-FOS,eGFP-JunD,p300", "y": "0.37149", "x": "0.61337", "z": "0.54664", "id": "chr6:31139238-31141623", "size": 50}, {"style": "filled", "gen_chrom": "chr6", "all_ref": "A", "name": "chr6:g.31110763A>G", "color": "orange", "all_alt": "G", "mid": -34912.0, "gen_start": 31110763, "gen_end": 31110763, "cadd_score": -1.955109, "y": "0.81882", "x": "0.8017", "z": "0.68906", "id": "chr6:g.31110763A>G", "size": 10}, {"style": "filled", "name": "chr6:31125988-31126582", "color": "grey", "mid": -19390.0, "dist2anchor": 0, "y": "0.67409", "x": "0.58724", "z": "0.11206", "id": "chr6:31125988-31126582", "size": 20}, {"style": "filled", "name": "chr6:31110571-31111498", "color": "grey", "mid": -34640.5, "tfbs": "", "y": "0.64252", "x": "0.62496", "z": "0.48077", "id": "chr6:31110571-31111498", "size": 20}, {"style": "filled", "gen_chrom": "chr6", "all_ref": "A", "name": "chr6:g.31110763A>C", "color": "orange", "all_alt": "C", "mid": -34912.0, "gen_start": 31110763, "rsid": "rs771541490", "gen_end": 31110763, "cadd_score": -1.580974, "y": "0.96943", "x": "0.4035", "z": "0.55937", "id": "chr6:g.31110763A>C", "size": 10}, {"style": "filled", "name": "chr6:31159792-31161666", "color": "green", "mid": 15054.0, "tfbs": "CTCF,CTCF_(C-20),CTCF_(SC-5916),Oct-2,POU2F2,RFX5_(N-494),Rad21,SMC3_(ab9263),TBP,TFIIIC-110,YY1_(C-20),Znf143_(16618-1-AP)", "y": "0.36345", "x": "0.50175", "z": "0.4282", "id": "chr6:31159792-31161666", "size": 25}, {"style": "filled", "gen_chrom": "chr6", "all_ref": "A", "name": "chr6:g.31140152A>C", "color": "orange", "all_alt": "C", "grasp_pmid": "20339536,20383146,20383146,20453842,20686565,22064162,22132133,", "mid": -5523.0, "gen_start": 31140152, "rsid": "rs885950", "gen_end": 31140152, "cadd_score": 0.068206, "grasp_pheno": "Response_to_statin_treatment_(simvastatin,_,_pravastatin,_,_atorvastatin),_,_change_in_cholesterol_levels,_,_Chronic_kidney_disease_(CKD)_and_renal_traits,Chronic_kidney_disease_(CKD)_and_renal_traits,Rheumatoid_arthritis,Lipid_level_measurements,Comorbid_depressive_syndrome_and_alcohol_dependence,Taste_perception,", "y": "0.09228", "x": "0.64868", "z": "0.82023", "deep_score": "RBM24:7.4, TARDBP:4.52, BRUNOL5:3.83, ", "id": "chr6:g.31140152A>C", "size": 10}, {"style": "filled", "gen_chrom": "chr6", "all_ref": "T", "name": "chr6:g.31126153T>C", "color": "orange", "all_alt": "C", "mid": -19522.0, "gen_start": 31126153, "rsid": "rs183877616", "gen_end": 31126153, "cadd_score": 2.182777, "y": "0.84088", "x": "0.45399", "z": "0.14573", "id": "chr6:g.31126153T>C", "size": 10}, {"style": "filled", "gen_chrom": "chr6", "all_ref": "A", "name": "chr6:g.31141127A>G", "color": "orange", "all_alt": "G", "grasp_pmid": "20339536,20453842,20686565,", "mid": -4548.0, "gen_start": 31141127, "rsid": "rs2269713", "gen_end": 31141127, "cadd_score": -0.195239, "grasp_pheno": "Response_to_statin_treatment_(simvastatin,_,_pravastatin,_,_atorvastatin),_,_change_in_cholesterol_levels,_,_Rheumatoid_arthritis,Lipid_level_measurements,", "y": "0.14267", "x": "0.82065", "z": "0.7339", "deep_score": "HuR:3.3, ", "id": "chr6:g.31141127A>G", "size": 10}, {"style": "filled", "gen_chrom": "chr6", "all_ref": "A", "name": "chr6:g.31107655A>C", "color": "orange", "all_alt": "C", "mid": -38020.0, "gen_start": 31107655, "gen_end": 31107655, "cadd_score": -1.404874, "y": "0.16022", "x": "0.31046", "z": "0.10102", "id": "chr6:g.31107655A>C", "size": 10}, {"style": "filled", "gen_chrom": "chr6", "all_ref": "C", "name": "chr6:g.31140411C>T", "color": "orange", "all_alt": "T", "mid": -5264.0, "gen_start": 31140411, "rsid": "rs17197227", "gen_end": 31140411, "cadd_score": 0.187551, "y": "0.28218", "x": "0.41674", "z": "0.96148", "id": "chr6:g.31140411C>T", "size": 10}, {"style": "filled", "gen_chrom": "chr6", "all_ref": "T", "name": "chr6:g.31126127T>C", "color": "orange", "all_alt": "C", "mid": -19548.0, "gen_start": 31126127, "rsid": "rs17190736", "gen_end": 31126127, "cadd_score": 0.252786, "y": "0.68988", "x": "0.78775", "z": "0.12765", "id": "chr6:g.31126127T>C", "size": 10}, {"style": "filled", "gen_chrom": "chr6", "all_ref": "A", "name": "chr6:g.31110794A>C", "color": "orange", "all_alt": "C", "mid": -34881.0, "gen_start": 31110794, "gen_end": 31110794, "cadd_score": -2.010224, "y": "0.83907", "x": "0.42013", "z": "0.82777", "id": "chr6:g.31110794A>C", "size": 10}, {"style": "filled", "gen_chrom": "chr6", "all_ref": "C", "name": "chr6:g.31125993C>G", "color": "orange", "all_alt": "G", "grasp_pmid": "19060906,20339536,20453842,20686565,20686565,20686565,20881960,", "mid": -19682.0, "gen_start": 31125993, "rsid": "rs720468", "gen_end": 31125993, "cadd_score": 0.660561, "grasp_pheno": "Lipid_level_measurements,Response_to_statin_treatment_(simvastatin,_,_pravastatin,_,_atorvastatin),_,_change_in_cholesterol_levels,_,_Rheumatoid_arthritis,Lipid_level_measurements,Lipid_level_measurements,Lipid_level_measurements,Height,", "y": "0.73896", "x": "0.36202", "z": "0.08837", "deep_score": "SP1:4.86, ", "id": "chr6:g.31125993C>G", "size": 10}, {"style": "filled", "gen_chrom": "chr6", "all_ref": "C", "name": "chr6:g.31140615C>T", "color": "orange", "all_alt": "T", "mid": -5060.0, "gen_start": 31140615, "rsid": "rs9501065", "gen_end": 31140615, "cadd_score": 0.312525, "y": "0.17903", "x": "0.54447", "z": "0.92219", "id": "chr6:g.31140615C>T", "size": 10}, {"style": "filled", "gen_chrom": "chr6", "all_ref": "A", "name": "chr6:g.31110817A>G", "color": "orange", "all_alt": "G", "mid": -34858.0, "gen_start": 31110817, "gen_end": 31110817, "cadd_score": -1.54725, "y": "0.93654", "x": "0.36746", "z": "0.64997", "id": "chr6:g.31110817A>G", "size": 10}, {"style": "filled", "gen_chrom": "chr6", "all_ref": "A", "name": "chr6:g.31110794A>G", "color": "orange", "all_alt": "G", "mid": -34881.0, "gen_start": 31110794, "rsid": "rs759693243", "gen_end": 31110794, "cadd_score": -1.289802, "y": "0.82133", "x": "0.59309", "z": "0.84225", "id": "chr6:g.31110794A>G", "size": 10}, {"style": "filled", "gen_chrom": "chr6", "all_ref": "A", "name": "chr6:g.31107638A>G", "color": "orange", "all_alt": "G", "mid": -38037.0, "gen_start": 31107638, "gen_end": 31107638, "cadd_score": -1.863018, "y": "0.1383", "x": "0.1388", "z": "0.27771", "id": "chr6:g.31107638A>G", "size": 10}, {"style": "filled", "name": "chr6:31139595-31141279", "color": "grey", "mid": -5238.0, "dist2anchor": 0, "y": "0.24572", "x": "0.65312", "z": "0.85501", "id": "chr6:31139595-31141279", "size": 20}, {"style": "filled", "gen_chrom": "chr6", "all_ref": "A", "name": "chr6:g.31140532A>G", "color": "orange", "all_alt": "G", "grasp_pmid": "20081858,20383146,20383146,21051598,22064162,", "mid": -5143.0, "gen_start": 31140532, "rsid": "rs885948", "gen_end": 31140532, "cadd_score": 0.037713, "grasp_pheno": "Glucose_homeostasis_traits_(fasting_glucose,_,_fasting_insulin,_,_HOMA-B,_,_HOMA-IR),_,_Chronic_kidney_disease_(CKD)_and_renal_traits,Chronic_kidney_disease_(CKD)_and_renal_traits,HIV-1_control_and_progression,Comorbid_depressive_syndrome_and_alcohol_dependence,", "y": "0.06061", "x": "0.71303", "z": "0.72526", "id": "chr6:g.31140532A>G", "size": 10}, {"style": "filled", "gen_chrom": "chr6", "all_ref": "G", "name": "chr6:g.31110781G>A", "color": "orange", "all_alt": "A", "mid": -34894.0, "gen_start": 31110781, "gen_end": 31110781, "cadd_score": -1.739568, "y": "0.92948", "x": "0.70497", "z": "0.56845", "id": "chr6:g.31110781G>A", "size": 10}, {"style": "filled", "gen_chrom": "chr6", "all_ref": "G", "name": "chr6:g.31110781G>C", "color": "orange", "all_alt": "C", "mid": -34894.0, "gen_start": 31110781, "gen_end": 31110781, "cadd_score": -2.040421, "y": "0.96876", "x": "0.44022", "z": "0.46226", "id": "chr6:g.31110781G>C", "size": 10}, {"style": "filled", "gen_chrom": "chr6", "all_ref": "T", "name": "chr6:g.31110830T>C", "color": "orange", "all_alt": "C", "mid": -34845.0, "gen_start": 31110830, "gen_end": 31110830, "cadd_score": -1.288139, "y": "0.87924", "x": "0.31853", "z": "0.71357", "id": "chr6:g.31110830T>C", "size": 10}, {"style": "filled", "gen_chrom": "chr6", "all_ref": "A", "name": "chr6:g.31107617A>G", "color": "orange", "all_alt": "G", "mid": -38058.0, "gen_start": 31107617, "gen_end": 31107617, "cadd_score": -1.603028, "y": "0.3665", "x": "0.1317", "z": "0.12734", "id": "chr6:g.31107617A>G", "size": 10}, {"style": "filled", "gen_chrom": "chr6", "all_ref": "G", "name": "chr6:g.31110781G>T", "color": "orange", "all_alt": "T", "mid": -34894.0, "gen_start": 31110781, "gen_end": 31110781, "cadd_score": -1.750046, "y": "0.89941", "x": "0.48666", "z": "0.76936", "id": "chr6:g.31110781G>T", "size": 10}, {"style": "filled", "gen_chrom": "chr6", "all_ref": "T", "name": "chr6:g.31107665T>A", "color": "orange", "all_alt": "A", "mid": -38010.0, "gen_start": 31107665, "gen_end": 31107665, "cadd_score": -1.537336, "y": "0.21028", "x": "0.42143", "z": "0.04013", "id": "chr6:g.31107665T>A", "size": 10}, {"style": "filled", "name": "chr6:31104766-31106283", "color": "green", "mid": -40150.5, "tfbs": "CTCF,CTCF_(C-20),CTCF_(SC-5916),E2F6,E2F6_(H-50),ELF1_(SC-631),NANOG_(SC-33759),Rad21,SMC3_(ab9263),YY1,YY1_(C-20),ZBTB7A_(SC-34508),Znf143_(16618-1-AP)", "y": "0.34634", "x": "0.57665", "z": "0.39436", "id": "chr6:31104766-31106283", "size": 25}, {"style": "filled", "gen_chrom": "chr6", "all_ref": "G", "name": "chr6:g.31126348G>T", "color": "orange", "all_alt": "T", "mid": -19327.0, "gen_start": 31126348, "rsid": "rs188935152", "gen_end": 31126348, "cadd_score": 1.889432, "y": "0.57734", "x": "0.75705", "z": "0.05471", "deep_score": "FOXD2:3.16, ", "id": "chr6:g.31126348G>T", "size": 10}, {"style": "filled", "gen_chrom": "chr6", "all_ref": "G", "name": "chr6:g.31110839G>C", "color": "orange", "all_alt": "C", "mid": -34836.0, "gen_start": 31110839, "gen_end": 31110839, "cadd_score": -1.436054, "y": "0.94095", "x": "0.5952", "z": "0.66712", "deep_score": "HNRNPH2:4.77, ", "id": "chr6:g.31110839G>C", "size": 10}, {"style": "filled", "gen_chrom": "chr6", "all_ref": "A", "name": "chr6:g.31107585A>G", "color": "orange", "all_alt": "G", "mid": -38090.0, "gen_start": 31107585, "gen_end": 31107585, "cadd_score": -1.718877, "y": "0.12737", "x": "0.10817", "z": "0.39288", "id": "chr6:g.31107585A>G", "size": 10}, {"style": "filled", "gen_chrom": "chr6", "all_ref": "C", "name": "chr6:g.31126232C>T", "color": "orange", "all_alt": "T", "mid": -19443.0, "gen_start": 31126232, "rsid": "rs17197087", "gen_end": 31126232, "cadd_score": 1.244052, "y": "0.58553", "x": "0.62959", "z": "0.0", "deep_score": "REST:5.38, ", "id": "chr6:g.31126232C>T", "size": 10}, {"style": "filled", "gen_chrom": "chr6", "all_ref": "C", "name": "chr6:g.31140741C>G", "color": "orange", "all_alt": "G", "grasp_pmid": "20041166,20453842,", "mid": -4934.0, "gen_start": 31140741, "rsid": "rs1265158", "gen_end": 31140741, "cadd_score": 0.060052, "grasp_pheno": "HIV-1_viral_load_at_set_point,Rheumatoid_arthritis,", "y": "0.22791", "x": "0.78245", "z": "0.85206", "id": "chr6:g.31140741C>G", "size": 10}, {"style": "filled", "gen_chrom": "chr6", "all_ref": "A", "name": "chr6:g.31107585A>C", "color": "orange", "all_alt": "C", "mid": -38090.0, "gen_start": 31107585, "gen_end": 31107585, "cadd_score": -1.724292, "y": "0.00307", "x": "0.44909", "z": "0.25451", "deep_score": "PAX2:4.34, ", "id": "chr6:g.31107585A>C", "size": 10}, {"style": "filled", "gen_chrom": "chr6", "all_ref": "A", "name": "chr6:g.31110777A>T", "color": "orange", "all_alt": "T", "mid": -34898.0, "gen_start": 31110777, "gen_end": 31110777, "cadd_score": -1.244874, "y": "0.9121", "x": "0.75386", "z": "0.47386", "id": "chr6:g.31110777A>T", "size": 10}, {"style": "filled", "gen_chrom": "chr6", "all_ref": "C", "name": "chr6:g.31126138C>T", "color": "orange", "all_alt": "T", "mid": -19537.0, "gen_start": 31126138, "rsid": "rs145563272", "gen_end": 31126138, "cadd_score": 1.014056, "y": "0.7672", "x": "0.49995", "z": "0.06432", "id": "chr6:g.31126138C>T", "size": 10}, {"style": "filled", "name": "chr6:31105336-31105571", "color": "grey", "mid": -40221.5, "dist2anchor": 0, "y": "0.17869", "x": "0.80767", "z": "0.28717", "id": "chr6:31105336-31105571", "size": 20}, {"style": "filled", "gen_chrom": "chr6", "all_ref": "A", "name": "chr6:g.31107557A>G", "color": "orange", "all_alt": "G", "mid": -38118.0, "gen_start": 31107557, "gen_end": 31107557, "cadd_score": -1.520461, "y": "0.284", "x": "0.20141", "z": "0.08971", "id": "chr6:g.31107557A>G", "size": 10}, {"style": "filled", "gen_chrom": "chr6", "all_ref": "C", "name": "chr6:g.31140068C>T", "color": "orange", "all_alt": "T", "mid": -5607.0, "gen_start": 31140068, "rsid": "rs116371977", "gen_end": 31140068, "cadd_score": 0.085494, "y": "0.05882", "x": "0.52513", "z": "0.81131", "id": "chr6:g.31140068C>T", "size": 10}, {"style": "filled", "gen_chrom": "chr6", "all_ref": "A", "name": "chr6:g.31107499A>T", "color": "orange", "all_alt": "T", "mid": -38176.0, "gen_start": 31107499, "gen_end": 31107499, "cadd_score": -1.468407, "y": "0.24318", "x": "0.05735", "z": "0.30314", "deep_score": "SRSF1:9.52, SRSF1:7.5, SRSF1:5.32, SRSF9:3.43, ", "id": "chr6:g.31107499A>T", "size": 10}, {"style": "filled", "gen_chrom": "chr6", "all_ref": "A", "name": "chr6:g.31107440A>G", "color": "orange", "all_alt": "G", "mid": -38235.0, "gen_start": 31107440, "rsid": "rs770578502", "gen_end": 31107440, "cadd_score": -1.675363, "y": "0.03959", "x": "0.23313", "z": "0.32396", "deep_score": "A1CF:3.14, ", "id": "chr6:g.31107440A>G", "size": 10}, {"style": "filled", "name": "chr6:31160320-31160594", "color": "grey", "mid": 14782.0, "dist2anchor": 0, "y": "0.42671", "x": "0.14281", "z": "0.58727", "id": "chr6:31160320-31160594", "size": 20}, {"style": "filled", "gen_chrom": "chr6", "all_ref": "T", "name": "chr6:g.31107441T>C", "color": "orange", "all_alt": "C", "mid": -38234.0, "gen_start": 31107441, "gen_end": 31107441, "cadd_score": -1.744748, "y": "0.31365", "x": "0.07463", "z": "0.21352", "id": "chr6:g.31107441T>C", "size": 10}, {"style": "filled", "gen_chrom": "chr6", "all_ref": "C", "name": "chr6:g.31107587C>G", "color": "orange", "all_alt": "G", "mid": -38088.0, "gen_start": 31107587, "gen_end": 31107587, "cadd_score": -1.534641, "y": "0.30764", "x": "0.30171", "z": "0.02946", "deep_score": "PAX2:5.12, ", "id": "chr6:g.31107587C>G", "size": 10}, {"style": "filled", "gene": true, "name": "TCF19,CCHCR1: chr6:31125430-31127946", "color": "blue", "mid": -19373, "fpkm": 249.2675, "tfbs": "BATF,CCNT2,CHD2_(N-1250),CTCF,E2F1,E2F4,E2F6,E2F6_(H-50),EBF1_(C-8),ELF1_(SC-631),ETS1,Egr-1,GABP,GATA-1,HA-E2F1,HEY1,HMGN3,HNF4A,HNF4A_(H-171),HNF4G_(SC-6558),IRF1,IRF3,MEF2A,Max,Mxi1_(bHLH),NF-YA,NF-YB,Nrf1,Pol2,Pol2-4H8,RFX5_(N-494),SP1,SP2_(SC-643),Sin3Ak-20,TAF1,TBP,TCF4,THAP1_(SC-98174),ZBTB7A_(SC-34508),ZEB1_(SC-25388),c-Fos", "y": "0.46702", "x": "0.58818", "z": "0.41463", "id": "chr6:31125430-31127946", "size": 25}, {"style": "filled", "gen_chrom": "chr6", "all_ref": "G", "name": "chr6:g.31110800G>C", "color": "orange", "all_alt": "C", "mid": -34875.0, "gen_start": 31110800, "gen_end": 31110800, "cadd_score": -2.119768, "y": "0.84025", "x": "0.82434", "z": "0.56804", "id": "chr6:g.31110800G>C", "size": 10}, {"style": "filled", "gen_chrom": "chr6", "all_ref": "G", "name": "chr6:g.31160394G>T", "color": "orange", "all_alt": "T", "mid": 14719.0, "gen_start": 31160394, "rsid": "rs140765682", "gen_end": 31160394, "cadd_score": -0.14716, "y": "0.46673", "x": "0.00754", "z": "0.66904", "deep_score": "BARHL2:3.28, PHOX2A:3.19, ", "id": "chr6:g.31160394G>T", "size": 10}, {"style": "filled", "gen_chrom": "chr6", "all_ref": "G", "name": "chr6:g.31110761G>C", "color": "orange", "all_alt": "C", "mid": -34914.0, "gen_start": 31110761, "gen_end": 31110761, "cadd_score": -1.662837, "y": "0.97211", "x": "0.58804", "z": "0.45344", "id": "chr6:g.31110761G>C", "size": 10}], "links": [{"source": 0, "target": 21, "label": ""}, {"source": 1, "target": 37, "label": ""}, {"source": 2, "target": 37, "label": ""}, {"source": 3, "target": 37, "label": ""}, {"source": 4, "target": 59, "label": ""}, {"source": 5, "target": 12, "label": ""}, {"source": 6, "target": 54, "label": ""}, {"source": 7, "target": 21, "label": ""}, {"source": 8, "target": 37, "label": ""}, {"source": 9, "target": 39, "label": ""}, {"source": 9, "target": 52, "label": ""}, {"source": 9, "target": 47, "label": ""}, {"source": 9, "target": 40, "label": ""}, {"source": 9, "target": 20, "label": ""}, {"source": 9, "target": 23, "label": ""}, {"source": 9, "target": 34, "label": ""}, {"source": 9, "target": 22, "label": ""}, {"source": 9, "target": 41, "label": ""}, {"source": 9, "target": 17, "label": ""}, {"source": 9, "target": 43, "label": ""}, {"source": 9, "target": 63, "label": ""}, {"source": 9, "target": 65, "label": ""}, {"source": 9, "target": 31, "label": ""}, {"source": 9, "target": 35, "label": ""}, {"source": 10, "target": 37, "label": ""}, {"source": 11, "target": 37, "label": ""}, {"source": 12, "target": 60, "label": ""}, {"source": 12, "target": 61, "label": ""}, {"source": 12, "target": 36, "label": ""}, {"source": 12, "target": 58, "label": ""}, {"source": 12, "target": 28, "label": ""}, {"source": 12, "target": 57, "label": ""}, {"source": 12, "target": 55, "label": ""}, {"source": 12, "target": 42, "label": ""}, {"source": 12, "target": 44, "label": ""}, {"source": 12, "target": 16, "label": ""}, {"source": 12, "target": 51, "label": ""}, {"source": 12, "target": 14, "label": ""}, {"source": 12, "target": 48, "label": ""}, {"source": 12, "target": 15, "label": ""}, {"source": 13, "target": 37, "label": ""}, {"source": 14, "capacity": 1, "target": 24, "weight": 3, "label": 1}, {"source": 18, "target": 59, "label": ""}, {"source": 19, "target": 37, "label": ""}, {"source": 19, "capacity": 1, "target": 24, "weight": 2, "label": 1}, {"source": 19, "capacity": 1, "target": 62, "weight": 4, "label": 1}, {"source": 21, "target": 53, "label": ""}, {"source": 21, "target": 49, "label": ""}, {"source": 21, "target": 26, "label": ""}, {"source": 21, "target": 46, "label": ""}, {"source": 21, "target": 62, "label": ""}, {"source": 21, "target": 30, "label": ""}, {"source": 21, "target": 32, "label": ""}, {"source": 22, "capacity": 1, "target": 62, "weight": 3, "label": 1}, {"source": 24, "target": 59, "label": ""}, {"source": 24, "capacity": 1, "target": 45, "weight": 19, "label": 1}, {"source": 24, "capacity": 1, "target": 62, "weight": 5, "label": 1}, {"source": 25, "target": 37, "label": ""}, {"source": 27, "target": 37, "label": ""}, {"source": 29, "target": 37, "label": ""}, {"source": 33, "target": 37, "label": ""}, {"source": 37, "target": 38, "label": ""}, {"source": 37, "target": 56, "label": ""}, {"source": 37, "target": 50, "label": ""}, {"source": 45, "capacity": 1, "target": 62, "weight": 4, "label": 1}, {"source": 45, "target": 54, "label": ""}, {"source": 59, "target": 64, "label": ""}], "multigraph": false}