{"directed": false, "graph": {"style": "filled", "data_type": "ChiA-PET", "tissue_type": "Adipose_Visceral_Omentum", "genome_version": "GRCh37.p13", "species": "Homo_Sapiens", "target_gene": "DUSP6"}, "nodes": [{"style": "filled", "name": "chr12:89919114-89920167", "color": "grey", "mid": 173345.5, "dist2anchor": 0, "y": "0.43041", "x": "0.79596", "z": "0.18588", "id": "chr12:89919114-89920167", "size": 20}, {"style": "filled", "gen_chrom": "chr12", "all_ref": "A", "name": "chr12:g.89918228A>C", "color": "orange", "all_alt": "C", "mid": 171933.0, "gen_start": 89918228, "gen_end": 89918228, "cadd_score": -1.966876, "y": "0.01755", "x": "0.4008", "z": "0.49906", "id": "chr12:g.89918228A>C", "size": 10}, {"style": "filled", "name": "chr12:89386752-89388325", "color": "grey", "mid": -358756.5, "tfbs": "CTCF,CTCF_(C-20),CTCF_(SC-5916),Rad21,SMC3_(ab9263)", "y": "0.5081", "x": "0.61355", "z": "0.8419", "id": "chr12:89386752-89388325", "size": 20}, {"style": "filled", "gen_chrom": "chr12", "all_ref": "A", "name": "chr12:g.89918228A>T", "color": "orange", "all_alt": "T", "mid": 171933.0, "gen_start": 89918228, "gen_end": 89918228, "cadd_score": -1.931413, "y": "0.03485", "x": "0.66812", "z": "0.58919", "id": "chr12:g.89918228A>T", "size": 10}, {"style": "filled", "gen_chrom": "chr12", "all_ref": "C", "name": "chr12:g.89747967C>A", "color": "orange", "all_alt": "A", "mid": 1672.0, "gen_start": 89747967, "rsid": "rs111648630", "gen_end": 89747967, "cadd_score": 1.070881, "y": "0.86498", "x": "0.18689", "z": "0.31885", "id": "chr12:g.89747967C>A", "size": 10}, {"style": "filled", "gen_chrom": "chr12", "all_ref": "G", "name": "chr12:g.89745792G>T", "color": "orange", "all_alt": "T", "mid": -503.0, "gen_start": 89745792, "gen_end": 89745792, "cadd_score": 0.25831, "y": "0.97681", "x": "0.73144", "z": "0.50355", "deep_score": "USF1:-3.9, ", "id": "chr12:g.89745792G>T", "size": 10}, {"style": "filled", "gen_chrom": "chr12", "all_ref": "G", "name": "chr12:g.89748240G>C", "color": "orange", "all_alt": "C", "mid": 1945.0, "gen_start": 89748240, "rsid": "rs76422167", "gen_end": 89748240, "cadd_score": 1.167257, "gtex_eqtl_pval": 0.125337, "y": "0.68351", "x": "0.0912", "z": "0.2497", "id": "chr12:g.89748240G>C", "size": 10}, {"style": "filled", "gen_chrom": "chr12", "all_ref": "T", "name": "chr12:g.89778241T>C", "color": "orange", "all_alt": "C", "mid": 31946.0, "gen_start": 89778241, "rsid": "rs145493777", "gen_end": 89778241, "cadd_score": -0.083343, "y": "0.59883", "x": "0.32298", "z": "0.97534", "id": "chr12:g.89778241T>C", "size": 10}, {"style": "filled", "gen_chrom": "chr12", "all_ref": "G", "name": "chr12:g.89747396G>T", "color": "orange", "all_alt": "T", "mid": 1101.0, "gen_start": 89747396, "rsid": "rs190636987", "gen_end": 89747396, "cadd_score": 0.466989, "gtex_eqtl_pval": 0.991028, "y": "0.58799", "x": "0.0", "z": "0.46281", "id": "chr12:g.89747396G>T", "size": 10}, {"style": "filled", "gen_chrom": "chr12", "all_ref": "T", "name": "chr12:g.89918167T>C", "color": "orange", "all_alt": "C", "mid": 171872.0, "gen_start": 89918167, "gen_end": 89918167, "cadd_score": -2.596788, "y": "0.13995", "x": "0.49003", "z": "0.8546", "id": "chr12:g.89918167T>C", "size": 10}, {"style": "filled", "gen_chrom": "chr12", "all_ref": "C", "name": "chr12:g.89919475C>G", "color": "orange", "all_alt": "G", "mid": 173180.0, "gen_start": 89919475, "gen_end": 89919475, "cadd_score": -0.120141, "y": "0.52163", "x": "0.93595", "z": "0.22154", "id": "chr12:g.89919475C>G", "size": 10}, {"style": "filled", "gen_chrom": "chr12", "all_ref": "T", "name": "chr12:g.89748216T>G", "color": "orange", "all_alt": "G", "mid": 1921.0, "gen_start": 89748216, "rsid": "rs143602141", "gen_end": 89748216, "cadd_score": 1.738956, "y": "0.5591", "x": "0.04149", "z": "0.28484", "id": "chr12:g.89748216T>G", "size": 10}, {"style": "filled", "gen_chrom": "chr12", "all_ref": "G", "name": "chr12:g.89778026G>C", "color": "orange", "all_alt": "C", "grasp_pmid": "20383146", "mid": 31731.0, "gen_start": 89778026, "id": "chr12:g.89778026G>C", "rsid": "rs17362991", "gen_end": 89778026, "cadd_score": 0.347108, "grasp_pheno": "Chronic_kidney_disease_(CKD)_and_renal_traits", "y": "0.59835", "x": "0.11532", "z": "0.80702", "gtex_eqtl_pval": 0.4924, "size": 10}, {"style": "filled", "name": "chr12:89777800-89778258", "color": "grey", "mid": 31734.0, "dist2anchor": 28086, "y": "0.67091", "x": "0.26703", "z": "0.85166", "id": "chr12:89777800-89778258", "size": 20}, {"style": "filled", "name": "chr12:89740121-89740314", "color": "grey", "mid": -6077.5, "dist2anchor": 0, "y": "0.90273", "x": "0.37399", "z": "0.54575", "id": "chr12:89740121-89740314", "size": 20}, {"style": "filled", "name": "chr12:89918143-89918780", "color": "grey", "mid": 172166.5, "dist2anchor": 0, "y": "0.08909", "x": "0.51677", "z": "0.65009", "id": "chr12:89918143-89918780", "size": 20}, {"style": "filled", "gen_chrom": "chr12", "all_ref": "T", "name": "chr12:g.89918236T>C", "color": "orange", "all_alt": "C", "mid": 171941.0, "gen_start": 89918236, "rsid": "rs778290969", "gen_end": 89918236, "cadd_score": -1.940394, "y": "0.02404", "x": "0.61888", "z": "0.49974", "deep_score": "SRSF10:5.23, ", "id": "chr12:g.89918236T>C", "size": 10}, {"style": "filled", "gen_chrom": "chr12", "all_ref": "T", "name": "chr12:g.89918260T>C", "color": "orange", "all_alt": "C", "mid": 171965.0, "gen_start": 89918260, "rsid": "rs772244715", "gen_end": 89918260, "cadd_score": -1.909898, "y": "0.06924", "x": "0.69645", "z": "0.68229", "id": "chr12:g.89918260T>C", "size": 10}, {"style": "filled", "name": "chr12:89747105-89748380", "color": "grey", "mid": 1447.5, "dist2anchor": 0, "y": "0.66433", "x": "0.14045", "z": "0.341", "id": "chr12:89747105-89748380", "size": 20}, {"style": "filled", "gen_chrom": "chr12", "all_ref": "C", "name": "chr12:g.89747164C>A", "color": "orange", "all_alt": "A", "mid": 869.0, "gen_start": 89747164, "rsid": "rs147584553", "gen_end": 89747164, "cadd_score": 0.730465, "y": "0.79775", "x": "0.11924", "z": "0.31749", "id": "chr12:g.89747164C>A", "size": 10}, {"style": "filled", "gene": true, "name": "DUSP6: chr12:89742492-89749715", "color": "blue", "mid": 1, "fpkm": 468.7793, "tfbs": "AP-2gamma,BAF155,BCL11A,BHLHE40,CEBPB,CHD2_(N-1250),CTCF,E2F1,E2F6,ELF1_(SC-631),ELK4,ERalpha_a,Egr-1,FOSL2,FOXA1_(C-20),FOXA1_(SC-101058),FOXA2_(SC-6554),GABP,GATA-1,GATA-2,GATA3_(SC-268),GR,GTF2F1_(RAP-74),HA-E2F1,HDAC2_(SC-6296),HEY1,HNF4A_(H-171),HNF4G_(SC-6558),Ini1,JunD,KAP1,MafF_(M8194),MafK_(SC-477),MafK_(ab50322),Max,Mxi1_(bHLH),NANOG_(SC-33759),NRSF,Nrf1,Oct-2,PAX5-C20,POU2F2,POU5F1_(SC-9081),PU.1,Pol2,Pol2(b),Pol2(phosphoS2),Pol2-4H8,RFX5_(N-494),RXRA,Rad21,SP1,SREBP1,STAT3,SUZ12,Sin3Ak-20,TAF1,TAF7_(SQ-8),TBP,TCF12,TCF4,USF-1,USF1_(SC-8983),USF2,YY1_(C-20),ZNF263,c-Fos,c-Jun,c-Myc,p300,p300_(N-15)", "y": "0.57496", "x": "0.47787", "z": "0.5988", "id": "chr12:89742492-89749715", "size": 50}, {"style": "filled", "gen_chrom": "chr12", "all_ref": "G", "name": "chr12:g.89919526G>C", "color": "orange", "all_alt": "C", "mid": 173231.0, "gen_start": 89919526, "gen_end": 89919526, "cadd_score": 0.022841, "y": "0.62998", "x": "0.85868", "z": "0.15655", "deep_score": "SRSF1:6.41, ", "id": "chr12:g.89919526G>C", "size": 10}, {"style": "filled", "gen_chrom": "chr12", "all_ref": "T", "name": "chr12:g.89777851T>C", "color": "orange", "all_alt": "C", "mid": 31556.0, "gen_start": 89777851, "rsid": "rs144423415", "gen_end": 89777851, "cadd_score": 0.462763, "y": "0.79659", "x": "0.185", "z": "0.76619", "id": "chr12:g.89777851T>C", "size": 10}, {"style": "filled", "name": "chr12:89410396-89411862", "color": "green", "mid": -335166.0, "tfbs": "CTCF,CTCF_(C-20),CTCF_(SC-5916),FOXA1_(C-20),GATA-2,RFX5_(N-494),RPC155,Rad21,SMC3_(ab9263),TFIIIC-110,Znf143_(16618-1-AP)", "y": "0.49671", "x": "0.52191", "z": "0.52166", "id": "chr12:89410396-89411862", "size": 25}, {"style": "filled", "gen_chrom": "chr12", "all_ref": "G", "name": "chr12:g.89919496G>C", "color": "orange", "all_alt": "C", "mid": 173201.0, "gen_start": 89919496, "gen_end": 89919496, "cadd_score": -0.009594, "y": "0.3484", "x": "0.92839", "z": "0.26397", "id": "chr12:g.89919496G>C", "size": 10}, {"style": "filled", "gen_chrom": "chr12", "all_ref": "A", "name": "chr12:g.89778003A>G", "color": "orange", "all_alt": "G", "mid": 31708.0, "gen_start": 89778003, "rsid": "rs147393160", "gen_end": 89778003, "cadd_score": 0.016561, "y": "0.81855", "x": "0.26508", "z": "0.83553", "deep_score": "HNRNPH2:-3.85, ", "id": "chr12:g.89778003A>G", "size": 10}, {"style": "filled", "gen_chrom": "chr12", "all_ref": "T", "name": "chr12:g.89745799T>C", "color": "orange", "all_alt": "C", "mid": -496.0, "gen_start": 89745799, "gen_end": 89745799, "cadd_score": -0.115369, "y": "0.9462", "x": "0.68822", "z": "0.71304", "id": "chr12:g.89745799T>C", "size": 10}, {"style": "filled", "gen_chrom": "chr12", "all_ref": "G", "name": "chr12:g.89641648G>A", "color": "orange", "all_alt": "A", "mid": -104647.0, "gen_start": 89641648, "rsid": "rs188375923", "gen_end": 89641648, "cadd_score": 1.772827, "y": "0.33634", "x": "0.89291", "z": "0.78099", "id": "chr12:g.89641648G>A", "size": 10}, {"style": "filled", "gen_chrom": "chr12", "all_ref": "A", "name": "chr12:g.89641620A>G", "color": "orange", "all_alt": "G", "mid": -104675.0, "gen_start": 89641620, "rsid": "rs192795004", "gen_end": 89641620, "cadd_score": 1.328658, "y": "0.27081", "x": "0.82516", "z": "0.82083", "id": "chr12:g.89641620A>G", "size": 10}, {"style": "filled", "name": "chr12:89412676-89414326", "color": "green", "mid": -332794.0, "tfbs": "CTCF,CTCFL_(SC-98982),CTCF_(C-20),CTCF_(SC-5916),ELF1_(SC-631),FOXA1_(C-20),GATA-2,JunD,Rad21,SMC3_(ab9263),STAT3,YY1_(C-20),Znf143_(16618-1-AP),c-Fos,c-Jun,c-Myc", "y": "0.50686", "x": "0.55238", "z": "0.63767", "id": "chr12:89412676-89414326", "size": 25}, {"style": "filled", "gen_chrom": "chr12", "all_ref": "A", "name": "chr12:g.89919478A>C", "color": "orange", "all_alt": "C", "mid": 173183.0, "gen_start": 89919478, "gen_end": 89919478, "cadd_score": 0.073914, "y": "0.44064", "x": "0.95841", "z": "0.27999", "id": "chr12:g.89919478A>C", "size": 10}, {"style": "filled", "gen_chrom": "chr12", "all_ref": "G", "name": "chr12:g.89619495G>A", "color": "orange", "all_alt": "A", "mid": -126800.0, "gen_start": 89619495, "rsid": "rs138924039", "gen_end": 89619495, "cadd_score": 0.221306, "y": "0.23403", "x": "0.08385", "z": "0.57244", "id": "chr12:g.89619495G>A", "size": 10}, {"style": "filled", "gen_chrom": "chr12", "all_ref": "G", "name": "chr12:g.89919499G>C", "color": "orange", "all_alt": "C", "mid": 173204.0, "gen_start": 89919499, "gen_end": 89919499, "cadd_score": 0.063304, "y": "0.37819", "x": "0.85245", "z": "0.14622", "id": "chr12:g.89919499G>C", "size": 10}, {"style": "filled", "name": "chr12:89854680-89856487", "color": "grey", "mid": 109288.5, "tfbs": "CEBPB,CTCF,CTCF_(C-20),CTCF_(SC-5916),GATA3_(SC-268),Rad21,SMC3_(ab9263),STAT3,USF1_(SC-8983)", "y": "0.52392", "x": "0.52971", "z": "0.58679", "id": "chr12:89854680-89856487", "size": 20}, {"style": "filled", "gen_chrom": "chr12", "all_ref": "T", "name": "chr12:g.89918163T>C", "color": "orange", "all_alt": "C", "mid": 171868.0, "gen_start": 89918163, "gen_end": 89918163, "cadd_score": -2.018004, "y": "0.11157", "x": "0.40807", "z": "0.81686", "id": "chr12:g.89918163T>C", "size": 10}, {"style": "filled", "gen_chrom": "chr12", "all_ref": "T", "name": "chr12:g.89919440T>G", "color": "orange", "all_alt": "G", "mid": 173145.0, "gen_start": 89919440, "gen_end": 89919440, "cadd_score": 0.022269, "y": "0.29377", "x": "0.76303", "z": "0.11745", "id": "chr12:g.89919440T>G", "size": 10}, {"style": "filled", "gen_chrom": "chr12", "all_ref": "T", "name": "chr12:g.89918161T>C", "color": "orange", "all_alt": "C", "mid": 171866.0, "gen_start": 89918161, "gen_end": 89918161, "cadd_score": -2.010774, "y": "0.04589", "x": "0.49352", "z": "0.72845", "id": "chr12:g.89918161T>C", "size": 10}, {"style": "filled", "name": "chr12:89847731-89848883", "color": "red", "mid": 102012.0, "tfbs": "GATA-2,USF-1", "y": "0.59677", "x": "0.4994", "z": "0.73424", "id": "chr12:89847731-89848883", "size": 25}, {"style": "filled", "gen_chrom": "chr12", "all_ref": "G", "name": "chr12:g.89919471G>T", "color": "orange", "all_alt": "T", "mid": 173176.0, "gen_start": 89919471, "gen_end": 89919471, "cadd_score": 0.023685, "y": "0.27164", "x": "0.86984", "z": "0.23434", "id": "chr12:g.89919471G>T", "size": 10}, {"style": "filled", "gen_chrom": "chr12", "all_ref": "G", "name": "chr12:g.89739712G>A", "color": "orange", "all_alt": "A", "mid": -6583.0, "gen_start": 89739712, "rsid": "rs190327772", "gen_end": 89739712, "cadd_score": -0.140732, "y": "0.29068", "x": "0.32673", "z": "0.08927", "id": "chr12:g.89739712G>A", "size": 10}, {"style": "filled", "gen_chrom": "chr12", "all_ref": "G", "name": "chr12:g.89919471G>C", "color": "orange", "all_alt": "C", "mid": 173176.0, "gen_start": 89919471, "gen_end": 89919471, "cadd_score": -0.107305, "y": "0.55147", "x": "0.70444", "z": "0.03869", "id": "chr12:g.89919471G>C", "size": 10}, {"style": "filled", "gen_chrom": "chr12", "all_ref": "A", "name": "chr12:g.89739786A>G", "color": "orange", "all_alt": "G", "mid": -6509.0, "gen_start": 89739786, "rsid": "rs143446148", "gen_end": 89739786, "cadd_score": 0.644364, "y": "0.37496", "x": "0.39015", "z": "0.02466", "id": "chr12:g.89739786A>G", "size": 10}, {"style": "filled", "name": "chr12:89745748-89746606", "color": "grey", "mid": -118.0, "dist2anchor": 0, "y": "0.8441", "x": "0.77556", "z": "0.60151", "id": "chr12:89745748-89746606", "size": 20}, {"style": "filled", "gen_chrom": "chr12", "all_ref": "A", "name": "chr12:g.89918179A>T", "color": "orange", "all_alt": "T", "mid": 171884.0, "gen_start": 89918179, "gen_end": 89918179, "cadd_score": -2.758491, "y": "0.00162", "x": "0.52484", "z": "0.57376", "id": "chr12:g.89918179A>T", "size": 10}, {"style": "filled", "gen_chrom": "chr12", "all_ref": "A", "name": "chr12:g.89919572A>C", "color": "orange", "all_alt": "C", "mid": 173277.0, "gen_start": 89919572, "gen_end": 89919572, "cadd_score": 0.011681, "y": "0.31735", "x": "0.68994", "z": "0.06738", "deep_score": "E2F7:5.07, ", "id": "chr12:g.89919572A>C", "size": 10}, {"style": "filled", "gen_chrom": "chr12", "all_ref": "C", "name": "chr12:g.89747105C>A", "color": "orange", "all_alt": "A", "mid": 810.0, "gen_start": 89747105, "rsid": "rs185392462", "gen_end": 89747105, "cadd_score": 0.362624, "y": "0.81774", "x": "0.10698", "z": "0.43118", "id": "chr12:g.89747105C>A", "size": 10}, {"style": "filled", "gen_chrom": "chr12", "all_ref": "T", "name": "chr12:g.89919664T>C", "color": "orange", "all_alt": "C", "mid": 173369.0, "gen_start": 89919664, "gen_end": 89919664, "cadd_score": -0.093724, "y": "0.23121", "x": "0.77622", "z": "0.18127", "id": "chr12:g.89919664T>C", "size": 10}, {"style": "filled", "name": "chr12:89641304-89641694", "color": "grey", "mid": -104796.0, "dist2anchor": 68372, "y": "0.34385", "x": "0.7381", "z": "0.86714", "id": "chr12:89641304-89641694", "size": 20}, {"style": "filled", "name": "chr12:89619427-89620004", "color": "grey", "mid": -126579.5, "dist2anchor": 90062, "y": "0.25406", "x": "0.19484", "z": "0.66892", "id": "chr12:89619427-89620004", "size": 20}, {"style": "filled", "gen_chrom": "chr12", "all_ref": "A", "name": "chr12:g.89918162A>C", "color": "orange", "all_alt": "C", "mid": 171867.0, "gen_start": 89918162, "gen_end": 89918162, "cadd_score": -2.037444, "y": "0.06456", "x": "0.32487", "z": "0.65947", "id": "chr12:g.89918162A>C", "size": 10}, {"style": "filled", "gen_chrom": "chr12", "all_ref": "C", "name": "chr12:g.89747397C>T", "color": "orange", "all_alt": "T", "mid": 1102.0, "gen_start": 89747397, "rsid": "rs180761447", "gen_end": 89747397, "cadd_score": 1.105096, "gtex_eqtl_pval": 0.885203, "y": "0.73311", "x": "0.04325", "z": "0.44657", "id": "chr12:g.89747397C>T", "size": 10}, {"style": "filled", "gen_chrom": "chr12", "all_ref": "G", "name": "chr12:g.89777859G>A", "color": "orange", "all_alt": "A", "grasp_pmid": "20881960", "mid": 31564.0, "gen_start": 89777859, "id": "chr12:g.89777859G>A", "rsid": "rs12824510", "gen_end": 89777859, "cadd_score": 0.325161, "grasp_pheno": "Height", "y": "0.532", "x": "0.24138", "z": "0.93084", "gtex_eqtl_pval": 0.635447, "size": 10}, {"style": "filled", "gen_chrom": "chr12", "all_ref": "A", "name": "chr12:g.89919527A>C", "color": "orange", "all_alt": "C", "mid": 173232.0, "gen_start": 89919527, "gen_end": 89919527, "cadd_score": 0.030976, "y": "0.4256", "x": "0.69013", "z": "0.03353", "deep_score": "SRSF1:6.15, ", "id": "chr12:g.89919527A>C", "size": 10}, {"style": "filled", "gen_chrom": "chr12", "all_ref": "T", "name": "chr12:g.89745778T>C", "color": "orange", "all_alt": "C", "mid": -517.0, "gen_start": 89745778, "gen_end": 89745778, "cadd_score": -0.051197, "y": "0.7876", "x": "0.87639", "z": "0.73472", "id": "chr12:g.89745778T>C", "size": 10}, {"style": "filled", "name": "chr12:89923011-89924349", "color": "grey", "mid": 177385.0, "tfbs": "CTCF,CTCF_(C-20),CTCF_(SC-5916),FOXA1_(C-20),FOXA1_(SC-101058),FOXA2_(SC-6554),Rad21,SMC3_(ab9263),Znf143_(16618-1-AP)", "y": "0.43668", "x": "0.72603", "z": "0.6182", "id": "chr12:89923011-89924349", "size": 20}, {"style": "filled", "gen_chrom": "chr12", "all_ref": "C", "name": "chr12:g.89748376C>T", "color": "orange", "all_alt": "T", "mid": 2081.0, "gen_start": 89748376, "rsid": "rs114312633", "gen_end": 89748376, "cadd_score": 0.59836, "gtex_eqtl_pval": 0.684726, "y": "0.50521", "x": "0.01233", "z": "0.37695", "id": "chr12:g.89748376C>T", "size": 10}, {"style": "filled", "gen_chrom": "chr12", "all_ref": "C", "name": "chr12:g.89739494C>T", "color": "orange", "all_alt": "T", "mid": -6801.0, "gen_start": 89739494, "rsid": "rs148839394", "gen_end": 89739494, "cadd_score": 0.397934, "y": "0.56358", "x": "0.32893", "z": "0.03069", "id": "chr12:g.89739494C>T", "size": 10}, {"style": "filled", "name": "chr12:89739071-89740811", "color": "red", "mid": -6354.0, "tfbs": "BATF,BCL11A,GATA-2,IRF4_(M-17),MEF2A,MEF2C_(SC-13268),NFKB,Oct-2,PAX5-N19,POU2F2,PU.1,Pol2,Pol2(b),Pol2-4H8,Rad21,TCF12,YY1_(C-20),c-Fos,c-Jun,p300", "y": "0.60268", "x": "0.45843", "z": "0.4804", "id": "chr12:89739071-89740811", "size": 25}, {"style": "filled", "name": "chr12:89710065-89711227", "color": "red", "mid": -35649.0, "tfbs": "FOXA1_(C-20),GATA3_(SC-268),KAP1", "y": "0.43595", "x": "0.47235", "z": "0.69949", "id": "chr12:89710065-89711227", "size": 25}, {"style": "filled", "gen_chrom": "chr12", "all_ref": "A", "name": "chr12:g.89747833A>T", "color": "orange", "all_alt": "T", "mid": 1538.0, "gen_start": 89747833, "rsid": "rs12300350", "gen_end": 89747833, "cadd_score": 1.491058, "gtex_eqtl_pval": 0.697711, "y": "0.64358", "x": "0.01961", "z": "0.39247", "id": "chr12:g.89747833A>T", "size": 10}, {"style": "filled", "gen_chrom": "chr12", "all_ref": "T", "name": "chr12:g.89778033T>C", "color": "orange", "all_alt": "C", "mid": 31738.0, "gen_start": 89778033, "rsid": "rs139657581", "gen_end": 89778033, "cadd_score": 0.525193, "y": "0.71582", "x": "0.14561", "z": "0.81018", "id": "chr12:g.89778033T>C", "size": 10}, {"style": "filled", "gen_chrom": "chr12", "all_ref": "A", "name": "chr12:g.89745808A>G", "color": "orange", "all_alt": "G", "mid": -487.0, "gen_start": 89745808, "gen_end": 89745808, "cadd_score": 0.192833, "y": "0.87791", "x": "0.72904", "z": "0.7792", "id": "chr12:g.89745808A>G", "size": 10}, {"style": "filled", "gene": true, "name": "GALNT4,POC1B-GALNT4,POC1B: chr12:89917551-89920653", "color": "blue", "mid": 173744, "fpkm": 53.24045, "tfbs": "CEBPB,CTCF,CTCFL_(SC-98982),CTCF_(C-20),CTCF_(SC-5916),E2F4,E2F6,E2F6_(H-50),ELF1_(SC-631),ETS1,GABP,GTF2F1_(RAP-74),HA-E2F1,HEY1,HMGN3,IRF4_(M-17),Max,Mxi1_(bHLH),NFKB,Oct-2,POU2F2,PU.1,Pol2,Pol2(phosphoS2),Pol2-4H8,Rad21,SETDB1,SIX5,SMC3_(ab9263),SP1,SRF,Sin3Ak-20,TAF1,TBP,TCF4,THAP1_(SC-98174),TR4,WHIP,YY1,YY1_(C-20),ZBTB7A_(SC-34508),ZEB1_(SC-25388),Znf143_(16618-1-AP),c-Myc,eGFP-JunB,eGFP-JunD,p300", "y": "0.42616", "x": "0.59777", "z": "0.53449", "id": "chr12:89917551-89920653", "size": 25}, {"style": "filled", "gen_chrom": "chr12", "all_ref": "G", "name": "chr12:g.89918170G>C", "color": "orange", "all_alt": "C", "mid": 171875.0, "gen_start": 89918170, "gen_end": 89918170, "cadd_score": -2.492404, "y": "0.11293", "x": "0.5779", "z": "0.82479", "id": "chr12:g.89918170G>C", "size": 10}, {"style": "filled", "gen_chrom": "chr12", "all_ref": "A", "name": "chr12:g.89918153A>G", "color": "orange", "all_alt": "G", "mid": 171858.0, "gen_start": 89918153, "gen_end": 89918153, "cadd_score": -2.042427, "y": "0.0", "x": "0.50545", "z": "0.47438", "id": "chr12:g.89918153A>G", "size": 10}, {"style": "filled", "gen_chrom": "chr12", "all_ref": "G", "name": "chr12:g.89641645G>A", "color": "orange", "all_alt": "A", "mid": -104650.0, "gen_start": 89641645, "rsid": "rs184748131", "gen_end": 89641645, "cadd_score": 1.919039, "y": "0.40553", "x": "0.83199", "z": "0.89173", "id": "chr12:g.89641645G>A", "size": 10}, {"style": "filled", "gen_chrom": "chr12", "all_ref": "G", "name": "chr12:g.89745791G>C", "color": "orange", "all_alt": "C", "mid": -504.0, "gen_start": 89745791, "gen_end": 89745791, "cadd_score": 0.271968, "y": "0.89003", "x": "0.82773", "z": "0.41111", "id": "chr12:g.89745791G>C", "size": 10}, {"style": "filled", "gen_chrom": "chr12", "all_ref": "C", "name": "chr12:g.89747406C>A", "color": "orange", "all_alt": "A", "mid": 1111.0, "gen_start": 89747406, "rsid": "rs141987723", "gen_end": 89747406, "cadd_score": 1.235184, "y": "0.65668", "x": "0.16933", "z": "0.15886", "id": "chr12:g.89747406C>A", "size": 10}, {"style": "filled", "gen_chrom": "chr12", "all_ref": "C", "name": "chr12:g.89619973C>T", "color": "orange", "all_alt": "T", "mid": -126322.0, "gen_start": 89619973, "rsid": "rs111798090", "gen_end": 89619973, "cadd_score": 0.857714, "y": "0.27239", "x": "0.1001", "z": "0.69476", "id": "chr12:g.89619973C>T", "size": 10}, {"style": "filled", "gen_chrom": "chr12", "all_ref": "A", "name": "chr12:g.89918147A>C", "color": "orange", "all_alt": "C", "mid": 171852.0, "gen_start": 89918147, "gen_end": 89918147, "cadd_score": -2.010792, "y": "0.07278", "x": "0.62656", "z": "0.748", "id": "chr12:g.89918147A>C", "size": 10}, {"style": "filled", "gen_chrom": "chr12", "all_ref": "A", "name": "chr12:g.89918147A>T", "color": "orange", "all_alt": "T", "mid": 171852.0, "gen_start": 89918147, "gen_end": 89918147, "cadd_score": -2.010884, "y": "0.07538", "x": "0.36805", "z": "0.74361", "id": "chr12:g.89918147A>T", "size": 10}, {"style": "filled", "gen_chrom": "chr12", "all_ref": "T", "name": "chr12:g.89919453T>C", "color": "orange", "all_alt": "C", "mid": 173158.0, "gen_start": 89919453, "gen_end": 89919453, "cadd_score": 0.002973, "y": "0.47684", "x": "0.77938", "z": "0.0676", "id": "chr12:g.89919453T>C", "size": 10}, {"style": "filled", "gene": true, "name": "POC1B: chr12:89863999-89865435", "color": "blue", "mid": 144824, "fpkm": 0.0, "tfbs": "CTCF,CTCF_(C-20),CTCF_(SC-5916),FOXA1_(C-20),Rad21,SMC3_(ab9263)", "y": "0.42709", "x": "0.64609", "z": "0.60089", "id": "chr12:89863999-89865435", "size": 25}, {"style": "filled", "gen_chrom": "chr12", "all_ref": "G", "name": "chr12:g.89745748G>T", "color": "orange", "all_alt": "T", "mid": -547.0, "gen_start": 89745748, "gen_end": 89745748, "cadd_score": 0.321619, "y": "0.99508", "x": "0.65719", "z": "0.56635", "id": "chr12:g.89745748G>T", "size": 10}, {"style": "filled", "gen_chrom": "chr12", "all_ref": "G", "name": "chr12:g.89746109G>T", "color": "orange", "all_alt": "T", "mid": -186.0, "gen_start": 89746109, "rsid": "rs183833024", "gen_end": 89746109, "cadd_score": -0.376097, "y": "0.81271", "x": "0.91304", "z": "0.61911", "id": "chr12:g.89746109G>T", "size": 10}, {"style": "filled", "name": "chr12:89444167-89446364", "color": "grey", "mid": -301029.5, "tfbs": "CTCF,CTCF_(C-20),CTCF_(SC-5916),GATA3_(SC-268),NRSF,Rad21,SMC3_(ab9263)", "y": "0.51774", "x": "0.57338", "z": "0.57828", "id": "chr12:89444167-89446364", "size": 20}, {"style": "filled", "gen_chrom": "chr12", "all_ref": "G", "name": "chr12:g.89745986G>A", "color": "orange", "all_alt": "A", "mid": -309.0, "gen_start": 89745986, "rsid": "rs142927078", "gen_end": 89745986, "cadd_score": -0.05762, "y": "0.849", "x": "0.89692", "z": "0.47236", "deep_score": "FLI1:4.81, ERG:4.29, ", "id": "chr12:g.89745986G>A", "size": 10}, {"style": "filled", "gen_chrom": "chr12", "all_ref": "G", "name": "chr12:g.89745802G>C", "color": "orange", "all_alt": "C", "mid": -493.0, "gen_start": 89745802, "gen_end": 89745802, "cadd_score": 0.326717, "y": "0.90577", "x": "0.83898", "z": "0.55742", "id": "chr12:g.89745802G>C", "size": 10}, {"style": "filled", "gen_chrom": "chr12", "all_ref": "C", "name": "chr12:g.89747452C>T", "color": "orange", "all_alt": "T", "mid": 1157.0, "gen_start": 89747452, "rsid": "rs145732560", "gen_end": 89747452, "cadd_score": 0.993687, "y": "0.8239", "x": "0.21717", "z": "0.22702", "id": "chr12:g.89747452C>T", "size": 10}, {"style": "filled", "gen_chrom": "chr12", "all_ref": "G", "name": "chr12:g.89745748G>C", "color": "orange", "all_alt": "C", "mid": -547.0, "gen_start": 89745748, "rsid": "rs765444393", "gen_end": 89745748, "cadd_score": 0.302447, "y": "0.94885", "x": "0.74745", "z": "0.64111", "id": "chr12:g.89745748G>C", "size": 10}, {"style": "filled", "gen_chrom": "chr12", "all_ref": "C", "name": "chr12:g.89739840C>T", "color": "orange", "all_alt": "T", "mid": -6455.0, "gen_start": 89739840, "rsid": "rs182895007", "gen_end": 89739840, "cadd_score": 1.552835, "y": "0.38478", "x": "0.26688", "z": "0.06812", "id": "chr12:g.89739840C>T", "size": 10}, {"style": "filled", "gen_chrom": "chr12", "all_ref": "C", "name": "chr12:g.89747501C>T", "color": "orange", "all_alt": "T", "mid": 1206.0, "gen_start": 89747501, "rsid": "rs114117218", "gen_end": 89747501, "cadd_score": 1.046766, "gtex_eqtl_pval": 0.916661, "y": "0.55827", "x": "0.10554", "z": "0.18715", "id": "chr12:g.89747501C>T", "size": 10}, {"style": "filled", "gen_chrom": "chr12", "all_ref": "G", "name": "chr12:g.89778228G>C", "color": "orange", "all_alt": "C", "mid": 31933.0, "gen_start": 89778228, "rsid": "rs114680709", "gen_end": 89778228, "cadd_score": 0.540054, "y": "0.69245", "x": "0.37978", "z": "0.96936", "id": "chr12:g.89778228G>C", "size": 10}, {"style": "filled", "gen_chrom": "chr12", "all_ref": "C", "name": "chr12:g.89740238C>T", "color": "orange", "all_alt": "T", "mid": -6057.0, "gen_start": 89740238, "rsid": "rs112041795", "gen_end": 89740238, "cadd_score": 1.463485, "gtex_eqtl_pval": 0.510522, "y": "1.0", "x": "0.37489", "z": "0.5887", "id": "chr12:g.89740238C>T", "size": 10}, {"style": "filled", "gen_chrom": "chr12", "all_ref": "G", "name": "chr12:g.89746232G>A", "color": "orange", "all_alt": "A", "mid": -63.0, "gen_start": 89746232, "rsid": "rs141042035", "gen_end": 89746232, "cadd_score": 0.239908, "y": "0.95574", "x": "0.7412", "z": "0.41953", "id": "chr12:g.89746232G>A", "size": 10}, {"style": "filled", "gen_chrom": "chr12", "all_ref": "G", "name": "chr12:g.89745790G>T", "color": "orange", "all_alt": "T", "mid": -505.0, "gen_start": 89745790, "gen_end": 89745790, "cadd_score": 0.116195, "y": "0.73091", "x": "0.94015", "z": "0.66469", "id": "chr12:g.89745790G>T", "size": 10}, {"style": "filled", "gen_chrom": "chr12", "all_ref": "A", "name": "chr12:g.89919510A>C", "color": "orange", "all_alt": "C", "mid": 173215.0, "gen_start": 89919510, "gen_end": 89919510, "cadd_score": 0.066841, "y": "0.60374", "x": "0.77864", "z": "0.07725", "id": "chr12:g.89919510A>C", "size": 10}, {"style": "filled", "gen_chrom": "chr12", "all_ref": "C", "name": "chr12:g.89619595C>T", "color": "orange", "all_alt": "T", "mid": -126700.0, "gen_start": 89619595, "rsid": "rs181899095", "gen_end": 89619595, "cadd_score": 0.287391, "y": "0.15937", "x": "0.13984", "z": "0.52455", "id": "chr12:g.89619595C>T", "size": 10}, {"style": "filled", "gen_chrom": "chr12", "all_ref": "G", "name": "chr12:g.89747912G>C", "color": "orange", "all_alt": "C", "mid": 1617.0, "gen_start": 89747912, "rsid": "rs185137075", "gen_end": 89747912, "cadd_score": 0.302085, "y": "0.75239", "x": "0.196", "z": "0.17377", "id": "chr12:g.89747912G>C", "size": 10}, {"style": "filled", "gen_chrom": "chr12", "all_ref": "C", "name": "chr12:g.89777840C>T", "color": "orange", "all_alt": "T", "mid": 31545.0, "gen_start": 89777840, "rsid": "rs118168758", "gen_end": 89777840, "cadd_score": 0.254477, "y": "0.7673", "x": "0.33268", "z": "0.91585", "deep_score": "A1CF:-3.45, ", "id": "chr12:g.89777840C>T", "size": 10}, {"style": "filled", "gen_chrom": "chr12", "all_ref": "G", "name": "chr12:g.89739649G>C", "color": "orange", "all_alt": "C", "mid": -6646.0, "gen_start": 89739649, "rsid": "rs187159481", "gen_end": 89739649, "cadd_score": 0.243699, "y": "0.52026", "x": "0.41016", "z": "0.0", "deep_score": "POLR2A:4.36, ", "id": "chr12:g.89739649G>C", "size": 10}, {"style": "filled", "gen_chrom": "chr12", "all_ref": "C", "name": "chr12:g.89740229C>T", "color": "orange", "all_alt": "T", "mid": -6066.0, "gen_start": 89740229, "rsid": "rs193113437", "gen_end": 89740229, "cadd_score": 1.718204, "y": "0.9508", "x": "0.36283", "z": "0.69211", "id": "chr12:g.89740229C>T", "size": 10}, {"style": "filled", "name": "chr12:89739478-89740040", "color": "grey", "mid": -6536.0, "dist2anchor": 0, "y": "0.4698", "x": "0.36508", "z": "0.13812", "id": "chr12:89739478-89740040", "size": 20}, {"style": "filled", "gen_chrom": "chr12", "all_ref": "G", "name": "chr12:g.89745790G>C", "color": "orange", "all_alt": "C", "mid": -505.0, "gen_start": 89745790, "gen_end": 89745790, "cadd_score": 0.139873, "y": "0.76393", "x": "0.94722", "z": "0.52912", "id": "chr12:g.89745790G>C", "size": 10}, {"style": "filled", "gen_chrom": "chr12", "all_ref": "T", "name": "chr12:g.89919509T>C", "color": "orange", "all_alt": "C", "mid": 173214.0, "gen_start": 89919509, "gen_end": 89919509, "cadd_score": 0.039686, "y": "0.54727", "x": "0.86853", "z": "0.13911", "id": "chr12:g.89919509T>C", "size": 10}, {"style": "filled", "gen_chrom": "chr12", "all_ref": "T", "name": "chr12:g.89745771T>C", "color": "orange", "all_alt": "C", "mid": -524.0, "gen_start": 89745771, "gen_end": 89745771, "cadd_score": 0.101393, "y": "0.81224", "x": "0.80721", "z": "0.78947", "id": "chr12:g.89745771T>C", "size": 10}, {"style": "filled", "gen_chrom": "chr12", "all_ref": "T", "name": "chr12:g.89918144T>C", "color": "orange", "all_alt": "C", "mid": 171849.0, "gen_start": 89918144, "gen_end": 89918144, "cadd_score": -2.358645, "y": "0.01932", "x": "0.38444", "z": "0.59697", "id": "chr12:g.89918144T>C", "size": 10}, {"style": "filled", "gen_chrom": "chr12", "all_ref": "G", "name": "chr12:g.89778109G>A", "color": "orange", "all_alt": "A", "mid": 31814.0, "gen_start": 89778109, "rsid": "rs185236689", "gen_end": 89778109, "cadd_score": 1.650993, "y": "0.59703", "x": "0.17158", "z": "0.88508", "id": "chr12:g.89778109G>A", "size": 10}, {"style": "filled", "name": "chr12:89851793-89853160", "color": "grey", "mid": 106181.5, "tfbs": "CTCF,FOXA1_(SC-101058),Rad21,STAT3", "y": "0.54724", "x": "0.64367", "z": "0.65642", "id": "chr12:89851793-89853160", "size": 20}, {"style": "filled", "gen_chrom": "chr12", "all_ref": "C", "name": "chr12:g.89747865C>T", "color": "orange", "all_alt": "T", "mid": 1570.0, "gen_start": 89747865, "rsid": "rs76222557", "gen_end": 89747865, "cadd_score": 2.312705, "y": "0.47111", "x": "0.06253", "z": "0.26475", "id": "chr12:g.89747865C>T", "size": 10}], "links": [{"source": 0, "target": 52, "label": ""}, {"source": 0, "target": 32, "label": ""}, {"source": 0, "target": 24, "label": ""}, {"source": 0, "target": 38, "label": ""}, {"source": 0, "target": 94, "label": ""}, {"source": 0, "target": 86, "label": ""}, {"source": 0, "target": 62, "label": ""}, {"source": 0, "target": 44, "label": ""}, {"source": 0, "target": 35, "label": ""}, {"source": 0, "target": 40, "label": ""}, {"source": 0, "target": 30, "label": ""}, {"source": 0, "target": 71, "label": ""}, {"source": 0, "target": 21, "label": ""}, {"source": 0, "target": 46, "label": ""}, {"source": 0, "target": 10, "label": ""}, {"source": 1, "target": 15, "label": ""}, {"source": 2, "capacity": 1, "target": 29, "weight": 2, "label": 1}, {"source": 3, "target": 15, "label": ""}, {"source": 4, "target": 18, "label": ""}, {"source": 5, "target": 42, "label": ""}, {"source": 6, "target": 18, "label": ""}, {"source": 7, "target": 13, "label": ""}, {"source": 8, "target": 18, "label": ""}, {"source": 9, "target": 15, "label": ""}, {"source": 11, "target": 18, "label": ""}, {"source": 12, "target": 13, "label": ""}, {"source": 13, "target": 51, "label": ""}, {"source": 13, "target": 25, "label": ""}, {"source": 13, "target": 89, "label": ""}, {"source": 13, "target": 97, "label": ""}, {"source": 13, "target": 20, "label": ""}, {"source": 13, "target": 60, "label": ""}, {"source": 13, "target": 82, "label": ""}, {"source": 13, "target": 22, "label": ""}, {"source": 14, "target": 83, "label": ""}, {"source": 14, "target": 57, "label": ""}, {"source": 14, "target": 91, "label": ""}, {"source": 15, "target": 17, "label": ""}, {"source": 15, "target": 36, "label": ""}, {"source": 15, "target": 34, "label": ""}, {"source": 15, "target": 49, "label": ""}, {"source": 15, "target": 63, "label": ""}, {"source": 15, "target": 62, "label": ""}, {"source": 15, "target": 69, "label": ""}, {"source": 15, "target": 70, "label": ""}, {"source": 15, "target": 96, "label": ""}, {"source": 15, "target": 43, "label": ""}, {"source": 15, "target": 16, "label": ""}, {"source": 15, "target": 64, "label": ""}, {"source": 18, "target": 67, "label": ""}, {"source": 18, "target": 50, "label": ""}, {"source": 18, "target": 78, "label": ""}, {"source": 18, "target": 99, "label": ""}, {"source": 18, "target": 19, "label": ""}, {"source": 18, "target": 45, "label": ""}, {"source": 18, "target": 88, "label": ""}, {"source": 18, "target": 59, "label": ""}, {"source": 18, "target": 55, "label": ""}, {"source": 18, "target": 20, "label": ""}, {"source": 18, "target": 81, "label": ""}, {"source": 20, "capacity": 1, "target": 23, "weight": 2, "label": 1}, {"source": 20, "capacity": 1, "target": 37, "weight": 2, "label": 1}, {"source": 20, "target": 42, "label": ""}, {"source": 20, "capacity": 1, "target": 29, "weight": 3, "label": 1}, {"source": 20, "capacity": 1, "target": 33, "weight": 4, "label": 1}, {"source": 20, "capacity": 1, "target": 62, "weight": 2, "label": 1}, {"source": 20, "capacity": 1, "target": 58, "weight": 4, "label": 1}, {"source": 20, "capacity": 1, "target": 75, "weight": 5, "label": 1}, {"source": 20, "capacity": 1, "target": 57, "weight": 3, "label": 1}, {"source": 23, "capacity": 1, "target": 33, "weight": 5, "label": 1}, {"source": 23, "capacity": 1, "target": 62, "weight": 2, "label": 1}, {"source": 23, "capacity": 1, "target": 75, "weight": 2, "label": 1}, {"source": 26, "target": 42, "label": ""}, {"source": 27, "target": 47, "label": ""}, {"source": 28, "target": 47, "label": ""}, {"source": 29, "capacity": 1, "target": 37, "weight": 2, "label": 1}, {"source": 29, "capacity": 1, "target": 57, "weight": 2, "label": 1}, {"source": 29, "capacity": 1, "target": 33, "weight": 11, "label": 1}, {"source": 29, "capacity": 1, "target": 62, "weight": 3, "label": 1}, {"source": 29, "capacity": 1, "target": 58, "weight": 3, "label": 1}, {"source": 29, "capacity": 1, "target": 98, "weight": 2, "label": 1}, {"source": 29, "capacity": 1, "target": 75, "weight": 5, "label": 1}, {"source": 29, "capacity": 1, "target": 72, "weight": 4, "label": 1}, {"source": 31, "target": 48, "label": ""}, {"source": 33, "capacity": 1, "target": 75, "weight": 17, "label": 1}, {"source": 39, "target": 92, "label": ""}, {"source": 41, "target": 92, "label": ""}, {"source": 42, "target": 73, "label": ""}, {"source": 42, "target": 84, "label": ""}, {"source": 42, "target": 95, "label": ""}, {"source": 42, "target": 66, "label": ""}, {"source": 42, "target": 74, "label": ""}, {"source": 42, "target": 85, "label": ""}, {"source": 42, "target": 53, "label": ""}, {"source": 42, "target": 76, "label": ""}, {"source": 42, "target": 77, "label": ""}, {"source": 42, "target": 79, "label": ""}, {"source": 42, "target": 61, "label": ""}, {"source": 42, "target": 93, "label": ""}, {"source": 47, "target": 65, "label": ""}, {"source": 47, "target": 58, "label": ""}, {"source": 48, "target": 68, "label": ""}, {"source": 48, "target": 87, "label": ""}, {"source": 48, "target": 58, "label": ""}, {"source": 54, "capacity": 1, "target": 75, "weight": 2, "label": 1}, {"source": 54, "capacity": 1, "target": 72, "weight": 4, "label": 1}, {"source": 56, "target": 92, "label": ""}, {"source": 57, "target": 92, "label": ""}, {"source": 57, "capacity": 1, "target": 75, "weight": 2, "label": 1}, {"source": 62, "capacity": 1, "target": 75, "weight": 6, "label": 1}, {"source": 62, "capacity": 1, "target": 72, "weight": 7, "label": 1}, {"source": 75, "capacity": 1, "target": 98, "weight": 5, "label": 1}, {"source": 80, "target": 92, "label": ""}, {"source": 90, "target": 92, "label": ""}], "multigraph": false}