{"directed": false, "graph": {"style": "filled", "data_type": "ChiA-PET", "tissue_type": "Adipose_Visceral_Omentum", "genome_version": "GRCh37.p13", "species": "Homo_Sapiens", "target_gene": "HMGB3"}, "nodes": [{"style": "filled", "gen_chrom": "chrX", "all_ref": "A", "name": "chrX:g.150067035A>C", "color": "orange", "all_alt": "C", "mid": -84856.0, "gen_start": 150067035, "gen_end": 150067035, "cadd_score": -0.304059, "y": "0.24437", "x": "0.8141", "z": "0.22641", "id": "chrX:g.150067035A>C", "size": 10}, {"style": "filled", "name": "chrX:150066605-150067692", "color": "grey", "mid": -84742.5, "dist2anchor": 0, "y": "0.13039", "x": "0.69393", "z": "0.41785", "id": "chrX:150066605-150067692", "size": 20}, {"style": "filled", "gen_chrom": "chrX", "all_ref": "G", "name": "chrX:g.150250646G>A", "color": "orange", "all_alt": "A", "mid": 98755.0, "gen_start": 150250646, "rsid": "rs5970532", "gen_end": 150250646, "cadd_score": 1.461314, "y": "0.85903", "x": "0.61602", "z": "0.13849", "id": "chrX:g.150250646G>A", "size": 10}, {"style": "filled", "gen_chrom": "chrX", "all_ref": "G", "name": "chrX:g.150137283G>A", "color": "orange", "all_alt": "A", "mid": -14608.0, "gen_start": 150137283, "rsid": "rs181406701", "gen_end": 150137283, "cadd_score": -0.966773, "y": "0.46595", "x": "0.8356", "z": "0.89978", "id": "chrX:g.150137283G>A", "size": 10}, {"style": "filled", "gen_chrom": "chrX", "all_ref": "G", "name": "chrX:g.150250607G>A", "color": "orange", "all_alt": "A", "mid": 98716.0, "gen_start": 150250607, "rsid": "rs5970531", "gen_end": 150250607, "cadd_score": 0.098975, "y": "0.68726", "x": "0.47498", "z": "0.01786", "id": "chrX:g.150250607G>A", "size": 10}, {"style": "filled", "gen_chrom": "chrX", "all_ref": "G", "name": "chrX:g.150250660G>A", "color": "orange", "all_alt": "A", "mid": 98769.0, "gen_start": 150250660, "rsid": "rs148949917", "gen_end": 150250660, "cadd_score": 1.856269, "y": "0.93201", "x": "0.56479", "z": "0.21029", "id": "chrX:g.150250660G>A", "size": 10}, {"style": "filled", "gen_chrom": "chrX", "all_ref": "G", "name": "chrX:g.150137271G>C", "color": "orange", "all_alt": "C", "mid": -14620.0, "gen_start": 150137271, "rsid": "rs189760100", "gen_end": 150137271, "cadd_score": -0.471725, "y": "0.71369", "x": "0.91027", "z": "0.75434", "id": "chrX:g.150137271G>C", "size": 10}, {"style": "filled", "gen_chrom": "chrX", "all_ref": "A", "name": "chrX:g.150067035A>T", "color": "orange", "all_alt": "T", "mid": -84856.0, "gen_start": 150067035, "gen_end": 150067035, "cadd_score": -0.329011, "y": "0.13798", "x": "0.77434", "z": "0.26928", "deep_score": "SRSF10:4.57, ", "id": "chrX:g.150067035A>T", "size": 10}, {"style": "filled", "gen_chrom": "chrX", "all_ref": "T", "name": "chrX:g.149940668T>A", "color": "orange", "all_alt": "A", "mid": -211223.0, "gen_start": 149940668, "rsid": "rs183783379", "gen_end": 149940668, "cadd_score": 0.431081, "y": "0.73009", "x": "0.03967", "z": "0.55034", "id": "chrX:g.149940668T>A", "size": 10}, {"style": "filled", "gen_chrom": "chrX", "all_ref": "T", "name": "chrX:g.150137528T>C", "color": "orange", "all_alt": "C", "mid": -14363.0, "gen_start": 150137528, "rsid": "rs142755659", "gen_end": 150137528, "cadd_score": -0.206385, "y": "0.80879", "x": "0.88744", "z": "0.67733", "id": "chrX:g.150137528T>C", "size": 10}, {"style": "filled", "gen_chrom": "chrX", "all_ref": "G", "name": "chrX:g.150067002G>C", "color": "orange", "all_alt": "C", "mid": -84889.0, "gen_start": 150067002, "gen_end": 150067002, "cadd_score": 0.054957, "y": "0.02995", "x": "0.68902", "z": "0.56381", "id": "chrX:g.150067002G>C", "size": 10}, {"style": "filled", "name": "chrX:150152842-150154293", "color": "red", "mid": 1676.5, "tfbs": "YY1", "y": "0.39877", "x": "0.56135", "z": "0.29019", "id": "chrX:150152842-150154293", "size": 25}, {"style": "filled", "gen_chrom": "chrX", "all_ref": "C", "name": "chrX:g.149941038C>T", "color": "orange", "all_alt": "T", "mid": -210853.0, "gen_start": 149941038, "rsid": "rs188843973", "gen_end": 149941038, "cadd_score": 0.736113, "y": "0.41515", "x": "0.01758", "z": "0.42846", "deep_score": "SRSF1:3.62, ", "id": "chrX:g.149941038C>T", "size": 10}, {"style": "filled", "name": "chrX:150172224-150173345", "color": "grey", "mid": 20893.5, "tfbs": "CTCF,CTCF_(C-20),CTCF_(SC-5916),Rad21,SMC3_(ab9263)", "y": "0.49883", "x": "0.22696", "z": "0.46006", "id": "chrX:150172224-150173345", "size": 20}, {"style": "filled", "gen_chrom": "chrX", "all_ref": "G", "name": "chrX:g.150137333G>T", "color": "orange", "all_alt": "T", "mid": -14558.0, "gen_start": 150137333, "rsid": "rs2002352", "gen_end": 150137333, "cadd_score": -0.791968, "y": "0.53474", "x": "0.70646", "z": "0.97903", "id": "chrX:g.150137333G>T", "size": 10}, {"style": "filled", "gen_chrom": "chrX", "all_ref": "G", "name": "chrX:g.150067008G>T", "color": "orange", "all_alt": "T", "mid": -84883.0, "gen_start": 150067008, "gen_end": 150067008, "cadd_score": 0.164289, "y": "0.18735", "x": "0.89066", "z": "0.40053", "deep_score": "GBX1:4.44, CENPB:4.09, ", "id": "chrX:g.150067008G>T", "size": 10}, {"style": "filled", "gen_chrom": "chrX", "all_ref": "G", "name": "chrX:g.149940476G>A", "color": "orange", "all_alt": "A", "mid": -211415.0, "gen_start": 149940476, "rsid": "rs187487387", "gen_end": 149940476, "cadd_score": -0.093084, "y": "0.60034", "x": "0.00967", "z": "0.38896", "deep_score": "GBX1:3.57, ", "id": "chrX:g.149940476G>A", "size": 10}, {"style": "filled", "gene": true, "name": "HMGB3: chrX:150150585-150152251", "color": "blue", "mid": 1, "fpkm": 1.133502, "tfbs": "AP-2gamma,BRCA1_(C-1863),CHD2_(N-1250),E2F4,E2F6_(H-50),HA-E2F1,HEY1,IRF1,NANOG_(SC-33759),NF-YA,NF-YB,Oct-2,POU2F2,Pol2,Pol2-4H8,SP1,TAF1,TBP,ZBTB33,ZBTB7A_(SC-34508),c-Fos,c-Myc", "y": "0.38739", "x": "0.34001", "z": "0.38843", "id": "chrX:150150585-150152251", "size": 50}, {"style": "filled", "gen_chrom": "chrX", "all_ref": "C", "name": "chrX:g.149940785C>G", "color": "orange", "all_alt": "G", "mid": -211106.0, "gen_start": 149940785, "rsid": "rs144677455", "gen_end": 149940785, "cadd_score": 0.088102, "y": "0.61452", "x": "0.02215", "z": "0.65352", "id": "chrX:g.149940785C>G", "size": 10}, {"style": "filled", "gen_chrom": "chrX", "all_ref": "G", "name": "chrX:g.150137656G>T", "color": "orange", "all_alt": "T", "mid": -14235.0, "gen_start": 150137656, "rsid": "rs151041318", "gen_end": 150137656, "cadd_score": -0.267801, "y": "0.8116", "x": "0.80645", "z": "0.79745", "id": "chrX:g.150137656G>T", "size": 10}, {"style": "filled", "gen_chrom": "chrX", "all_ref": "G", "name": "chrX:g.149929851G>A", "color": "orange", "all_alt": "A", "mid": -222040.0, "gen_start": 149929851, "rsid": "rs184409883", "gen_end": 149929851, "cadd_score": 0.113414, "y": "0.42536", "x": "0.27739", "z": "0.96239", "deep_score": "CTCF:10.43, RUNX3:5.81, ", "id": "chrX:g.149929851G>A", "size": 10}, {"style": "filled", "gen_chrom": "chrX", "all_ref": "A", "name": "chrX:g.150067023A>C", "color": "orange", "all_alt": "C", "mid": -84868.0, "gen_start": 150067023, "gen_end": 150067023, "cadd_score": 0.249742, "y": "0.26306", "x": "0.91071", "z": "0.32885", "id": "chrX:g.150067023A>C", "size": 10}, {"style": "filled", "gen_chrom": "chrX", "all_ref": "T", "name": "chrX:g.150251132T>C", "color": "orange", "all_alt": "C", "mid": 99241.0, "gen_start": 150251132, "rsid": "rs190521681", "gen_end": 150251132, "cadd_score": 0.312969, "y": "0.92547", "x": "0.34159", "z": "0.24299", "id": "chrX:g.150251132T>C", "size": 10}, {"style": "filled", "name": "chrX:150250392-150251373", "color": "grey", "mid": 98991.5, "dist2anchor": 0, "y": "0.76062", "x": "0.44522", "z": "0.15026", "id": "chrX:150250392-150251373", "size": 20}, {"style": "filled", "gen_chrom": "chrX", "all_ref": "G", "name": "chrX:g.150137324G>T", "color": "orange", "all_alt": "T", "mid": -14567.0, "gen_start": 150137324, "rsid": "rs125211", "gen_end": 150137324, "cadd_score": -1.052657, "y": "0.84786", "x": "0.66118", "z": "0.86157", "id": "chrX:g.150137324G>T", "size": 10}, {"style": "filled", "gen_chrom": "chrX", "all_ref": "C", "name": "chrX:g.149940787C>T", "color": "orange", "all_alt": "T", "mid": -211104.0, "gen_start": 149940787, "rsid": "rs148239140", "gen_end": 149940787, "cadd_score": -0.06955, "y": "0.42933", "x": "0.0", "z": "0.55582", "id": "chrX:g.149940787C>T", "size": 10}, {"style": "filled", "gen_chrom": "chrX", "all_ref": "A", "name": "chrX:g.150067023A>T", "color": "orange", "all_alt": "T", "mid": -84868.0, "gen_start": 150067023, "gen_end": 150067023, "cadd_score": 0.19019, "y": "0.0", "x": "0.52913", "z": "0.43213", "id": "chrX:g.150067023A>T", "size": 10}, {"style": "filled", "gen_chrom": "chrX", "all_ref": "C", "name": "chrX:g.149929860C>G", "color": "orange", "all_alt": "G", "mid": -222031.0, "gen_start": 149929860, "rsid": "rs189391471", "gen_end": 149929860, "cadd_score": 0.161422, "y": "0.32403", "x": "0.1778", "z": "0.8518", "id": "chrX:g.149929860C>G", "size": 10}, {"style": "filled", "gen_chrom": "chrX", "all_ref": "G", "name": "chrX:g.149940938G>A", "color": "orange", "all_alt": "A", "mid": -210953.0, "gen_start": 149940938, "rsid": "rs73624512", "gen_end": 149940938, "cadd_score": 0.034667, "y": "0.80557", "x": "0.10129", "z": "0.56085", "id": "chrX:g.149940938G>A", "size": 10}, {"style": "filled", "gen_chrom": "chrX", "all_ref": "G", "name": "chrX:g.150067007G>C", "color": "orange", "all_alt": "C", "mid": -84884.0, "gen_start": 150067007, "gen_end": 150067007, "cadd_score": 0.214312, "y": "0.00159", "x": "0.51462", "z": "0.54309", "id": "chrX:g.150067007G>C", "size": 10}, {"style": "filled", "name": "chrX:150151234-150151967", "color": "grey", "mid": -290.5, "dist2anchor": 0, "y": "0.23169", "x": "0.24116", "z": "0.20993", "id": "chrX:150151234-150151967", "size": 20}, {"style": "filled", "name": "chrX:149929409-149930394", "color": "green", "mid": -221989.5, "tfbs": "CTCF,USF-1", "y": "0.5806", "x": "0.25713", "z": "0.67023", "id": "chrX:149929409-149930394", "size": 25}, {"style": "filled", "gen_chrom": "chrX", "all_ref": "T", "name": "chrX:g.150250493T>C", "color": "orange", "all_alt": "C", "mid": 98602.0, "gen_start": 150250493, "rsid": "rs146756928", "gen_end": 150250493, "cadd_score": 0.806057, "y": "0.68556", "x": "0.31491", "z": "0.05672", "id": "chrX:g.150250493T>C", "size": 10}, {"style": "filled", "gen_chrom": "chrX", "all_ref": "C", "name": "chrX:g.150250448C>T", "color": "orange", "all_alt": "T", "mid": 98557.0, "gen_start": 150250448, "rsid": "rs187410984", "gen_end": 150250448, "cadd_score": 0.705573, "y": "0.57861", "x": "0.35151", "z": "0.01831", "deep_score": "GBX1:3.45, ", "id": "chrX:g.150250448C>T", "size": 10}, {"style": "filled", "gen_chrom": "chrX", "all_ref": "G", "name": "chrX:g.150067366G>A", "color": "orange", "all_alt": "A", "mid": -84525.0, "gen_start": 150067366, "rsid": "rs191985788", "gen_end": 150067366, "cadd_score": 0.376389, "y": "0.0996", "x": "0.79918", "z": "0.61566", "id": "chrX:g.150067366G>A", "size": 10}, {"style": "filled", "gen_chrom": "chrX", "all_ref": "G", "name": "chrX:g.150137336G>T", "color": "orange", "all_alt": "T", "mid": -14555.0, "gen_start": 150137336, "rsid": "rs180748543", "gen_end": 150137336, "cadd_score": -0.771046, "y": "0.49639", "x": "0.92691", "z": "0.78534", "id": "chrX:g.150137336G>T", "size": 10}, {"style": "filled", "gen_chrom": "chrX", "all_ref": "G", "name": "chrX:g.150137891G>T", "color": "orange", "all_alt": "T", "mid": -14000.0, "gen_start": 150137891, "rsid": "rs183202311", "gen_end": 150137891, "cadd_score": -0.333465, "y": "0.63404", "x": "0.96577", "z": "0.69358", "deep_score": "USF1:3.86, ", "id": "chrX:g.150137891G>T", "size": 10}, {"style": "filled", "name": "chrX:150249126-150251870", "color": "green", "mid": 98607.0, "tfbs": "CTCF,CTCF_(C-20),CTCF_(SC-5916),E2F6_(H-50),Egr-1,Max,Rad21,SMC3_(ab9263),YY1_(C-20),Znf143_(16618-1-AP),c-Fos", "y": "0.56647", "x": "0.36284", "z": "0.48354", "id": "chrX:150249126-150251870", "size": 25}, {"style": "filled", "gen_chrom": "chrX", "all_ref": "G", "name": "chrX:g.150066608G>C", "color": "orange", "all_alt": "C", "mid": -85283.0, "gen_start": 150066608, "rsid": "rs139119369", "gen_end": 150066608, "cadd_score": 0.354936, "y": "0.14367", "x": "0.66572", "z": "0.19337", "id": "chrX:g.150066608G>C", "size": 10}, {"style": "filled", "gen_chrom": "chrX", "all_ref": "C", "name": "chrX:g.150251212C>G", "color": "orange", "all_alt": "G", "mid": 99321.0, "gen_start": 150251212, "rsid": "rs144045416", "gen_end": 150251212, "cadd_score": 0.232796, "y": "0.69835", "x": "0.2231", "z": "0.12055", "id": "chrX:g.150251212C>G", "size": 10}, {"style": "filled", "gen_chrom": "chrX", "all_ref": "G", "name": "chrX:g.150067002G>T", "color": "orange", "all_alt": "T", "mid": -84889.0, "gen_start": 150067002, "gen_end": 150067002, "cadd_score": 0.16675, "y": "0.04033", "x": "0.51172", "z": "0.30383", "deep_score": "GBX1:3.37, PAX2:3.29, ", "id": "chrX:g.150067002G>T", "size": 10}, {"style": "filled", "gen_chrom": "chrX", "all_ref": "T", "name": "chrX:g.150250940T>G", "color": "orange", "all_alt": "G", "mid": 99049.0, "gen_start": 150250940, "rsid": "rs181949945", "gen_end": 150250940, "cadd_score": 0.279115, "y": "0.85705", "x": "0.41783", "z": "0.12999", "id": "chrX:g.150250940T>G", "size": 10}, {"style": "filled", "gen_chrom": "chrX", "all_ref": "G", "name": "chrX:g.150137417G>T", "color": "orange", "all_alt": "T", "mid": -14474.0, "gen_start": 150137417, "rsid": "rs190952869", "gen_end": 150137417, "cadd_score": -0.508305, "y": "0.68857", "x": "0.6948", "z": "0.95055", "id": "chrX:g.150137417G>T", "size": 10}, {"style": "filled", "gen_chrom": "chrX", "all_ref": "T", "name": "chrX:g.150250946T>C", "color": "orange", "all_alt": "C", "mid": 99055.0, "gen_start": 150250946, "rsid": "rs138472745", "gen_end": 150250946, "cadd_score": 0.260709, "y": "0.78689", "x": "0.69321", "z": "0.11805", "id": "chrX:g.150250946T>C", "size": 10}, {"style": "filled", "gen_chrom": "chrX", "all_ref": "A", "name": "chrX:g.149930061A>G", "color": "orange", "all_alt": "G", "mid": -221830.0, "gen_start": 149930061, "rsid": "rs182225389", "gen_end": 149930061, "cadd_score": 0.115754, "y": "0.44546", "x": "0.0981", "z": "0.82109", "deep_score": "USF1:7.99, TFEB:3.37, ", "id": "chrX:g.149930061A>G", "size": 10}, {"style": "filled", "gen_chrom": "chrX", "all_ref": "G", "name": "chrX:g.150137330G>T", "color": "orange", "all_alt": "T", "mid": -14561.0, "gen_start": 150137330, "rsid": "rs2369405", "gen_end": 150137330, "cadd_score": -0.831241, "y": "0.60156", "x": "0.60344", "z": "1.0", "deep_score": "MSI1:-3.08, ", "id": "chrX:g.150137330G>T", "size": 10}, {"style": "filled", "gen_chrom": "chrX", "all_ref": "A", "name": "chrX:g.150137344A>T", "color": "orange", "all_alt": "T", "mid": -14547.0, "gen_start": 150137344, "rsid": "rs186551935", "gen_end": 150137344, "cadd_score": -0.498887, "y": "0.76798", "x": "0.59269", "z": "0.94016", "deep_score": "PABPN1:3.81, ", "id": "chrX:g.150137344A>T", "size": 10}, {"style": "filled", "gen_chrom": "chrX", "all_ref": "G", "name": "chrX:g.150067008G>C", "color": "orange", "all_alt": "C", "mid": -84883.0, "gen_start": 150067008, "gen_end": 150067008, "cadd_score": 0.119226, "y": "0.02624", "x": "0.61472", "z": "0.63953", "deep_score": "GBX1:5.11, CENPB:5.04, ", "id": "chrX:g.150067008G>C", "size": 10}, {"style": "filled", "name": "chrX:149939937-149941715", "color": "green", "mid": -211065.0, "tfbs": "CTCF,CTCFL_(SC-98982),CTCF_(C-20),CTCF_(SC-5916),GR,NRSF,Rad21,SMC3_(ab9263),YY1_(C-20),ZNF263", "y": "0.51001", "x": "0.33763", "z": "0.47297", "id": "chrX:149939937-149941715", "size": 25}, {"style": "filled", "gen_chrom": "chrX", "all_ref": "C", "name": "chrX:g.150250980C>T", "color": "orange", "all_alt": "T", "mid": 99089.0, "gen_start": 150250980, "rsid": "rs186151295", "gen_end": 150250980, "cadd_score": 0.754116, "y": "0.82844", "x": "0.2551", "z": "0.18799", "id": "chrX:g.150250980C>T", "size": 10}, {"style": "filled", "name": "chrX:150137189-150138195", "color": "grey", "mid": -14199.0, "dist2anchor": 0, "y": "0.65765", "x": "0.76049", "z": "0.83178", "id": "chrX:150137189-150138195", "size": 20}, {"style": "filled", "gen_chrom": "chrX", "all_ref": "T", "name": "chrX:g.150137321T>G", "color": "orange", "all_alt": "G", "mid": -14570.0, "gen_start": 150137321, "rsid": "rs12835267", "gen_end": 150137321, "cadd_score": -0.597127, "y": "0.43203", "x": "0.7257", "z": "0.95554", "id": "chrX:g.150137321T>G", "size": 10}, {"style": "filled", "gen_chrom": "chrX", "all_ref": "A", "name": "chrX:g.150067003A>G", "color": "orange", "all_alt": "G", "mid": -84888.0, "gen_start": 150067003, "gen_end": 150067003, "cadd_score": 0.111783, "y": "0.19471", "x": "0.89513", "z": "0.52918", "deep_score": "CENPB:4.69, ", "id": "chrX:g.150067003A>G", "size": 10}, {"style": "filled", "gen_chrom": "chrX", "all_ref": "T", "name": "chrX:g.150250845T>G", "color": "orange", "all_alt": "G", "mid": 98954.0, "gen_start": 150250845, "rsid": "rs5925508", "gen_end": 150250845, "cadd_score": 0.832849, "y": "0.9664", "x": "0.46714", "z": "0.27445", "deep_score": "RBM45:4.79, SRSF1:-4.1, ", "id": "chrX:g.150250845T>G", "size": 10}, {"style": "filled", "name": "chrX:149929648-149930335", "color": "grey", "mid": -221899.5, "dist2anchor": 0, "y": "0.49749", "x": "0.17425", "z": "0.89467", "id": "chrX:149929648-149930335", "size": 20}, {"style": "filled", "gen_chrom": "chrX", "all_ref": "T", "name": "chrX:g.150151835T>A", "color": "orange", "all_alt": "A", "mid": -56.0, "gen_start": 150151835, "rsid": "rs187742210", "gen_end": 150151835, "cadd_score": 2.391528, "y": "0.22522", "x": "0.34099", "z": "0.10936", "id": "chrX:g.150151835T>A", "size": 10}, {"style": "filled", "name": "chrX:150137144-150138203", "color": "grey", "mid": -14217.5, "tfbs": "", "y": "0.55108", "x": "0.49534", "z": "0.58071", "id": "chrX:150137144-150138203", "size": 20}, {"style": "filled", "gen_chrom": "chrX", "all_ref": "A", "name": "chrX:g.150250573A>G", "color": "orange", "all_alt": "G", "mid": 98682.0, "gen_start": 150250573, "rsid": "rs73620903", "gen_end": 150250573, "cadd_score": -0.059777, "y": "0.70165", "x": "0.62676", "z": "0.03924", "id": "chrX:g.150250573A>G", "size": 10}, {"style": "filled", "gen_chrom": "chrX", "all_ref": "T", "name": "chrX:g.150066672T>C", "color": "orange", "all_alt": "C", "mid": -85219.0, "gen_start": 150066672, "rsid": "rs190794825", "gen_end": 150066672, "cadd_score": 0.039706, "y": "0.04218", "x": "0.63104", "z": "0.32396", "id": "chrX:g.150066672T>C", "size": 10}, {"style": "filled", "gen_chrom": "chrX", "all_ref": "G", "name": "chrX:g.149929889G>C", "color": "orange", "all_alt": "C", "mid": -222002.0, "gen_start": 149929889, "rsid": "rs5925422", "gen_end": 149929889, "cadd_score": -0.138613, "y": "0.64387", "x": "0.22109", "z": "0.91663", "id": "chrX:g.149929889G>C", "size": 10}, {"style": "filled", "gen_chrom": "chrX", "all_ref": "T", "name": "chrX:g.150067010T>C", "color": "orange", "all_alt": "C", "mid": -84881.0, "gen_start": 150067010, "gen_end": 150067010, "cadd_score": -0.185569, "y": "0.08485", "x": "0.79808", "z": "0.45587", "deep_score": "GBX1:4.11, ", "id": "chrX:g.150067010T>C", "size": 10}, {"style": "filled", "gen_chrom": "chrX", "all_ref": "G", "name": "chrX:g.150137238G>C", "color": "orange", "all_alt": "C", "mid": -14653.0, "gen_start": 150137238, "rsid": "rs184316026", "gen_end": 150137238, "cadd_score": -0.309126, "y": "0.5883", "x": "0.88497", "z": "0.84543", "id": "chrX:g.150137238G>C", "size": 10}, {"style": "filled", "gen_chrom": "chrX", "all_ref": "G", "name": "chrX:g.150138118G>A", "color": "orange", "all_alt": "A", "mid": -13773.0, "gen_start": 150138118, "rsid": "rs112217572", "gen_end": 150138118, "cadd_score": -0.31434, "y": "0.89076", "x": "0.73687", "z": "0.75345", "id": "chrX:g.150138118G>A", "size": 10}, {"style": "filled", "gene": true, "name": "CD99L2: chrX:150065705-150068609", "color": "blue", "mid": -84602, "fpkm": 0.0, "tfbs": "AP-2alpha,AP-2gamma,BRCA1_(C-1863),CHD2_(N-1250),E2F1,E2F4,E2F6_(H-50),EBF,EBF1_(C-8),ETS1,FOSL2,GATA-1,GATA-2,GATA3_(SC-268),HA-E2F1,HEY1,HMGN3,IRF1,Nrf1,PU.1,Pol2,Pol2-4H8,TAF1,TBP,YY1,YY1_(C-20),ZBTB7A_(SC-34508),ZNF263", "y": "0.41849", "x": "0.45119", "z": "0.43716", "id": "chrX:150065705-150068609", "size": 25}, {"style": "filled", "name": "chrX:149940453-149941040", "color": "grey", "mid": -211144.5, "dist2anchor": 0, "y": "0.59085", "x": "0.04685", "z": "0.51412", "id": "chrX:149940453-149941040", "size": 20}, {"style": "filled", "gen_chrom": "chrX", "all_ref": "A", "name": "chrX:g.150250517A>G", "color": "orange", "all_alt": "G", "mid": 98626.0, "gen_start": 150250517, "rsid": "rs6526200", "gen_end": 150250517, "cadd_score": 0.209898, "y": "0.58975", "x": "0.52991", "z": "0.0", "deep_score": "SP1:4.98, ", "id": "chrX:g.150250517A>G", "size": 10}], "links": [{"source": 0, "target": 1, "label": ""}, {"source": 1, "target": 21, "label": ""}, {"source": 1, "target": 34, "label": ""}, {"source": 1, "target": 52, "label": ""}, {"source": 1, "target": 29, "label": ""}, {"source": 1, "target": 38, "label": ""}, {"source": 1, "target": 40, "label": ""}, {"source": 1, "target": 10, "label": ""}, {"source": 1, "target": 58, "label": ""}, {"source": 1, "target": 26, "label": ""}, {"source": 1, "target": 7, "label": ""}, {"source": 1, "target": 60, "label": ""}, {"source": 1, "target": 15, "label": ""}, {"source": 1, "target": 63, "label": ""}, {"source": 1, "target": 47, "label": ""}, {"source": 2, "target": 23, "label": ""}, {"source": 3, "target": 50, "label": ""}, {"source": 4, "target": 23, "label": ""}, {"source": 5, "target": 23, "label": ""}, {"source": 6, "target": 50, "label": ""}, {"source": 8, "target": 64, "label": ""}, {"source": 9, "target": 50, "label": ""}, {"source": 11, "capacity": 1, "target": 63, "weight": 2, "label": 1}, {"source": 12, "target": 64, "label": ""}, {"source": 13, "capacity": 1, "target": 48, "weight": 6, "label": 1}, {"source": 14, "target": 50, "label": ""}, {"source": 16, "target": 64, "label": ""}, {"source": 17, "target": 30, "label": ""}, {"source": 17, "capacity": 1, "target": 48, "weight": 4, "label": 1}, {"source": 17, "capacity": 1, "target": 63, "weight": 5, "label": 1}, {"source": 18, "target": 64, "label": ""}, {"source": 19, "target": 50, "label": ""}, {"source": 20, "target": 54, "label": ""}, {"source": 22, "target": 23, "label": ""}, {"source": 23, "target": 33, "label": ""}, {"source": 23, "target": 37, "label": ""}, {"source": 23, "target": 53, "label": ""}, {"source": 23, "target": 39, "label": ""}, {"source": 23, "target": 57, "label": ""}, {"source": 23, "target": 41, "label": ""}, {"source": 23, "target": 43, "label": ""}, {"source": 23, "target": 32, "label": ""}, {"source": 23, "target": 49, "label": ""}, {"source": 23, "target": 65, "label": ""}, {"source": 24, "target": 50, "label": ""}, {"source": 25, "target": 64, "label": ""}, {"source": 27, "target": 54, "label": ""}, {"source": 28, "target": 64, "label": ""}, {"source": 30, "target": 55, "label": ""}, {"source": 31, "capacity": 1, "target": 37, "weight": 3, "label": 1}, {"source": 31, "target": 54, "label": ""}, {"source": 35, "target": 50, "label": ""}, {"source": 36, "target": 50, "label": ""}, {"source": 37, "capacity": 1, "target": 48, "weight": 26, "label": 1}, {"source": 37, "capacity": 1, "target": 63, "weight": 2, "label": 1}, {"source": 37, "capacity": 1, "target": 56, "weight": 2, "label": 1}, {"source": 42, "target": 50, "label": ""}, {"source": 44, "target": 54, "label": ""}, {"source": 45, "target": 50, "label": ""}, {"source": 46, "target": 50, "label": ""}, {"source": 48, "capacity": 1, "target": 56, "weight": 2, "label": 1}, {"source": 48, "capacity": 1, "target": 63, "weight": 4, "label": 1}, {"source": 48, "target": 64, "label": ""}, {"source": 50, "target": 51, "label": ""}, {"source": 50, "target": 56, "label": ""}, {"source": 50, "target": 61, "label": ""}, {"source": 50, "target": 62, "label": ""}, {"source": 54, "target": 59, "label": ""}, {"source": 56, "capacity": 1, "target": 63, "weight": 2, "label": 1}], "multigraph": false}