{"directed": false, "graph": {"style": "filled", "data_type": "ChiA-PET", "tissue_type": "Adipose_Visceral_Omentum", "genome_version": "GRCh37.p13", "species": "Homo_Sapiens", "target_gene": "HIF1A"}, "nodes": [{"style": "filled", "gen_chrom": "chr14", "all_ref": "A", "name": "chr14:g.62217753A>C", "color": "orange", "all_alt": "C", "mid": 53415.0, "gen_start": 62217753, "gen_end": 62217753, "cadd_score": 0.009145, "y": "0.61244", "x": "0.43852", "z": "0.98945", "deep_score": "RBFOX1:7.05, ", "id": "chr14:g.62217753A>C", "size": 10}, {"style": "filled", "gen_chrom": "chr14", "all_ref": "A", "name": "chr14:g.61788876A>T", "color": "orange", "all_alt": "T", "mid": -375462.0, "gen_start": 61788876, "gen_end": 61788876, "cadd_score": -1.179458, "y": "0.9036", "x": "0.60907", "z": "0.18913", "id": "chr14:g.61788876A>T", "size": 10}, {"style": "filled", "gen_chrom": "chr14", "all_ref": "C", "name": "chr14:g.61937430C>G", "color": "orange", "all_alt": "G", "mid": -226908.0, "gen_start": 61937430, "rsid": "rs138499308", "gen_end": 61937430, "cadd_score": 0.651933, "y": "0.80681", "x": "0.08134", "z": "0.3828", "id": "chr14:g.61937430C>G", "size": 10}, {"style": "filled", "gen_chrom": "chr14", "all_ref": "A", "name": "chr14:g.62218267A>G", "color": "orange", "all_alt": "G", "mid": 53929.0, "gen_start": 62218267, "rsid": "rs149905118", "gen_end": 62218267, "cadd_score": -0.18118, "y": "0.54971", "x": "0.57979", "z": "0.98481", "deep_score": "PABPC4:3.07, ", "id": "chr14:g.62218267A>G", "size": 10}, {"style": "filled", "gen_chrom": "chr14", "all_ref": "A", "name": "chr14:g.61937372A>G", "color": "orange", "all_alt": "G", "mid": -226966.0, "gen_start": 61937372, "rsid": "rs187763817", "gen_end": 61937372, "cadd_score": 0.458672, "y": "0.87477", "x": "0.1491", "z": "0.33837", "deep_score": "HNRNPC:3.04, ", "id": "chr14:g.61937372A>G", "size": 10}, {"style": "filled", "gen_chrom": "chr14", "all_ref": "A", "name": "chr14:g.61788876A>G", "color": "orange", "all_alt": "G", "mid": -375462.0, "gen_start": 61788876, "gen_end": 61788876, "cadd_score": -0.673832, "y": "0.82091", "x": "0.49659", "z": "0.07151", "id": "chr14:g.61788876A>G", "size": 10}, {"style": "filled", "name": "chr14:62304376-62304625", "color": "grey", "mid": 140162.5, "dist2anchor": 0, "y": "0.15604", "x": "0.30501", "z": "0.60141", "id": "chr14:62304376-62304625", "size": 20}, {"style": "filled", "gen_chrom": "chr14", "all_ref": "C", "name": "chr14:g.62035549C>A", "color": "orange", "all_alt": "A", "mid": -128789.0, "gen_start": 62035549, "rsid": "rs115459793", "gen_end": 62035549, "cadd_score": 1.046766, "y": "0.54663", "x": "0.23373", "z": "0.03433", "id": "chr14:g.62035549C>A", "size": 10}, {"style": "filled", "gen_chrom": "chr14", "all_ref": "C", "name": "chr14:g.61937133C>T", "color": "orange", "all_alt": "T", "mid": -227205.0, "gen_start": 61937133, "rsid": "rs11623371", "gen_end": 61937133, "cadd_score": 0.445292, "gtex_eqtl_pval": 0.549883, "y": "0.90541", "x": "0.18287", "z": "0.60614", "id": "chr14:g.61937133C>T", "size": 10}, {"style": "filled", "gen_chrom": "chr14", "all_ref": "T", "name": "chr14:g.62162426T>C", "color": "orange", "all_alt": "C", "mid": -1912.0, "gen_start": 62162426, "gen_end": 62162426, "cadd_score": -0.108067, "y": "0.77238", "x": "0.89855", "z": "0.66265", "id": "chr14:g.62162426T>C", "size": 10}, {"style": "filled", "gen_chrom": "chr14", "all_ref": "A", "name": "chr14:g.62146057A>G", "color": "orange", "all_alt": "G", "mid": -18281.0, "gen_start": 62146057, "rsid": "rs73325574", "gen_end": 62146057, "cadd_score": 0.040919, "y": "0.20001", "x": "0.27904", "z": "0.12828", "id": "chr14:g.62146057A>G", "size": 10}, {"style": "filled", "gen_chrom": "chr14", "all_ref": "G", "name": "chr14:g.62304486G>T", "color": "orange", "all_alt": "T", "mid": 140148.0, "gen_start": 62304486, "rsid": "rs193100045", "gen_end": 62304486, "cadd_score": 0.06411, "y": "0.08139", "x": "0.30518", "z": "0.70712", "id": "chr14:g.62304486G>T", "size": 10}, {"style": "filled", "gen_chrom": "chr14", "all_ref": "T", "name": "chr14:g.62162427T>G", "color": "orange", "all_alt": "G", "mid": -1911.0, "gen_start": 62162427, "gen_end": 62162427, "cadd_score": 0.031291, "y": "0.61138", "x": "0.99629", "z": "0.50221", "id": "chr14:g.62162427T>G", "size": 10}, {"style": "filled", "gen_chrom": "chr14", "all_ref": "C", "name": "chr14:g.62229191C>T", "color": "orange", "all_alt": "T", "mid": 64853.0, "gen_start": 62229191, "gen_end": 62229191, "cadd_score": -0.68814, "y": "0.21769", "x": "0.64778", "z": "0.88594", "id": "chr14:g.62229191C>T", "size": 10}, {"style": "filled", "gen_chrom": "chr14", "all_ref": "C", "name": "chr14:g.61937025C>T", "color": "orange", "all_alt": "T", "mid": -227313.0, "gen_start": 61937025, "rsid": "rs186788786", "gen_end": 61937025, "cadd_score": 0.246333, "y": "0.88205", "x": "0.13295", "z": "0.42029", "id": "chr14:g.61937025C>T", "size": 10}, {"style": "filled", "gen_chrom": "chr14", "all_ref": "T", "name": "chr14:g.62162427T>C", "color": "orange", "all_alt": "C", "mid": -1911.0, "gen_start": 62162427, "gen_end": 62162427, "cadd_score": -0.285643, "y": "0.69115", "x": "0.91493", "z": "0.71976", "id": "chr14:g.62162427T>C", "size": 10}, {"style": "filled", "gen_chrom": "chr14", "all_ref": "T", "name": "chr14:g.62162427T>A", "color": "orange", "all_alt": "A", "mid": -1911.0, "gen_start": 62162427, "gen_end": 62162427, "cadd_score": 0.078792, "y": "0.76801", "x": "0.93362", "z": "0.51677", "deep_score": "GBX1:4.81, ", "id": "chr14:g.62162427T>A", "size": 10}, {"style": "filled", "gen_chrom": "chr14", "all_ref": "C", "name": "chr14:g.62146005C>A", "color": "orange", "all_alt": "A", "mid": -18333.0, "gen_start": 62146005, "rsid": "rs115048472", "gen_end": 62146005, "cadd_score": 0.55715, "y": "0.24011", "x": "0.31461", "z": "0.07035", "id": "chr14:g.62146005C>A", "size": 10}, {"style": "filled", "gen_chrom": "chr14", "all_ref": "A", "name": "chr14:g.61933299A>G", "color": "orange", "all_alt": "G", "grasp_pmid": "20081858,20081858,20383146,", "mid": -231039.0, "gen_start": 61933299, "rsid": "rs12147749", "gen_end": 61933299, "cadd_score": 1.560593, "grasp_pheno": "Glucose_homeostasis_traits_(fasting_glucose,_,_fasting_insulin,_,_HOMA-B,_,_HOMA-IR),_,_Glucose_homeostasis_traits_(fasting_glucose,_,_fasting_insulin,_,_HOMA-B,_,_HOMA-IR),_,_Chronic_kidney_disease_(CKD)_and_renal_traits,", "y": "0.31195", "x": "0.88171", "z": "0.19357", "id": "chr14:g.61933299A>G", "size": 10}, {"style": "filled", "gen_chrom": "chr14", "all_ref": "C", "name": "chr14:g.62229191C>G", "color": "orange", "all_alt": "G", "mid": 64853.0, "gen_start": 62229191, "gen_end": 62229191, "cadd_score": -1.511218, "y": "0.17171", "x": "0.82137", "z": "0.69304", "id": "chr14:g.62229191C>G", "size": 10}, {"style": "filled", "gen_chrom": "chr14", "all_ref": "C", "name": "chr14:g.62034736C>T", "color": "orange", "all_alt": "T", "mid": -129602.0, "gen_start": 62034736, "rsid": "rs111881721", "gen_end": 62034736, "cadd_score": 0.406774, "y": "0.99414", "x": "0.62048", "z": "0.4858", "id": "chr14:g.62034736C>T", "size": 10}, {"style": "filled", "gen_chrom": "chr14", "all_ref": "G", "name": "chr14:g.61969063G>A", "color": "orange", "all_alt": "A", "mid": -195275.0, "gen_start": 61969063, "rsid": "rs146891033", "gen_end": 61969063, "cadd_score": 0.04655, "y": "0.3727", "x": "0.0", "z": "0.56424", "deep_score": "RPC155:3.16, ", "id": "chr14:g.61969063G>A", "size": 10}, {"style": "filled", "gen_chrom": "chr14", "all_ref": "A", "name": "chr14:g.62217781A>C", "color": "orange", "all_alt": "C", "mid": 53443.0, "gen_start": 62217781, "gen_end": 62217781, "cadd_score": -0.09191, "y": "0.81659", "x": "0.58291", "z": "0.87908", "id": "chr14:g.62217781A>C", "size": 10}, {"style": "filled", "name": "chr14:62303629-62305299", "color": "green", "mid": 140126.0, "tfbs": "CTCF,CTCF_(C-20),CTCF_(SC-5916),GTF2F1_(RAP-74),JunD,PU.1,RFX5_(N-494),Rad21,SMC3_(ab9263),YY1_(C-20),Znf143_(16618-1-AP),c-Myc", "y": "0.41624", "x": "0.41417", "z": "0.5049", "id": "chr14:62303629-62305299", "size": 25}, {"style": "filled", "gen_chrom": "chr14", "all_ref": "A", "name": "chr14:g.62217756A>C", "color": "orange", "all_alt": "C", "mid": 53418.0, "gen_start": 62217756, "rsid": "rs866794570", "gen_end": 62217756, "cadd_score": 0.042021, "y": "0.82553", "x": "0.49964", "z": "0.88394", "deep_score": "RBFOX1:9.47, ", "id": "chr14:g.62217756A>C", "size": 10}, {"style": "filled", "gen_chrom": "chr14", "all_ref": "T", "name": "chr14:g.62229187T>C", "color": "orange", "all_alt": "C", "mid": 64849.0, "gen_start": 62229187, "gen_end": 62229187, "cadd_score": -0.079984, "y": "0.08261", "x": "0.71627", "z": "0.68196", "id": "chr14:g.62229187T>C", "size": 10}, {"style": "filled", "gen_chrom": "chr14", "all_ref": "G", "name": "chr14:g.62217804G>C", "color": "orange", "all_alt": "C", "mid": 53466.0, "gen_start": 62217804, "gen_end": 62217804, "cadd_score": 0.061925, "y": "0.53319", "x": "0.48472", "z": "0.99936", "id": "chr14:g.62217804G>C", "size": 10}, {"style": "filled", "gen_chrom": "chr14", "all_ref": "A", "name": "chr14:g.61937485A>G", "color": "orange", "all_alt": "G", "mid": -226853.0, "gen_start": 61937485, "rsid": "rs141425104", "gen_end": 61937485, "cadd_score": 0.214978, "y": "0.9336", "x": "0.23602", "z": "0.35017", "deep_score": "HSFY2:5.46, ", "id": "chr14:g.61937485A>G", "size": 10}, {"style": "filled", "gen_chrom": "chr14", "all_ref": "A", "name": "chr14:g.62217781A>T", "color": "orange", "all_alt": "T", "mid": 53443.0, "gen_start": 62217781, "gen_end": 62217781, "cadd_score": 0.017088, "y": "0.78123", "x": "0.42454", "z": "0.91708", "id": "chr14:g.62217781A>T", "size": 10}, {"style": "filled", "gen_chrom": "chr14", "all_ref": "A", "name": "chr14:g.62229435A>C", "color": "orange", "all_alt": "C", "mid": 65097.0, "gen_start": 62229435, "rsid": "rs183763930", "gen_end": 62229435, "cadd_score": -0.12766, "y": "0.12732", "x": "0.60761", "z": "0.81649", "id": "chr14:g.62229435A>C", "size": 10}, {"style": "filled", "name": "chr14:61932673-61933991", "color": "grey", "mid": -231006.0, "tfbs": "CEBPB,FOXA2_(SC-6554),GR,JunD,Rad21,SMC3_(ab9263),SP1,STAT3,TAF1,TBP,USF-1,c-Fos,p300,p300_(N-15)", "y": "0.44088", "x": "0.52495", "z": "0.37828", "id": "chr14:61932673-61933991", "size": 20}, {"style": "filled", "gen_chrom": "chr14", "all_ref": "A", "name": "chr14:g.61933545A>T", "color": "orange", "all_alt": "T", "mid": -230793.0, "gen_start": 61933545, "rsid": "rs150256957", "gen_end": 61933545, "cadd_score": 0.226211, "y": "0.49657", "x": "0.92768", "z": "0.21656", "id": "chr14:g.61933545A>T", "size": 10}, {"style": "filled", "name": "chr14:62076085-62076887", "color": "grey", "mid": -87852.0, "dist2anchor": 0, "y": "0.082", "x": "0.53533", "z": "0.32304", "id": "chr14:62076085-62076887", "size": 20}, {"style": "filled", "name": "chr14:62217602-62218307", "color": "grey", "mid": 53616.5, "dist2anchor": 0, "y": "0.66613", "x": "0.49939", "z": "0.92767", "id": "chr14:62217602-62218307", "size": 20}, {"style": "filled", "gen_chrom": "chr14", "all_ref": "C", "name": "chr14:g.62035381C>G", "color": "orange", "all_alt": "G", "mid": -128957.0, "gen_start": 62035381, "rsid": "rs77643143", "gen_end": 62035381, "cadd_score": 0.462893, "y": "0.50066", "x": "0.04599", "z": "0.21837", "id": "chr14:g.62035381C>G", "size": 10}, {"style": "filled", "gen_chrom": "chr14", "all_ref": "G", "name": "chr14:g.61969549G>C", "color": "orange", "all_alt": "C", "grasp_pmid": "20383146,20686565,20881960,21637794,", "mid": -194789.0, "gen_start": 61969549, "id": "chr14:g.61969549G>C", "rsid": "rs10143237", "gen_end": 61969549, "cadd_score": 0.016625, "grasp_pheno": "Chronic_kidney_disease_(CKD)_and_renal_traits,Lipid_level_measurements,Height,Gene_expression_in_liver,", "y": "0.42878", "x": "0.03952", "z": "0.70474", "gtex_eqtl_pval": 0.294113, "size": 10}, {"style": "filled", "name": "chr14:62073913-62077057", "color": "red", "mid": -88853.0, "tfbs": "CTCF,CTCF_(SC-5916),ERalpha_a,FOXA1_(C-20),FOXA1_(SC-101058),FOXA2_(SC-6554),GATA-2,HNF4A_(H-171),HNF4G_(SC-6558),MafF_(M8194),MafK_(SC-477),Max,NANOG_(SC-33759),NRSF,POU5F1_(SC-9081),RXRA,Rad21,USF-1,USF1_(SC-8983),USF2,YY1_(C-20),p300", "y": "0.3688", "x": "0.50031", "z": "0.43815", "id": "chr14:62073913-62077057", "size": 25}, {"style": "filled", "gen_chrom": "chr14", "all_ref": "G", "name": "chr14:g.62229434G>C", "color": "orange", "all_alt": "C", "mid": 65096.0, "gen_start": 62229434, "rsid": "rs7151978", "gen_end": 62229434, "cadd_score": -0.024419, "gtex_eqtl_pval": 0.680181, "y": "0.12877", "x": "0.71095", "z": "0.76656", "id": "chr14:g.62229434G>C", "size": 10}, {"style": "filled", "gen_chrom": "chr14", "all_ref": "C", "name": "chr14:g.62145445C>T", "color": "orange", "all_alt": "T", "mid": -18893.0, "gen_start": 62145445, "rsid": "rs75448773", "gen_end": 62145445, "cadd_score": -0.322749, "y": "0.81764", "x": "0.24079", "z": "0.81349", "id": "chr14:g.62145445C>T", "size": 10}, {"style": "filled", "gen_chrom": "chr14", "all_ref": "A", "name": "chr14:g.61788876A>C", "color": "orange", "all_alt": "C", "mid": -375462.0, "gen_start": 61788876, "gen_end": 61788876, "cadd_score": -1.256933, "y": "0.87738", "x": "0.57802", "z": "0.13218", "id": "chr14:g.61788876A>C", "size": 10}, {"style": "filled", "name": "chr14:62003953-62005185", "color": "red", "mid": -159769.0, "tfbs": "ATF3,BHLHE40,CEBPB,FOSL2,FOXA1_(C-20),FOXA1_(SC-101058),FOXA2_(SC-6554),GATA3_(SC-268),GR,GTF2F1_(RAP-74),HDAC2_(SC-6296),HNF4G_(SC-6558),JunD,MafF_(M8194),MafK_(SC-477),MafK_(ab50322),Max,Mxi1_(bHLH),Pol2,Pol2-4H8,RXRA,Rad21,SP1,STAT1,STAT3,TBP,TCF4,USF-1,USF1_(SC-8983),USF2,c-Fos,c-Jun,p300,p300_(N-15)", "y": "0.75605", "x": "0.31032", "z": "0.26998", "id": "chr14:62003953-62005185", "size": 25}, {"style": "filled", "gen_chrom": "chr14", "all_ref": "C", "name": "chr14:g.62145404C>T", "color": "orange", "all_alt": "T", "mid": -18934.0, "gen_start": 62145404, "rsid": "rs140385607", "gen_end": 62145404, "cadd_score": -0.259004, "y": "0.68876", "x": "0.13466", "z": "0.81361", "id": "chr14:g.62145404C>T", "size": 10}, {"style": "filled", "name": "chr14:62034250-62036112", "color": "green", "mid": -129157.0, "tfbs": "CTCF,EBF,EBF1_(C-8),ELF1_(SC-631),ERalpha_a,Egr-1,FOXA1_(C-20),FOXA2_(SC-6554),HA-E2F1,PAX5-C20,PAX5-N19,Pol2,TAF1,TCF12,USF-1,ZEB1_(SC-25388),c-Myc,p300", "y": "0.64086", "x": "0.37538", "z": "0.36857", "id": "chr14:62034250-62036112", "size": 25}, {"style": "filled", "gen_chrom": "chr14", "all_ref": "G", "name": "chr14:g.62035400G>T", "color": "orange", "all_alt": "T", "mid": -128938.0, "gen_start": 62035400, "rsid": "rs75919543", "gen_end": 62035400, "cadd_score": 0.066074, "y": "0.44526", "x": "0.19426", "z": "0.06791", "id": "chr14:g.62035400G>T", "size": 10}, {"style": "filled", "gen_chrom": "chr14", "all_ref": "G", "name": "chr14:g.61933516G>A", "color": "orange", "all_alt": "A", "mid": -230822.0, "gen_start": 61933516, "rsid": "rs140185001", "gen_end": 61933516, "cadd_score": 0.177033, "y": "0.3296", "x": "0.95562", "z": "0.31854", "id": "chr14:g.61933516G>A", "size": 10}, {"style": "filled", "gen_chrom": "chr14", "all_ref": "T", "name": "chr14:g.62161745T>C", "color": "orange", "all_alt": "C", "mid": -2593.0, "gen_start": 62161745, "rsid": "rs143437030", "gen_end": 62161745, "cadd_score": 0.088996, "y": "0.58413", "x": "0.9131", "z": "0.76237", "id": "chr14:g.62161745T>C", "size": 10}, {"style": "filled", "name": "chr14:62035063-62036017", "color": "grey", "mid": -128798.0, "dist2anchor": 0, "y": "0.5592", "x": "0.16497", "z": "0.15565", "id": "chr14:62035063-62036017", "size": 20}, {"style": "filled", "gen_chrom": "chr14", "all_ref": "C", "name": "chr14:g.61937119C>T", "color": "orange", "all_alt": "T", "mid": -227219.0, "gen_start": 61937119, "rsid": "rs114591496", "gen_end": 61937119, "cadd_score": 0.048567, "y": "0.84596", "x": "0.10899", "z": "0.58492", "id": "chr14:g.61937119C>T", "size": 10}, {"style": "filled", "gen_chrom": "chr14", "all_ref": "C", "name": "chr14:g.62076754C>T", "color": "orange", "all_alt": "T", "mid": -87584.0, "gen_start": 62076754, "rsid": "rs118073800", "gen_end": 62076754, "cadd_score": 0.438754, "y": "0.04792", "x": "0.66307", "z": "0.33062", "id": "chr14:g.62076754C>T", "size": 10}, {"style": "filled", "name": "chr14:62278602-62279992", "color": "grey", "mid": 114959.0, "tfbs": "CtBP2", "y": "0.34869", "x": "0.3384", "z": "0.29163", "id": "chr14:62278602-62279992", "size": 20}, {"style": "filled", "gen_chrom": "chr14", "all_ref": "C", "name": "chr14:g.62162589C>A", "color": "orange", "all_alt": "A", "mid": -1749.0, "gen_start": 62162589, "rsid": "rs113855813", "gen_end": 62162589, "cadd_score": -0.016553, "y": "0.73574", "x": "0.86775", "z": "0.73746", "id": "chr14:g.62162589C>A", "size": 10}, {"style": "filled", "name": "chr14:61922756-61924256", "color": "green", "mid": -240832.0, "tfbs": "CTCF,CTCF_(C-20),CTCF_(SC-5916),EBF,EBF1_(C-8),Rad21,SMC3_(ab9263),Znf143_(16618-1-AP)", "y": "0.44436", "x": "0.42984", "z": "0.3818", "id": "chr14:61922756-61924256", "size": 25}, {"style": "filled", "gen_chrom": "chr14", "all_ref": "G", "name": "chr14:g.61788885G>A", "color": "orange", "all_alt": "A", "mid": -375453.0, "gen_start": 61788885, "gen_end": 61788885, "cadd_score": -0.204629, "y": "0.71395", "x": "0.6516", "z": "0.0375", "id": "chr14:g.61788885G>A", "size": 10}, {"style": "filled", "name": "chr14:62034573-62034970", "color": "grey", "mid": -129566.5, "dist2anchor": 0, "y": "0.90319", "x": "0.52841", "z": "0.40481", "id": "chr14:62034573-62034970", "size": 20}, {"style": "filled", "gen_chrom": "chr14", "all_ref": "T", "name": "chr14:g.62162426T>G", "color": "orange", "all_alt": "G", "mid": -1912.0, "gen_start": 62162426, "gen_end": 62162426, "cadd_score": 0.171086, "y": "0.55602", "x": "0.96946", "z": "0.68064", "id": "chr14:g.62162426T>G", "size": 10}, {"style": "filled", "gen_chrom": "chr14", "all_ref": "C", "name": "chr14:g.62162589C>T", "color": "orange", "all_alt": "T", "mid": -1749.0, "gen_start": 62162589, "rsid": "rs113855813", "gen_end": 62162589, "cadd_score": -0.047759, "y": "0.71628", "x": "0.95367", "z": "0.59199", "id": "chr14:g.62162589C>T", "size": 10}, {"style": "filled", "gen_chrom": "chr14", "all_ref": "G", "name": "chr14:g.61788885G>T", "color": "orange", "all_alt": "T", "mid": -375453.0, "gen_start": 61788885, "gen_end": 61788885, "cadd_score": -0.530671, "y": "0.74356", "x": "0.72068", "z": "0.08511", "id": "chr14:g.61788885G>T", "size": 10}, {"style": "filled", "gen_chrom": "chr14", "all_ref": "G", "name": "chr14:g.61969639G>A", "color": "orange", "all_alt": "A", "mid": -194699.0, "gen_start": 61969639, "rsid": "rs192158885", "gen_end": 61969639, "cadd_score": 0.309055, "y": "0.36583", "x": "0.01657", "z": "0.6394", "id": "chr14:g.61969639G>A", "size": 10}, {"style": "filled", "gen_chrom": "chr14", "all_ref": "C", "name": "chr14:g.61969569C>T", "color": "orange", "all_alt": "T", "mid": -194769.0, "gen_start": 61969569, "rsid": "rs189053504", "gen_end": 61969569, "cadd_score": 2.206636, "y": "0.17943", "x": "0.11036", "z": "0.57717", "id": "chr14:g.61969569C>T", "size": 10}, {"style": "filled", "gen_chrom": "chr14", "all_ref": "G", "name": "chr14:g.61936979G>A", "color": "orange", "all_alt": "A", "grasp_pmid": "20339536", "mid": -227359.0, "gen_start": 61936979, "id": "chr14:g.61936979G>A", "rsid": "rs11623383", "gen_end": 61936979, "cadd_score": 0.140909, "grasp_pheno": "Response_to_statin_treatment_(simvastatin,__pravastatin,__atorvastatin),__change_in_cholesterol_levels,_,_", "y": "0.98822", "x": "0.29755", "z": "0.49647", "gtex_eqtl_pval": 0.527994, "size": 10}, {"style": "filled", "gen_chrom": "chr14", "all_ref": "C", "name": "chr14:g.61933022C>T", "color": "orange", "all_alt": "T", "mid": -231316.0, "gen_start": 61933022, "rsid": "rs117130267", "gen_end": 61933022, "cadd_score": 0.353012, "y": "0.21671", "x": "0.87309", "z": "0.27675", "id": "chr14:g.61933022C>T", "size": 10}, {"style": "filled", "name": "chr14:62030768-62031762", "color": "grey", "mid": -133073.0, "tfbs": "AP-2alpha,AP-2gamma,CEBPB,CTCF,E2F1,GATA-2,GR,GTF2F1_(RAP-74),HA-E2F1,JunD,PAX5-C20,PAX5-N19,Pol2,Pol2-4H8,Rad21,STAT1,STAT3,TAF1,TBP,c-Fos,eGFP-JunD,p300_(N-15)", "y": "0.56949", "x": "0.58901", "z": "0.51485", "id": "chr14:62030768-62031762", "size": 20}, {"style": "filled", "gene": true, "name": "HIF1A: chr14:62160679-62164134", "color": "blue", "mid": 1, "fpkm": 154.1541, "tfbs": "ATF3,BAF155,BHLHE40,CCNT2,CTCF,CTCF_(C-20),CTCF_(SC-5916),E2F1,E2F6,E2F6_(H-50),ELF1_(SC-631),ETS1,Egr-1,FOSL2,GATA3_(SC-268),GTF2B,GTF2F1_(RAP-74),HA-E2F1,HDAC2_(SC-6296),HEY1,HMGN3,IRF1,Ini1,Max,Mxi1_(bHLH),NF-YA,NF-YB,NFKB,NRSF,Oct-2,PAX5-C20,POU2F2,Pbx3,Pol2,Pol2(b),Pol2(phosphoS2),Pol2-4H8,Rad21,SMC3_(ab9263),SP1,SREBP1,STAT3,Sin3Ak-20,TAF1,TAF7_(SQ-8),TBP,TCF12,TCF4,USF-1,USF1_(SC-8983),USF2,YY1,YY1_(C-20),ZEB1_(SC-25388),c-Fos,c-Myc", "y": "0.50446", "x": "0.47733", "z": "0.48559", "id": "chr14:62160679-62164134", "size": 50}, {"style": "filled", "gen_chrom": "chr14", "all_ref": "C", "name": "chr14:g.62162493C>G", "color": "orange", "all_alt": "G", "mid": -1845.0, "gen_start": 62162493, "gen_end": 62162493, "cadd_score": 0.112035, "y": "0.62131", "x": "0.9881", "z": "0.5877", "id": "chr14:g.62162493C>G", "size": 10}, {"style": "filled", "gen_chrom": "chr14", "all_ref": "C", "name": "chr14:g.62229200C>A", "color": "orange", "all_alt": "A", "mid": 64862.0, "gen_start": 62229200, "gen_end": 62229200, "cadd_score": -0.115496, "y": "0.25135", "x": "0.81499", "z": "0.79625", "deep_score": "CNOT4:-4.79, ", "id": "chr14:g.62229200C>A", "size": 10}, {"style": "filled", "gen_chrom": "chr14", "all_ref": "A", "name": "chr14:g.62076208A>C", "color": "orange", "all_alt": "C", "mid": -88130.0, "gen_start": 62076208, "rsid": "rs180874157", "gen_end": 62076208, "cadd_score": 0.118961, "y": "0.07205", "x": "0.462", "z": "0.2207", "id": "chr14:g.62076208A>C", "size": 10}, {"style": "filled", "name": "chr14:61787402-61788945", "color": "grey", "mid": -376164.5, "dist2anchor": 0, "y": "0.7728", "x": "0.57904", "z": "0.09155", "id": "chr14:61787402-61788945", "size": 20}, {"style": "filled", "gen_chrom": "chr14", "all_ref": "C", "name": "chr14:g.61969021C>T", "color": "orange", "all_alt": "T", "mid": -195317.0, "gen_start": 61969021, "rsid": "rs184684073", "gen_end": 61969021, "cadd_score": -0.139899, "y": "0.29806", "x": "0.01986", "z": "0.51761", "id": "chr14:g.61969021C>T", "size": 10}, {"style": "filled", "gen_chrom": "chr14", "all_ref": "C", "name": "chr14:g.62145656C>T", "color": "orange", "all_alt": "T", "mid": -18682.0, "gen_start": 62145656, "rsid": "rs116895422", "gen_end": 62145656, "cadd_score": 1.026426, "y": "0.86601", "x": "0.29285", "z": "0.78096", "id": "chr14:g.62145656C>T", "size": 10}, {"style": "filled", "gen_chrom": "chr14", "all_ref": "C", "name": "chr14:g.61933499C>T", "color": "orange", "all_alt": "T", "mid": -230839.0, "gen_start": 61933499, "rsid": "rs147806512", "gen_end": 61933499, "cadd_score": 0.129008, "y": "0.22544", "x": "0.78835", "z": "0.16931", "id": "chr14:g.61933499C>T", "size": 10}, {"style": "filled", "gen_chrom": "chr14", "all_ref": "C", "name": "chr14:g.62034818C>T", "color": "orange", "all_alt": "T", "mid": -129520.0, "gen_start": 62034818, "rsid": "rs115990751", "gen_end": 62034818, "cadd_score": 1.522955, "y": "0.98784", "x": "0.65078", "z": "0.41583", "id": "chr14:g.62034818C>T", "size": 10}, {"style": "filled", "gen_chrom": "chr14", "all_ref": "A", "name": "chr14:g.61937384A>G", "color": "orange", "all_alt": "G", "mid": -226954.0, "gen_start": 61937384, "rsid": "rs10136473", "gen_end": 61937384, "cadd_score": 0.896494, "gtex_eqtl_pval": 0.110364, "y": "0.78432", "x": "0.05801", "z": "0.54657", "id": "chr14:g.61937384A>G", "size": 10}, {"style": "filled", "name": "chr14:61941509-61942904", "color": "grey", "mid": -222131.5, "tfbs": "CEBPB,CTCF,CTCF_(C-20),CTCF_(SC-5916),Rad21,SMC3_(ab9263),STAT3", "y": "0.4485", "x": "0.34473", "z": "0.59111", "id": "chr14:61941509-61942904", "size": 20}, {"style": "filled", "gen_chrom": "chr14", "all_ref": "C", "name": "chr14:g.62218049C>G", "color": "orange", "all_alt": "G", "mid": 53711.0, "gen_start": 62218049, "rsid": "rs61547613", "gen_end": 62218049, "cadd_score": -0.037401, "y": "0.76229", "x": "0.59663", "z": "0.92168", "id": "chr14:g.62218049C>G", "size": 10}, {"style": "filled", "gen_chrom": "chr14", "all_ref": "T", "name": "chr14:g.62218261T>C", "color": "orange", "all_alt": "C", "mid": 53923.0, "gen_start": 62218261, "rsid": "rs138995866", "gen_end": 62218261, "cadd_score": -0.140979, "y": "0.64995", "x": "0.35829", "z": "0.96255", "id": "chr14:g.62218261T>C", "size": 10}, {"style": "filled", "gen_chrom": "chr14", "all_ref": "A", "name": "chr14:g.61969279A>C", "color": "orange", "all_alt": "C", "mid": -195059.0, "gen_start": 61969279, "rsid": "rs145640522", "gen_end": 61969279, "cadd_score": 0.044452, "y": "0.2198", "x": "0.10223", "z": "0.67692", "id": "chr14:g.61969279A>C", "size": 10}, {"style": "filled", "gen_chrom": "chr14", "all_ref": "G", "name": "chr14:g.62076483G>A", "color": "orange", "all_alt": "A", "mid": -87855.0, "gen_start": 62076483, "rsid": "rs184289560", "gen_end": 62076483, "cadd_score": 0.077964, "y": "0.02712", "x": "0.44197", "z": "0.29514", "id": "chr14:g.62076483G>A", "size": 10}, {"style": "filled", "gen_chrom": "chr14", "all_ref": "C", "name": "chr14:g.62076849C>T", "color": "orange", "all_alt": "T", "mid": -87489.0, "gen_start": 62076849, "rsid": "rs145021256", "gen_end": 62076849, "cadd_score": 0.447247, "y": "0.0", "x": "0.53108", "z": "0.41549", "deep_score": "TEAD4:5.41, ", "id": "chr14:g.62076849C>T", "size": 10}, {"style": "filled", "gen_chrom": "chr14", "all_ref": "T", "name": "chr14:g.62217788T>C", "color": "orange", "all_alt": "C", "mid": 53450.0, "gen_start": 62217788, "gen_end": 62217788, "cadd_score": -0.181839, "y": "0.75821", "x": "0.51859", "z": "0.93658", "id": "chr14:g.62217788T>C", "size": 10}, {"style": "filled", "gen_chrom": "chr14", "all_ref": "T", "name": "chr14:g.62217788T>G", "color": "orange", "all_alt": "G", "mid": 53450.0, "gen_start": 62217788, "gen_end": 62217788, "cadd_score": 0.018128, "y": "0.64908", "x": "0.62977", "z": "0.9634", "id": "chr14:g.62217788T>G", "size": 10}, {"style": "filled", "gen_chrom": "chr14", "all_ref": "A", "name": "chr14:g.61933271A>G", "color": "orange", "all_alt": "G", "mid": -231067.0, "gen_start": 61933271, "rsid": "rs80356401", "gen_end": 61933271, "cadd_score": 1.56899, "y": "0.36939", "x": "0.94375", "z": "0.25776", "deep_score": "FOXD3:22.22, FOXD2:21.42, FOXC1:10.49, FOXA2:6.13, FOXA1:5.72, ", "id": "chr14:g.61933271A>G", "size": 10}, {"style": "filled", "gen_chrom": "chr14", "all_ref": "T", "name": "chr14:g.61788828T>C", "color": "orange", "all_alt": "C", "mid": -375510.0, "gen_start": 61788828, "rsid": "rs866830738", "gen_end": 61788828, "cadd_score": -0.217821, "y": "0.69764", "x": "0.56207", "z": "0.00804", "id": "chr14:g.61788828T>C", "size": 10}, {"style": "filled", "gen_chrom": "chr14", "all_ref": "G", "name": "chr14:g.61937081G>A", "color": "orange", "all_alt": "A", "mid": -227257.0, "gen_start": 61937081, "rsid": "rs192004698", "gen_end": 61937081, "cadd_score": 0.162762, "y": "0.97919", "x": "0.28386", "z": "0.41994", "id": "chr14:g.61937081G>A", "size": 10}, {"style": "filled", "gen_chrom": "chr14", "all_ref": "T", "name": "chr14:g.62035764T>C", "color": "orange", "all_alt": "C", "mid": -128574.0, "gen_start": 62035764, "rsid": "rs74675691", "gen_end": 62035764, "cadd_score": 0.059492, "y": "0.58681", "x": "0.06367", "z": "0.2048", "id": "chr14:g.62035764T>C", "size": 10}, {"style": "filled", "gen_chrom": "chr14", "all_ref": "C", "name": "chr14:g.61969437C>T", "color": "orange", "all_alt": "T", "mid": -194901.0, "gen_start": 61969437, "rsid": "rs73307031", "gen_end": 61969437, "cadd_score": 0.179751, "y": "0.28534", "x": "0.12164", "z": "0.76994", "deep_score": "KHDRBS1:3.06, ", "id": "chr14:g.61969437C>T", "size": 10}, {"style": "filled", "name": "chr14:62221451-62222721", "color": "red", "mid": 57748.0, "tfbs": "CtBP2,Pol2,Pol2(b),Pol2-4H8,SP1,TCF12,USF-1,USF2,p300", "y": "0.15876", "x": "0.44195", "z": "0.76418", "id": "chr14:62221451-62222721", "size": 25}, {"style": "filled", "gen_chrom": "chr14", "all_ref": "C", "name": "chr14:g.61933068C>T", "color": "orange", "all_alt": "T", "mid": -231270.0, "gen_start": 61933068, "rsid": "rs144176238", "gen_end": 61933068, "cadd_score": 0.481895, "y": "0.23844", "x": "0.8457", "z": "0.20742", "id": "chr14:g.61933068C>T", "size": 10}, {"style": "filled", "gen_chrom": "chr14", "all_ref": "A", "name": "chr14:g.61937224A>G", "color": "orange", "all_alt": "G", "grasp_pmid": "20081858", "mid": -227114.0, "gen_start": 61937224, "id": "chr14:g.61937224A>G", "rsid": "rs3783786", "gen_end": 61937224, "cadd_score": 0.181661, "grasp_pheno": "Glucose_homeostasis_traits_(fasting_glucose,__fasting_insulin,__HOMA-B,__HOMA-IR),_,_", "y": "0.77249", "x": "0.04695", "z": "0.45744", "gtex_eqtl_pval": 0.280575, "size": 10}, {"style": "filled", "gen_chrom": "chr14", "all_ref": "C", "name": "chr14:g.62229188C>T", "color": "orange", "all_alt": "T", "mid": 64850.0, "gen_start": 62229188, "rsid": "rs137940550", "gen_end": 62229188, "cadd_score": -0.305374, "y": "0.06603", "x": "0.64318", "z": "0.70736", "id": "chr14:g.62229188C>T", "size": 10}, {"style": "filled", "gen_chrom": "chr14", "all_ref": "G", "name": "chr14:g.62217771G>C", "color": "orange", "all_alt": "C", "mid": 53433.0, "gen_start": 62217771, "gen_end": 62217771, "cadd_score": 0.062711, "y": "0.61432", "x": "0.55702", "z": "0.98742", "deep_score": "RBFOX1:6.61, ", "id": "chr14:g.62217771G>C", "size": 10}, {"style": "filled", "gen_chrom": "chr14", "all_ref": "A", "name": "chr14:g.62229203A>G", "color": "orange", "all_alt": "G", "mid": 64865.0, "gen_start": 62229203, "gen_end": 62229203, "cadd_score": -1.727427, "y": "0.22707", "x": "0.83488", "z": "0.73606", "id": "chr14:g.62229203A>G", "size": 10}, {"style": "filled", "gen_chrom": "chr14", "all_ref": "C", "name": "chr14:g.61933294C>T", "color": "orange", "all_alt": "T", "mid": -231044.0, "gen_start": 61933294, "rsid": "rs12101078", "gen_end": 61933294, "cadd_score": 1.481162, "y": "0.26212", "x": "0.92001", "z": "0.31818", "id": "chr14:g.61933294C>T", "size": 10}, {"style": "filled", "gen_chrom": "chr14", "all_ref": "A", "name": "chr14:g.61788856A>C", "color": "orange", "all_alt": "C", "mid": -375482.0, "gen_start": 61788856, "gen_end": 61788856, "cadd_score": -0.247696, "y": "0.81502", "x": "0.71627", "z": "0.13428", "id": "chr14:g.61788856A>C", "size": 10}, {"style": "filled", "gen_chrom": "chr14", "all_ref": "C", "name": "chr14:g.62229188C>A", "color": "orange", "all_alt": "A", "mid": 64850.0, "gen_start": 62229188, "gen_end": 62229188, "cadd_score": -0.976452, "y": "0.1848", "x": "0.58022", "z": "0.8761", "id": "chr14:g.62229188C>A", "size": 10}, {"style": "filled", "gen_chrom": "chr14", "all_ref": "C", "name": "chr14:g.62146004C>A", "color": "orange", "all_alt": "A", "mid": -18334.0, "gen_start": 62146004, "rsid": "rs75905682", "gen_end": 62146004, "cadd_score": 0.395935, "y": "0.23506", "x": "0.40772", "z": "0.04899", "id": "chr14:g.62146004C>A", "size": 10}, {"style": "filled", "gen_chrom": "chr14", "all_ref": "T", "name": "chr14:g.61788846T>C", "color": "orange", "all_alt": "C", "mid": -375492.0, "gen_start": 61788846, "gen_end": 61788846, "cadd_score": -0.3109, "y": "0.86779", "x": "0.68129", "z": "0.17322", "id": "chr14:g.61788846T>C", "size": 10}, {"style": "filled", "gen_chrom": "chr14", "all_ref": "T", "name": "chr14:g.62162428T>A", "color": "orange", "all_alt": "A", "mid": -1910.0, "gen_start": 62162428, "gen_end": 62162428, "cadd_score": -0.161386, "y": "0.53514", "x": "1.0", "z": "0.56517", "deep_score": "GBX1:4.62, ", "id": "chr14:g.62162428T>A", "size": 10}, {"style": "filled", "gen_chrom": "chr14", "all_ref": "C", "name": "chr14:g.62229188C>G", "color": "orange", "all_alt": "G", "mid": 64850.0, "gen_start": 62229188, "gen_end": 62229188, "cadd_score": -0.318367, "y": "0.28018", "x": "0.68733", "z": "0.8987", "id": "chr14:g.62229188C>G", "size": 10}, {"style": "filled", "gene": true, "name": "SNAPC1: chr14:62228463-62229700", "color": "blue", "mid": 64736, "fpkm": 72.68771, "tfbs": "CCNT2,CTCF,E2F6,E2F6_(H-50),ELF1_(SC-631),ETS1,FOXA1_(C-20),FOXA1_(SC-101058),FOXA2_(SC-6554),GABP,GTF2F1_(RAP-74),HEY1,Max,Mxi1_(bHLH),NRSF,Nrf1,Oct-2,POU2F2,Pbx3,Pol2,Pol2(b),Pol2(phosphoS2),Pol2-4H8,RFX5_(N-494),Sin3Ak-20,TAF1,TAF7_(SQ-8),TBP,USF1_(SC-8983),YY1,YY1_(C-20),ZNF263,c-Myc", "y": "0.26901", "x": "0.48056", "z": "0.65369", "id": "chr14:62228463-62229700", "size": 25}, {"style": "filled", "name": "chr14:62145238-62145660", "color": "grey", "mid": -18889.0, "dist2anchor": 15020, "y": "0.70683", "x": "0.27262", "z": "0.72906", "id": "chr14:62145238-62145660", "size": 20}, {"style": "filled", "gen_chrom": "chr14", "all_ref": "G", "name": "chr14:g.62076542G>A", "color": "orange", "all_alt": "A", "mid": -87796.0, "gen_start": 62076542, "rsid": "rs117195624", "gen_end": 62076542, "cadd_score": 0.174809, "y": "0.0151", "x": "0.61727", "z": "0.39399", "id": "chr14:g.62076542G>A", "size": 10}, {"style": "filled", "name": "chr14:62228518-62229621", "color": "grey", "mid": 64731.5, "dist2anchor": 0, "y": "0.18119", "x": "0.6912", "z": "0.77958", "id": "chr14:62228518-62229621", "size": 20}, {"style": "filled", "gen_chrom": "chr14", "all_ref": "A", "name": "chr14:g.61936906A>T", "color": "orange", "all_alt": "T", "mid": -227432.0, "gen_start": 61936906, "rsid": "rs183534826", "gen_end": 61936906, "cadd_score": -0.158144, "y": "0.83797", "x": "0.08694", "z": "0.49313", "id": "chr14:g.61936906A>T", "size": 10}, {"style": "filled", "gen_chrom": "chr14", "all_ref": "G", "name": "chr14:g.62035218G>A", "color": "orange", "all_alt": "A", "mid": -129120.0, "gen_start": 62035218, "rsid": "rs150760142", "gen_end": 62035218, "cadd_score": 0.243367, "y": "0.66048", "x": "0.10991", "z": "0.18607", "id": "chr14:g.62035218G>A", "size": 10}, {"style": "filled", "gen_chrom": "chr14", "all_ref": "C", "name": "chr14:g.61933495C>A", "color": "orange", "all_alt": "A", "mid": -230843.0, "gen_start": 61933495, "rsid": "rs111972386", "gen_end": 61933495, "cadd_score": 0.390261, "y": "0.39393", "x": "0.85993", "z": "0.12851", "id": "chr14:g.61933495C>A", "size": 10}, {"style": "filled", "gen_chrom": "chr14", "all_ref": "T", "name": "chr14:g.61937164T>C", "color": "orange", "all_alt": "C", "grasp_pmid": "19875103,20935629,", "mid": -227174.0, "gen_start": 61937164, "id": "chr14:g.61937164T>C", "rsid": "rs3783787", "gen_end": 61937164, "cadd_score": 0.227796, "grasp_pheno": "Response_to_antipsychotics,Waist:hip_ratio,", "y": "0.97001", "x": "0.2669", "z": "0.56352", "deep_score": "PAX2:7.84, ", "gtex_eqtl_pval": 0.531308, "size": 10}, {"style": "filled", "name": "chr14:62161531-62163000", "color": "grey", "mid": -2072.5, "dist2anchor": 0, "y": "0.63744", "x": "0.87741", "z": "0.605", "id": "chr14:62161531-62163000", "size": 20}, {"style": "filled", "gen_chrom": "chr14", "all_ref": "T", "name": "chr14:g.61937292T>C", "color": "orange", "all_alt": "C", "grasp_pmid": "17206144,18445777,21124317,", "mid": -227046.0, "gen_start": 61937292, "id": "chr14:g.61937292T>C", "rsid": "rs3783785", "gen_end": 61937292, "cadd_score": -0.112, "grasp_pheno": "Stroke,Bone_mineral_density_(BMD),Neuroblastoma,", "y": "0.93535", "x": "0.19988", "z": "0.53952", "deep_score": "HuR:9.92, U2AF2:5.15, HuR:3.41, ", "gtex_eqtl_pval": 0.530991, "size": 10}, {"style": "filled", "gen_chrom": "chr14", "all_ref": "C", "name": "chr14:g.61788833C>G", "color": "orange", "all_alt": "G", "mid": -375505.0, "gen_start": 61788833, "gen_end": 61788833, "cadd_score": -0.663284, "y": "0.74005", "x": "0.46636", "z": "0.02528", "id": "chr14:g.61788833C>G", "size": 10}, {"style": "filled", "gen_chrom": "chr14", "all_ref": "C", "name": "chr14:g.61933409C>G", "color": "orange", "all_alt": "G", "mid": -230929.0, "gen_start": 61933409, "rsid": "rs74369734", "gen_end": 61933409, "cadd_score": 0.477226, "y": "0.46677", "x": "0.89933", "z": "0.16244", "id": "chr14:g.61933409C>G", "size": 10}, {"style": "filled", "gen_chrom": "chr14", "all_ref": "C", "name": "chr14:g.62304544C>G", "color": "orange", "all_alt": "G", "mid": 140206.0, "gen_start": 62304544, "rsid": "rs79997366", "gen_end": 62304544, "cadd_score": 0.198062, "y": "0.09671", "x": "0.22017", "z": "0.59705", "id": "chr14:g.62304544C>G", "size": 10}, {"style": "filled", "gen_chrom": "chr14", "all_ref": "G", "name": "chr14:g.61969579G>C", "color": "orange", "all_alt": "C", "mid": -194759.0, "gen_start": 61969579, "rsid": "rs181998420", "gen_end": 61969579, "cadd_score": 1.545427, "y": "0.34991", "x": "0.12055", "z": "0.79514", "id": "chr14:g.61969579G>C", "size": 10}, {"style": "filled", "gen_chrom": "chr14", "all_ref": "G", "name": "chr14:g.61932959G>A", "color": "orange", "all_alt": "A", "mid": -231379.0, "gen_start": 61932959, "rsid": "rs78799703", "gen_end": 61932959, "cadd_score": 0.227663, "y": "0.35475", "x": "0.79387", "z": "0.08483", "id": "chr14:g.61932959G>A", "size": 10}, {"style": "filled", "gen_chrom": "chr14", "all_ref": "A", "name": "chr14:g.62229280A>G", "color": "orange", "all_alt": "G", "mid": 64942.0, "gen_start": 62229280, "gen_end": 62229280, "cadd_score": -0.002972, "y": "0.12192", "x": "0.77768", "z": "0.68187", "id": "chr14:g.62229280A>G", "size": 10}, {"style": "filled", "gen_chrom": "chr14", "all_ref": "G", "name": "chr14:g.61933225G>A", "color": "orange", "all_alt": "A", "mid": -231113.0, "gen_start": 61933225, "rsid": "rs114628350", "gen_end": 61933225, "cadd_score": 0.143727, "y": "0.45427", "x": "0.83339", "z": "0.09717", "deep_score": "HNRNPH2:9.33, ", "id": "chr14:g.61933225G>A", "size": 10}, {"style": "filled", "gen_chrom": "chr14", "all_ref": "C", "name": "chr14:g.61969566C>T", "color": "orange", "all_alt": "T", "mid": -194772.0, "gen_start": 61969566, "rsid": "rs149594009", "gen_end": 61969566, "cadd_score": 2.139107, "y": "0.25281", "x": "0.0492", "z": "0.5833", "id": "chr14:g.61969566C>T", "size": 10}, {"style": "filled", "gen_chrom": "chr14", "all_ref": "T", "name": "chr14:g.61788870T>G", "color": "orange", "all_alt": "G", "mid": -375468.0, "gen_start": 61788870, "gen_end": 61788870, "cadd_score": -0.230161, "y": "0.66133", "x": "0.51117", "z": "0.0", "id": "chr14:g.61788870T>G", "size": 10}, {"style": "filled", "gen_chrom": "chr14", "all_ref": "T", "name": "chr14:g.61788870T>C", "color": "orange", "all_alt": "C", "mid": -375468.0, "gen_start": 61788870, "gen_end": 61788870, "cadd_score": -0.648418, "y": "0.8936", "x": "0.50469", "z": "0.14937", "id": "chr14:g.61788870T>C", "size": 10}, {"style": "filled", "gen_chrom": "chr14", "all_ref": "T", "name": "chr14:g.61969253T>C", "color": "orange", "all_alt": "C", "mid": -195085.0, "gen_start": 61969253, "rsid": "rs140715717", "gen_end": 61969253, "cadd_score": 0.452219, "y": "0.21998", "x": "0.15149", "z": "0.74803", "id": "chr14:g.61969253T>C", "size": 10}, {"style": "filled", "gen_chrom": "chr14", "all_ref": "T", "name": "chr14:g.62162428T>G", "color": "orange", "all_alt": "G", "mid": -1910.0, "gen_start": 62162428, "gen_end": 62162428, "cadd_score": -0.281074, "y": "0.5007", "x": "0.97886", "z": "0.64535", "id": "chr14:g.62162428T>G", "size": 10}, {"style": "filled", "gen_chrom": "chr14", "all_ref": "C", "name": "chr14:g.61937163C>T", "color": "orange", "all_alt": "T", "mid": -227175.0, "gen_start": 61937163, "rsid": "rs3783788", "gen_end": 61937163, "cadd_score": 0.505145, "y": "0.94733", "x": "0.21274", "z": "0.43314", "deep_score": "MAX:3.24, ", "id": "chr14:g.61937163C>T", "size": 10}, {"style": "filled", "gen_chrom": "chr14", "all_ref": "G", "name": "chr14:g.62076793G>C", "color": "orange", "all_alt": "C", "mid": -87545.0, "gen_start": 62076793, "rsid": "rs139493725", "gen_end": 62076793, "cadd_score": 1.124997, "y": "0.09854", "x": "0.5378", "z": "0.19214", "deep_score": "PAX2:7.82, ", "id": "chr14:g.62076793G>C", "size": 10}, {"style": "filled", "name": "chr14:61927771-61930271", "color": "grey", "mid": -235317.0, "tfbs": "CTCF,CTCF_(C-20),CTCF_(SC-5916),Egr-1,GATA-2,GTF2F1_(RAP-74),Rad21,SMC3_(ab9263),STAT3,USF2,YY1_(C-20),c-Fos,p300", "y": "0.48392", "x": "0.40321", "z": "0.50674", "id": "chr14:61927771-61930271", "size": 20}, {"style": "filled", "gen_chrom": "chr14", "all_ref": "G", "name": "chr14:g.61933357G>T", "color": "orange", "all_alt": "T", "mid": -230981.0, "gen_start": 61933357, "rsid": "rs34582366", "gen_end": 61933357, "cadd_score": 0.042408, "gtex_eqtl_pval": 0.999608, "y": "0.28984", "x": "0.76464", "z": "0.10456", "id": "chr14:g.61933357G>T", "size": 10}, {"style": "filled", "gen_chrom": "chr14", "all_ref": "A", "name": "chr14:g.62162261A>G", "color": "orange", "all_alt": "G", "mid": -2077.0, "gen_start": 62162261, "rsid": "rs187003109", "gen_end": 62162261, "cadd_score": 0.272335, "y": "0.80157", "x": "0.90113", "z": "0.59134", "id": "chr14:g.62162261A>G", "size": 10}, {"style": "filled", "gen_chrom": "chr14", "all_ref": "A", "name": "chr14:g.62229185A>T", "color": "orange", "all_alt": "T", "mid": 64847.0, "gen_start": 62229185, "gen_end": 62229185, "cadd_score": -0.239797, "y": "0.22987", "x": "0.75039", "z": "0.83827", "id": "chr14:g.62229185A>T", "size": 10}, {"style": "filled", "gen_chrom": "chr14", "all_ref": "T", "name": "chr14:g.62076435T>C", "color": "orange", "all_alt": "C", "grasp_pmid": "20081858", "mid": -87903.0, "gen_start": 62076435, "id": "chr14:g.62076435T>C", "rsid": "rs1001703", "gen_end": 62076435, "cadd_score": 0.057309, "grasp_pheno": "Glucose_homeostasis_traits_(fasting_glucose,__fasting_insulin,__HOMA-B,__HOMA-IR),_,_", "y": "0.08663", "x": "0.61514", "z": "0.22231", "deep_score": "GATA3:8.16, ", "gtex_eqtl_pval": 0.98627, "size": 10}, {"style": "filled", "name": "chr14:61936318-61938004", "color": "grey", "mid": -227177.0, "tfbs": "CEBPB,CTCF,JunD,Rad21,SMC3_(ab9263),STAT3,p300,p300_(N-15)", "y": "0.55219", "x": "0.37452", "z": "0.45849", "id": "chr14:61936318-61938004", "size": 20}, {"style": "filled", "gen_chrom": "chr14", "all_ref": "G", "name": "chr14:g.62217767G>T", "color": "orange", "all_alt": "T", "mid": 53429.0, "gen_start": 62217767, "gen_end": 62217767, "cadd_score": -0.078406, "y": "0.55571", "x": "0.39508", "z": "0.98874", "deep_score": "RBFOX1:10.03, ", "id": "chr14:g.62217767G>T", "size": 10}, {"style": "filled", "gen_chrom": "chr14", "all_ref": "C", "name": "chr14:g.62145886C>T", "color": "orange", "all_alt": "T", "mid": -18452.0, "gen_start": 62145886, "rsid": "rs149853954", "gen_end": 62145886, "cadd_score": 0.496658, "y": "0.30719", "x": "0.37082", "z": "0.02035", "id": "chr14:g.62145886C>T", "size": 10}, {"style": "filled", "gen_chrom": "chr14", "all_ref": "A", "name": "chr14:g.61788832A>T", "color": "orange", "all_alt": "T", "mid": -375506.0, "gen_start": 61788832, "gen_end": 61788832, "cadd_score": -0.174404, "y": "0.80501", "x": "0.64366", "z": "0.08853", "id": "chr14:g.61788832A>T", "size": 10}, {"style": "filled", "gen_chrom": "chr14", "all_ref": "G", "name": "chr14:g.62035146G>T", "color": "orange", "all_alt": "T", "mid": -129192.0, "gen_start": 62035146, "rsid": "rs56260814", "gen_end": 62035146, "cadd_score": 0.17445, "y": "0.41696", "x": "0.10452", "z": "0.14809", "deep_score": "TFCP2:4.85, ", "id": "chr14:g.62035146G>T", "size": 10}, {"style": "filled", "gen_chrom": "chr14", "all_ref": "G", "name": "chr14:g.62217767G>A", "color": "orange", "all_alt": "A", "mid": 53429.0, "gen_start": 62217767, "gen_end": 62217767, "cadd_score": 0.026933, "y": "0.70713", "x": "0.42501", "z": "0.95799", "deep_score": "RBFOX1:8.83, ", "id": "chr14:g.62217767G>A", "size": 10}, {"style": "filled", "name": "chr14:61968831-61969730", "color": "grey", "mid": -195057.5, "dist2anchor": 25928, "y": "0.3103", "x": "0.0971", "z": "0.64711", "id": "chr14:61968831-61969730", "size": 20}, {"style": "filled", "gene": true, "name": "HIF1A,HIF1A-AS2: chr14:62216268-62218668", "color": "blue", "mid": 51469, "fpkm": 72.68771, "tfbs": "BCL3,CCNT2,CEBPB,EBF,EBF1_(C-8),ELF1_(SC-631),Egr-1,FOXA1_(C-20),GATA-1,HA-E2F1,HEY1,HMGN3,IRF1,IRF4_(M-17),Max,NFKB,PAX5-C20,PU.1,Pol2,Pol2(phosphoS2),Pol2-4H8,TAF1,TBP,TCF4,WHIP,c-Myc,p300", "y": "0.52402", "x": "0.3982", "z": "0.69106", "id": "chr14:62216268-62218668", "size": 50}, {"style": "filled", "gen_chrom": "chr14", "all_ref": "T", "name": "chr14:g.62161972T>C", "color": "orange", "all_alt": "C", "mid": -2366.0, "gen_start": 62161972, "rsid": "rs41362550", "gen_end": 62161972, "cadd_score": -0.013305, "gtex_eqtl_pval": 0.995224, "y": "0.6237", "x": "0.94584", "z": "0.70831", "deep_score": "BHLHB3:7.36, USF1:3.96, ", "id": "chr14:g.62161972T>C", "size": 10}, {"style": "filled", "gen_chrom": "chr14", "all_ref": "C", "name": "chr14:g.62145541C>A", "color": "orange", "all_alt": "A", "mid": -18797.0, "gen_start": 62145541, "rsid": "rs111284414", "gen_end": 62145541, "cadd_score": 0.135611, "gtex_eqtl_pval": 0.763002, "y": "0.72768", "x": "0.20633", "z": "0.85473", "id": "chr14:g.62145541C>A", "size": 10}, {"style": "filled", "gen_chrom": "chr14", "all_ref": "C", "name": "chr14:g.62076732C>T", "color": "orange", "all_alt": "T", "mid": -87606.0, "gen_start": 62076732, "rsid": "rs115387918", "gen_end": 62076732, "cadd_score": 0.51394, "y": "0.00723", "x": "0.44232", "z": "0.37388", "id": "chr14:g.62076732C>T", "size": 10}, {"style": "filled", "gen_chrom": "chr14", "all_ref": "C", "name": "chr14:g.62228534C>A", "color": "orange", "all_alt": "A", "mid": 64196.0, "gen_start": 62228534, "rsid": "rs185756446", "gen_end": 62228534, "cadd_score": -0.310558, "y": "0.29849", "x": "0.76243", "z": "0.8568", "id": "chr14:g.62228534C>A", "size": 10}, {"style": "filled", "gen_chrom": "chr14", "all_ref": "C", "name": "chr14:g.62304485C>T", "color": "orange", "all_alt": "T", "mid": 140147.0, "gen_start": 62304485, "rsid": "rs189222863", "gen_end": 62304485, "cadd_score": 0.779723, "y": "0.05544", "x": "0.28086", "z": "0.62358", "id": "chr14:g.62304485C>T", "size": 10}, {"style": "filled", "gen_chrom": "chr14", "all_ref": "T", "name": "chr14:g.62229190T>C", "color": "orange", "all_alt": "C", "mid": 64852.0, "gen_start": 62229190, "gen_end": 62229190, "cadd_score": -0.204034, "y": "0.08726", "x": "0.57858", "z": "0.76774", "id": "chr14:g.62229190T>C", "size": 10}, {"style": "filled", "gen_chrom": "chr14", "all_ref": "A", "name": "chr14:g.62035827A>G", "color": "orange", "all_alt": "G", "mid": -128511.0, "gen_start": 62035827, "rsid": "rs186760694", "gen_end": 62035827, "cadd_score": 0.428706, "y": "0.50759", "x": "0.16161", "z": "0.07938", "id": "chr14:g.62035827A>G", "size": 10}, {"style": "filled", "gen_chrom": "chr14", "all_ref": "G", "name": "chr14:g.62035525G>C", "color": "orange", "all_alt": "C", "mid": -128813.0, "gen_start": 62035525, "rsid": "rs182615378", "gen_end": 62035525, "cadd_score": 0.270195, "y": "0.48676", "x": "0.09002", "z": "0.15166", "id": "chr14:g.62035525G>C", "size": 10}, {"style": "filled", "gen_chrom": "chr14", "all_ref": "C", "name": "chr14:g.62035783C>T", "color": "orange", "all_alt": "T", "mid": -128555.0, "gen_start": 62035783, "rsid": "rs79408347", "gen_end": 62035783, "cadd_score": 0.343508, "y": "0.63534", "x": "0.14928", "z": "0.11081", "id": "chr14:g.62035783C>T", "size": 10}, {"style": "filled", "gene": true, "name": "PRKCH,BC050301: chr14:61787574-61789493", "color": "blue", "mid": -374802, "fpkm": 78.37254, "tfbs": "CTCF,CTCF_(C-20),E2F6_(H-50),ELF1_(SC-631),Egr-1,FOXA1_(C-20),HA-E2F1,Max,Pol2,Rad21,STAT3,TCF12,TCF4,ZBTB7A_(SC-34508),ZEB1_(SC-25388),c-Myc,p300", "y": "0.57769", "x": "0.49222", "z": "0.22209", "id": "chr14:61787574-61789493", "size": 25}, {"style": "filled", "name": "chr14:62145739-62146077", "color": "grey", "mid": -18430.0, "dist2anchor": 14603, "y": "0.3153", "x": "0.37868", "z": "0.17937", "id": "chr14:62145739-62146077", "size": 20}, {"style": "filled", "gen_chrom": "chr14", "all_ref": "C", "name": "chr14:g.62217744C>G", "color": "orange", "all_alt": "G", "mid": 53406.0, "gen_start": 62217744, "gen_end": 62217744, "cadd_score": -0.015058, "y": "0.71705", "x": "0.64884", "z": "0.92624", "id": "chr14:g.62217744C>G", "size": 10}, {"style": "filled", "gen_chrom": "chr14", "all_ref": "G", "name": "chr14:g.62162642G>C", "color": "orange", "all_alt": "C", "mid": -1696.0, "gen_start": 62162642, "rsid": "rs182448149", "gen_end": 62162642, "cadd_score": -0.028011, "y": "0.6961", "x": "0.97294", "z": "0.49237", "deep_score": "PHOX2B:5.29, PHOX2A:4.88, CART1:3.38, ", "id": "chr14:g.62162642G>C", "size": 10}, {"style": "filled", "gen_chrom": "chr14", "all_ref": "T", "name": "chr14:g.62076643T>C", "color": "orange", "all_alt": "C", "mid": -87695.0, "gen_start": 62076643, "rsid": "rs147425769", "gen_end": 62076643, "cadd_score": 1.363594, "y": "0.0297", "x": "0.56166", "z": "0.28954", "id": "chr14:g.62076643T>C", "size": 10}, {"style": "filled", "gen_chrom": "chr14", "all_ref": "C", "name": "chr14:g.61969589C>G", "color": "orange", "all_alt": "G", "mid": -194749.0, "gen_start": 61969589, "rsid": "rs186380871", "gen_end": 61969589, "cadd_score": 0.437716, "y": "0.21957", "x": "0.06822", "z": "0.51376", "id": "chr14:g.61969589C>G", "size": 10}, {"style": "filled", "gen_chrom": "chr14", "all_ref": "C", "name": "chr14:g.61969394C>T", "color": "orange", "all_alt": "T", "mid": -194944.0, "gen_start": 61969394, "rsid": "rs138183445", "gen_end": 61969394, "cadd_score": 0.621328, "y": "0.36389", "x": "0.05892", "z": "0.73107", "id": "chr14:g.61969394C>T", "size": 10}, {"style": "filled", "gen_chrom": "chr14", "all_ref": "G", "name": "chr14:g.61788830G>C", "color": "orange", "all_alt": "C", "mid": -375508.0, "gen_start": 61788830, "gen_end": 61788830, "cadd_score": -0.729177, "y": "0.82697", "x": "0.43855", "z": "0.09497", "id": "chr14:g.61788830G>C", "size": 10}, {"style": "filled", "gen_chrom": "chr14", "all_ref": "G", "name": "chr14:g.62035688G>C", "color": "orange", "all_alt": "C", "mid": -128650.0, "gen_start": 62035688, "rsid": "rs143698643", "gen_end": 62035688, "cadd_score": 2.023163, "y": "0.64269", "x": "0.21306", "z": "0.06602", "deep_score": "TFAP4:5.72, ", "id": "chr14:g.62035688G>C", "size": 10}, {"style": "filled", "name": "chr14:62196817-62198387", "color": "grey", "mid": 33264.0, "tfbs": "CTCF,CTCF_(C-20),Rad21,SMC3_(ab9263)", "y": "0.53436", "x": "0.39288", "z": "0.519", "id": "chr14:62196817-62198387", "size": 20}, {"style": "filled", "gen_chrom": "chr14", "all_ref": "C", "name": "chr14:g.62145370C>G", "color": "orange", "all_alt": "G", "mid": -18968.0, "gen_start": 62145370, "rsid": "rs76680960", "gen_end": 62145370, "cadd_score": -0.107143, "gtex_eqtl_pval": 0.856028, "y": "0.77363", "x": "0.15915", "z": "0.77844", "id": "chr14:g.62145370C>G", "size": 10}, {"style": "filled", "gen_chrom": "chr14", "all_ref": "C", "name": "chr14:g.61933477C>T", "color": "orange", "all_alt": "T", "grasp_pmid": "20081858,20081858,20383146,", "mid": -230861.0, "gen_start": 61933477, "id": "chr14:g.61933477C>T", "rsid": "rs912616", "gen_end": 61933477, "cadd_score": 0.293285, "grasp_pheno": "Glucose_homeostasis_traits_(fasting_glucose,_,_fasting_insulin,_,_HOMA-B,_,_HOMA-IR),_,_Glucose_homeostasis_traits_(fasting_glucose,_,_fasting_insulin,_,_HOMA-B,_,_HOMA-IR),_,_Chronic_kidney_disease_(CKD)_and_renal_traits,", "y": "0.43793", "x": "0.96087", "z": "0.26513", "gtex_eqtl_pval": 0.701662, "size": 10}, {"style": "filled", "name": "chr14:61932954-61933556", "color": "grey", "mid": -231083.0, "dist2anchor": 0, "y": "0.35764", "x": "0.83484", "z": "0.22028", "id": "chr14:61932954-61933556", "size": 20}, {"style": "filled", "gen_chrom": "chr14", "all_ref": "G", "name": "chr14:g.61788885G>C", "color": "orange", "all_alt": "C", "mid": -375453.0, "gen_start": 61788885, "gen_end": 61788885, "cadd_score": -0.539099, "y": "0.64893", "x": "0.63741", "z": "0.02234", "id": "chr14:g.61788885G>C", "size": 10}, {"style": "filled", "name": "chr14:61936891-61937489", "color": "grey", "mid": -227148.0, "dist2anchor": 0, "y": "0.85359", "x": "0.19012", "z": "0.47309", "id": "chr14:61936891-61937489", "size": 20}], "links": [{"source": 0, "target": 33, "label": ""}, {"source": 1, "target": 66, "label": ""}, {"source": 2, "target": 158, "label": ""}, {"source": 3, "target": 33, "label": ""}, {"source": 4, "target": 158, "label": ""}, {"source": 5, "target": 66, "label": ""}, {"source": 6, "target": 110, "label": ""}, {"source": 6, "target": 23, "label": ""}, {"source": 6, "target": 11, "label": ""}, {"source": 6, "target": 139, "label": ""}, {"source": 7, "target": 46, "label": ""}, {"source": 8, "target": 158, "label": ""}, {"source": 9, "target": 106, "label": ""}, {"source": 10, "target": 145, "label": ""}, {"source": 12, "target": 106, "label": ""}, {"source": 13, "target": 101, "label": ""}, {"source": 14, "target": 158, "label": ""}, {"source": 15, "target": 106, "label": ""}, {"source": 16, "target": 106, "label": ""}, {"source": 17, "target": 145, "label": ""}, {"source": 18, "target": 156, "label": ""}, {"source": 19, "target": 101, "label": ""}, {"source": 20, "target": 53, "label": ""}, {"source": 21, "target": 133, "label": ""}, {"source": 22, "target": 33, "label": ""}, {"source": 23, "capacity": 1, "target": 98, "weight": 3, "label": 1}, {"source": 23, "capacity": 1, "target": 122, "weight": 18, "label": 1}, {"source": 23, "capacity": 1, "target": 127, "weight": 3, "label": 1}, {"source": 23, "capacity": 1, "target": 51, "weight": 6, "label": 1}, {"source": 23, "capacity": 1, "target": 72, "weight": 2, "label": 1}, {"source": 23, "capacity": 1, "target": 30, "weight": 2, "label": 1}, {"source": 24, "target": 33, "label": ""}, {"source": 25, "target": 101, "label": ""}, {"source": 26, "target": 33, "label": ""}, {"source": 27, "target": 158, "label": ""}, {"source": 28, "target": 33, "label": ""}, {"source": 29, "target": 101, "label": ""}, {"source": 30, "capacity": 1, "target": 51, "weight": 3, "label": 1}, {"source": 30, "target": 156, "label": ""}, {"source": 30, "capacity": 1, "target": 127, "weight": 2, "label": 1}, {"source": 31, "target": 156, "label": ""}, {"source": 32, "target": 76, "label": ""}, {"source": 32, "target": 100, "label": ""}, {"source": 32, "target": 77, "label": ""}, {"source": 32, "target": 126, "label": ""}, {"source": 32, "target": 121, "label": ""}, {"source": 32, "target": 36, "label": ""}, {"source": 32, "target": 148, "label": ""}, {"source": 32, "target": 48, "label": ""}, {"source": 32, "target": 65, "label": ""}, {"source": 32, "target": 137, "label": ""}, {"source": 33, "target": 74, "label": ""}, {"source": 33, "target": 128, "label": ""}, {"source": 33, "target": 132, "label": ""}, {"source": 33, "target": 89, "label": ""}, {"source": 33, "target": 78, "label": ""}, {"source": 33, "target": 79, "label": ""}, {"source": 33, "target": 134, "label": ""}, {"source": 33, "target": 73, "label": ""}, {"source": 33, "target": 146, "label": ""}, {"source": 34, "target": 46, "label": ""}, {"source": 35, "target": 133, "label": ""}, {"source": 36, "capacity": 1, "target": 62, "weight": 6, "label": 1}, {"source": 37, "target": 101, "label": ""}, {"source": 38, "target": 99, "label": ""}, {"source": 39, "target": 66, "label": ""}, {"source": 40, "capacity": 1, "target": 42, "weight": 2, "label": 1}, {"source": 41, "target": 99, "label": ""}, {"source": 42, "target": 46, "label": ""}, {"source": 42, "capacity": 1, "target": 62, "weight": 2, "label": 1}, {"source": 42, "capacity": 1, "target": 122, "weight": 2, "label": 1}, {"source": 42, "target": 53, "label": ""}, {"source": 43, "target": 46, "label": ""}, {"source": 44, "target": 156, "label": ""}, {"source": 45, "target": 106, "label": ""}, {"source": 46, "target": 141, "label": ""}, {"source": 46, "target": 142, "label": ""}, {"source": 46, "target": 143, "label": ""}, {"source": 46, "target": 103, "label": ""}, {"source": 46, "target": 131, "label": ""}, {"source": 46, "target": 152, "label": ""}, {"source": 46, "target": 83, "label": ""}, {"source": 47, "target": 158, "label": ""}, {"source": 49, "capacity": 1, "target": 51, "weight": 2, "label": 1}, {"source": 50, "target": 106, "label": ""}, {"source": 51, "capacity": 1, "target": 144, "weight": 2, "label": 1}, {"source": 51, "capacity": 1, "target": 122, "weight": 2, "label": 1}, {"source": 52, "target": 66, "label": ""}, {"source": 53, "target": 70, "label": ""}, {"source": 54, "target": 106, "label": ""}, {"source": 55, "target": 106, "label": ""}, {"source": 56, "target": 66, "label": ""}, {"source": 57, "target": 133, "label": ""}, {"source": 58, "target": 133, "label": ""}, {"source": 59, "target": 158, "label": ""}, {"source": 60, "target": 156, "label": ""}, {"source": 61, "capacity": 1, "target": 62, "weight": 2, "label": 1}, {"source": 62, "capacity": 1, "target": 122, "weight": 5, "label": 1}, {"source": 62, "target": 99, "label": ""}, {"source": 62, "capacity": 1, "target": 153, "weight": 2, "label": 1}, {"source": 62, "target": 106, "label": ""}, {"source": 62, "capacity": 1, "target": 72, "weight": 2, "label": 1}, {"source": 62, "target": 145, "label": ""}, {"source": 63, "target": 106, "label": ""}, {"source": 64, "target": 101, "label": ""}, {"source": 66, "target": 151, "label": ""}, {"source": 66, "target": 117, "label": ""}, {"source": 66, "target": 157, "label": ""}, {"source": 66, "target": 144, "label": ""}, {"source": 66, "target": 116, "label": ""}, {"source": 66, "target": 92, "label": ""}, {"source": 66, "target": 81, "label": ""}, {"source": 66, "target": 108, "label": ""}, {"source": 66, "target": 130, "label": ""}, {"source": 66, "target": 95, "label": ""}, {"source": 67, "target": 133, "label": ""}, {"source": 68, "target": 99, "label": ""}, {"source": 69, "target": 156, "label": ""}, {"source": 71, "target": 158, "label": ""}, {"source": 72, "capacity": 1, "target": 122, "weight": 3, "label": 1}, {"source": 72, "target": 133, "label": ""}, {"source": 72, "capacity": 1, "target": 134, "weight": 3, "label": 1}, {"source": 75, "target": 133, "label": ""}, {"source": 80, "target": 156, "label": ""}, {"source": 82, "target": 158, "label": ""}, {"source": 84, "target": 133, "label": ""}, {"source": 85, "capacity": 1, "target": 98, "weight": 2, "label": 1}, {"source": 86, "target": 156, "label": ""}, {"source": 87, "target": 158, "label": ""}, {"source": 88, "target": 101, "label": ""}, {"source": 90, "target": 101, "label": ""}, {"source": 91, "target": 156, "label": ""}, {"source": 93, "target": 101, "label": ""}, {"source": 94, "target": 145, "label": ""}, {"source": 96, "target": 106, "label": ""}, {"source": 97, "target": 101, "label": ""}, {"source": 98, "target": 101, "label": ""}, {"source": 99, "target": 154, "label": ""}, {"source": 99, "target": 136, "label": ""}, {"source": 101, "target": 125, "label": ""}, {"source": 101, "target": 140, "label": ""}, {"source": 101, "target": 138, "label": ""}, {"source": 101, "target": 113, "label": ""}, {"source": 102, "target": 158, "label": ""}, {"source": 104, "target": 156, "label": ""}, {"source": 105, "target": 158, "label": ""}, {"source": 106, "target": 119, "label": ""}, {"source": 106, "target": 147, "label": ""}, {"source": 106, "target": 135, "label": ""}, {"source": 106, "target": 124, "label": ""}, {"source": 107, "target": 158, "label": ""}, {"source": 109, "target": 156, "label": ""}, {"source": 111, "target": 133, "label": ""}, {"source": 112, "target": 156, "label": ""}, {"source": 114, "target": 156, "label": ""}, {"source": 115, "target": 133, "label": ""}, {"source": 118, "target": 133, "label": ""}, {"source": 120, "target": 158, "label": ""}, {"source": 122, "capacity": 1, "target": 127, "weight": 2, "label": 1}, {"source": 122, "capacity": 1, "target": 153, "weight": 7, "label": 1}, {"source": 122, "capacity": 1, "target": 134, "weight": 2, "label": 1}, {"source": 123, "target": 156, "label": ""}, {"source": 127, "target": 158, "label": ""}, {"source": 127, "capacity": 1, "target": 153, "weight": 2, "label": 1}, {"source": 129, "target": 145, "label": ""}, {"source": 133, "target": 150, "label": ""}, {"source": 133, "target": 149, "label": ""}, {"source": 155, "target": 156, "label": ""}], "multigraph": false}